{
  "fio version" : "fio-3.8",
  "timestamp" : 1541323111,
  "timestamp_ms" : 1541323111386,
  "time" : "Sun Nov  4 01:18:31 2018",
  "jobs" : [
    {
      "jobname" : "wipc",
      "groupid" : 0,
      "error" : 0,
      "eta" : 0,
      "elapsed" : 1441,
      "job options" : {
        "ioengine" : "libaio",
        "group_reporting" : "1",
        "direct" : "1",
        "rw" : "write",
        "bssplit" : "128KB",
        "numjobs" : "2",
        "iodepth" : "16",
        "size" : "75%",
        "io_size" : "128035676160B",
        "filename" : "/dev/sdb"
      },
      "read" : {
        "io_bytes" : 0,
        "io_kbytes" : 0,
        "bw_bytes" : 0,
        "bw" : 0,
        "iops" : 0.000000,
        "runtime" : 0,
        "total_ios" : 0,
        "short_ios" : 0,
        "drop_ios" : 0,
        "slat_ns" : {
          "min" : 0,
          "max" : 0,
          "mean" : 0.000000,
          "stddev" : 0.000000
        },
        "clat_ns" : {
          "min" : 0,
          "max" : 0,
          "mean" : 0.000000,
          "stddev" : 0.000000,
          "percentile" : {
            "1.000000" : 0,
            "5.000000" : 0,
            "10.000000" : 0,
            "20.000000" : 0,
            "30.000000" : 0,
            "40.000000" : 0,
            "50.000000" : 0,
            "60.000000" : 0,
            "70.000000" : 0,
            "80.000000" : 0,
            "90.000000" : 0,
            "95.000000" : 0,
            "99.000000" : 0,
            "99.500000" : 0,
            "99.900000" : 0,
            "99.950000" : 0,
            "99.990000" : 0
          },
          "bins" : {

          }
        },
        "lat_ns" : {
          "min" : 0,
          "max" : 0,
          "mean" : 0.000000,
          "stddev" : 0.000000
        },
        "bw_min" : 0,
        "bw_max" : 0,
        "bw_agg" : 0.000000,
        "bw_mean" : 0.000000,
        "bw_dev" : 0.000000,
        "bw_samples" : 0,
        "iops_min" : 0,
        "iops_max" : 0,
        "iops_mean" : 0.000000,
        "iops_stddev" : 0.000000,
        "iops_samples" : 0
      },
      "write" : {
        "io_bytes" : 256071434240,
        "io_kbytes" : 250069760,
        "bw_bytes" : 177789357,
        "bw" : 173622,
        "iops" : 1356.425154,
        "runtime" : 1440308,
        "total_ios" : 1953670,
        "short_ios" : 0,
        "drop_ios" : 0,
        "slat_ns" : {
          "min" : 5366,
          "max" : 496591,
          "mean" : 11762.897663,
          "stddev" : 3842.360899
        },
        "clat_ns" : {
          "min" : 926022,
          "max" : 123302427,
          "mean" : 23571725.137478,
          "stddev" : 16106649.371602,
          "percentile" : {
            "1.000000" : 12779520,
            "5.000000" : 12910592,
            "10.000000" : 13041664,
            "20.000000" : 13172736,
            "30.000000" : 13303808,
            "40.000000" : 13565952,
            "50.000000" : 13697024,
            "60.000000" : 14090240,
            "70.000000" : 32636928,
            "80.000000" : 36962304,
            "90.000000" : 54788096,
            "95.000000" : 57409536,
            "99.000000" : 63700992,
            "99.500000" : 65273856,
            "99.900000" : 80216064,
            "99.950000" : 88604672,
            "99.990000" : 103284736
          },
          "bins" : {
            "929792" : 1,
            "1417216" : 1,
            "1449984" : 1,
            "2211840" : 1,
            "2572288" : 1,
            "2965504" : 1,
            "3391488" : 1,
            "3686400" : 1,
            "4145152" : 1,
            "4554752" : 1,
            "4882432" : 1,
            "5341184" : 1,
            "5734400" : 1,
            "6127616" : 1,
            "6520832" : 1,
            "6914048" : 1,
            "7241728" : 1,
            "7634944" : 1,
            "8028160" : 1,
            "8454144" : 1,
            "8847360" : 1,
            "9109504" : 1,
            "10027008" : 1,
            "10420224" : 1,
            "10813440" : 1,
            "10944512" : 1,
            "11075584" : 2,
            "11206656" : 26,
            "11337728" : 68,
            "11468800" : 159,
            "11599872" : 132,
            "11730944" : 196,
            "11862016" : 266,
            "11993088" : 262,
            "12124160" : 461,
            "12255232" : 744,
            "12386304" : 1216,
            "12517376" : 3307,
            "12648448" : 10881,
            "12779520" : 30241,
            "12910592" : 77535,
            "13041664" : 135888,
            "13172736" : 171775,
            "13303808" : 184654,
            "13434880" : 160837,
            "13565952" : 125913,
            "13697024" : 104460,
            "13828096" : 82306,
            "13959168" : 54512,
            "14090240" : 36699,
            "14221312" : 27195,
            "14352384" : 22269,
            "14483456" : 18155,
            "14614528" : 13127,
            "14745600" : 11293,
            "14876672" : 10450,
            "15007744" : 8888,
            "15138816" : 8303,
            "15269888" : 6665,
            "15400960" : 5547,
            "15532032" : 4683,
            "15663104" : 3986,
            "15794176" : 3050,
            "15925248" : 2433,
            "16056320" : 1825,
            "16187392" : 1456,
            "16318464" : 1016,
            "16449536" : 862,
            "16580608" : 765,
            "16711680" : 567,
            "16908288" : 601,
            "17170432" : 355,
            "17432576" : 148,
            "17694720" : 111,
            "17956864" : 72,
            "18219008" : 28,
            "18481152" : 35,
            "18743296" : 48,
            "19005440" : 69,
            "19267584" : 85,
            "19529728" : 83,
            "19791872" : 75,
            "20054016" : 79,
            "20316160" : 48,
            "20578304" : 49,
            "20840448" : 39,
            "21102592" : 67,
            "21364736" : 22,
            "21626880" : 17,
            "21889024" : 2,
            "22151168" : 7,
            "22413312" : 2,
            "22675456" : 4,
            "22937600" : 3,
            "23199744" : 3,
            "23461888" : 3,
            "23724032" : 9,
            "23986176" : 21,
            "24248320" : 6,
            "24510464" : 3,
            "24772608" : 2,
            "25034752" : 6,
            "25296896" : 24,
            "25559040" : 41,
            "25821184" : 163,
            "26083328" : 490,
            "26345472" : 2131,
            "26607616" : 4656,
            "26869760" : 4424,
            "27131904" : 2513,
            "27394048" : 1342,
            "27656192" : 1030,
            "27918336" : 748,
            "28180480" : 507,
            "28442624" : 340,
            "28704768" : 256,
            "28966912" : 204,
            "29229056" : 191,
            "29491200" : 213,
            "29753344" : 245,
            "30015488" : 307,
            "30277632" : 357,
            "30539776" : 404,
            "30801920" : 434,
            "31064064" : 543,
            "31326208" : 672,
            "31588352" : 934,
            "31850496" : 1216,
            "32112640" : 1489,
            "32374784" : 2021,
            "32636928" : 2645,
            "32899072" : 3573,
            "33161216" : 4768,
            "33423360" : 6051,
            "33816576" : 16617,
            "34340864" : 23211,
            "34865152" : 29205,
            "35389440" : 34111,
            "35913728" : 36432,
            "36438016" : 32634,
            "36962304" : 27812,
            "37486592" : 23797,
            "38010880" : 17485,
            "38535168" : 11409,
            "39059456" : 8590,
            "39583744" : 7658,
            "40108032" : 6728,
            "40632320" : 6193,
            "41156608" : 5503,
            "41680896" : 5186,
            "42205184" : 4344,
            "42729472" : 3300,
            "43253760" : 2305,
            "43778048" : 1400,
            "44302336" : 861,
            "44826624" : 514,