{
  "fio version" : "fio-3.8",
  "timestamp" : 1545086193,
  "timestamp_ms" : 1545086193972,
  "time" : "Mon Dec 17 14:36:33 2018",
  "jobs" : [
    {
      "jobname" : "wipc",
      "groupid" : 0,
      "error" : 0,
      "eta" : 0,
      "elapsed" : 1448,
      "job options" : {
        "ioengine" : "libaio",
        "group_reporting" : "1",
        "direct" : "1",
        "rw" : "write",
        "bssplit" : "128KB",
        "numjobs" : "2",
        "iodepth" : "16",
        "size" : "75%",
        "io_size" : "128035676160B",
        "filename" : "/dev/sdb"
      },
      "read" : {
        "io_bytes" : 0,
        "io_kbytes" : 0,
        "bw_bytes" : 0,
        "bw" : 0,
        "iops" : 0.000000,
        "runtime" : 0,
        "total_ios" : 0,
        "short_ios" : 0,
        "drop_ios" : 0,
        "slat_ns" : {
          "min" : 0,
          "max" : 0,
          "mean" : 0.000000,
          "stddev" : 0.000000
        },
        "clat_ns" : {
          "min" : 0,
          "max" : 0,
          "mean" : 0.000000,
          "stddev" : 0.000000,
          "percentile" : {
            "1.000000" : 0,
            "5.000000" : 0,
            "10.000000" : 0,
            "20.000000" : 0,
            "30.000000" : 0,
            "40.000000" : 0,
            "50.000000" : 0,
            "60.000000" : 0,
            "70.000000" : 0,
            "80.000000" : 0,
            "90.000000" : 0,
            "95.000000" : 0,
            "99.000000" : 0,
            "99.500000" : 0,
            "99.900000" : 0,
            "99.950000" : 0,
            "99.990000" : 0
          },
          "bins" : {

          }
        },
        "lat_ns" : {
          "min" : 0,
          "max" : 0,
          "mean" : 0.000000,
          "stddev" : 0.000000
        },
        "bw_min" : 0,
        "bw_max" : 0,
        "bw_agg" : 0.000000,
        "bw_mean" : 0.000000,
        "bw_dev" : 0.000000,
        "bw_samples" : 0,
        "iops_min" : 0,
        "iops_max" : 0,
        "iops_mean" : 0.000000,
        "iops_stddev" : 0.000000,
        "iops_samples" : 0
      },
      "write" : {
        "io_bytes" : 256071434240,
        "io_kbytes" : 250069760,
        "bw_bytes" : 176894634,
        "bw" : 172748,
        "iops" : 1349.598955,
        "runtime" : 1447593,
        "total_ios" : 1953670,
        "short_ios" : 0,
        "drop_ios" : 0,
        "slat_ns" : {
          "min" : 5455,
          "max" : 320471,
          "mean" : 13863.460150,
          "stddev" : 3889.831935
        },
        "clat_ns" : {
          "min" : 913887,
          "max" : 119894347,
          "mean" : 23692950.333802,
          "stddev" : 15848323.615438,
          "percentile" : {
            "1.000000" : 13434880,
            "5.000000" : 13697024,
            "10.000000" : 13828096,
            "20.000000" : 14090240,
            "30.000000" : 14352384,
            "40.000000" : 14483456,
            "50.000000" : 14876672,
            "60.000000" : 15400960,
            "70.000000" : 16187392,
            "80.000000" : 37486592,
            "90.000000" : 56360960,
            "95.000000" : 58982400,
            "99.000000" : 64749568,
            "99.500000" : 66846720,
            "99.900000" : 76021760,
            "99.950000" : 84410368,
            "99.990000" : 99090432
          },
          "bins" : {
            "913408" : 1,
            "1449984" : 2,
            "2277376" : 1,
            "2670592" : 1,
            "3129344" : 1,
            "3457024" : 1,
            "3817472" : 1,
            "4227072" : 1,
            "4620288" : 1,
            "5013504" : 1,
            "5406720" : 1,
            "5734400" : 1,
            "6127616" : 1,
            "6586368" : 1,
            "6782976" : 2,
            "6848512" : 1,
            "6914048" : 1,
            "6979584" : 5,
            "7045120" : 5,
            "7110656" : 6,
            "7176192" : 12,
            "7241728" : 16,
            "7307264" : 20,
            "7372800" : 21,
            "7438336" : 9,
            "7503872" : 11,
            "7569408" : 10,
            "7634944" : 10,
            "7700480" : 10,
            "7766016" : 9,
            "7831552" : 2,
            "7897088" : 3,
            "7962624" : 4,
            "8028160" : 3,
            "8093696" : 2,
            "8159232" : 2,
            "8290304" : 2,
            "8355840" : 1,
            "8454144" : 1,
            "8585216" : 1,
            "8847360" : 1,
            "9109504" : 2,
            "9240576" : 1,
            "9502720" : 1,
            "9895936" : 2,
            "10289152" : 1,
            "10682368" : 1,
            "10813440" : 1,
            "11075584" : 1,
            "11206656" : 1,
            "11599872" : 1,
            "11730944" : 1,
            "11862016" : 4,
            "11993088" : 23,
            "12124160" : 30,
            "12255232" : 59,
            "12386304" : 108,
            "12517376" : 112,
            "12648448" : 149,
            "12779520" : 254,
            "12910592" : 388,
            "13041664" : 1104,
            "13172736" : 3402,
            "13303808" : 10725,
            "13434880" : 27607,
            "13565952" : 52840,
            "13697024" : 75222,
            "13828096" : 90646,
            "13959168" : 101157,
            "14090240" : 106378,
            "14221312" : 109028,
            "14352384" : 107499,
            "14483456" : 98113,
            "14614528" : 82435,
            "14745600" : 69525,
            "14876672" : 61400,
            "15007744" : 58208,
            "15138816" : 53563,
            "15269888" : 48251,
            "15400960" : 44944,
            "15532032" : 40474,
            "15663104" : 37062,
            "15794176" : 31721,
            "15925248" : 24750,
            "16056320" : 18947,
            "16187392" : 13826,
            "16318464" : 9928,
            "16449536" : 6810,
            "16580608" : 4667,
            "16711680" : 3212,
            "16908288" : 4272,
            "17170432" : 2918,
            "17432576" : 1640,
            "17694720" : 1145,
            "17956864" : 590,
            "18219008" : 266,
            "18481152" : 122,
            "18743296" : 66,
            "19005440" : 30,
            "19267584" : 26,
            "19529728" : 29,
            "19791872" : 50,
            "20054016" : 58,
            "20316160" : 77,
            "20578304" : 68,
            "20840448" : 78,
            "21102592" : 69,
            "21364736" : 75,
            "21626880" : 61,
            "21889024" : 41,
            "22151168" : 44,
            "22413312" : 24,
            "22675456" : 19,
            "22937600" : 10,
            "23199744" : 5,
            "23461888" : 1,
            "23724032" : 7,
            "23986176" : 4,
            "24248320" : 3,
            "24510464" : 1,
            "24772608" : 5,
            "25034752" : 4,
            "25296896" : 3,
            "25559040" : 25,
            "25821184" : 4,
            "26083328" : 6,
            "26345472" : 12,
            "26607616" : 43,
            "26869760" : 72,
            "27131904" : 479,
            "27394048" : 2620,
            "27656192" : 5405,
            "27918336" : 3886,
            "28180480" : 2039,
            "28442624" : 1310,
            "28704768" : 1015,
            "28966912" : 965,
            "29229056" : 749,
            "29491200" : 362,
            "29753344" : 247,
            "30015488" : 241,
            "30277632" : 189,
            "30539776" : 170,
            "30801920" : 184,
            "31064064" : 212,
            "31326208" : 305,
            "31588352" : 249,
            "31850496" : 419,
            "32112640" : 530,
            "32374784" : 628,
            "32636928" : 737,
            "32899072" : 769,
            "33161216" : 1103,
            "33423360" : 1381,
            "33816576" : 4170,
            "34340864" : 7156,
            "34865152" : 11309,
            "35389440" : 15424,
            "35913728" : 19614,