{
  "fio version" : "fio-3.8",
  "timestamp" : 1543296047,
  "timestamp_ms" : 1543296047427,
  "time" : "Tue Nov 27 05:20:47 2018",
  "jobs" : [
    {
      "jobname" : "wipc",
      "groupid" : 0,
      "error" : 0,
      "eta" : 0,
      "elapsed" : 1329,
      "job options" : {
        "ioengine" : "libaio",
        "group_reporting" : "1",
        "direct" : "1",
        "rw" : "write",
        "bssplit" : "128KB",
        "numjobs" : "2",
        "iodepth" : "16",
        "size" : "75%",
        "io_size" : "128035676160B",
        "filename" : "/dev/sda"
      },
      "read" : {
        "io_bytes" : 0,
        "io_kbytes" : 0,
        "bw_bytes" : 0,
        "bw" : 0,
        "iops" : 0.000000,
        "runtime" : 0,
        "total_ios" : 0,
        "short_ios" : 0,
        "drop_ios" : 0,
        "slat_ns" : {
          "min" : 0,
          "max" : 0,
          "mean" : 0.000000,
          "stddev" : 0.000000
        },
        "clat_ns" : {
          "min" : 0,
          "max" : 0,
          "mean" : 0.000000,
          "stddev" : 0.000000,
          "percentile" : {
            "1.000000" : 0,
            "5.000000" : 0,
            "10.000000" : 0,
            "20.000000" : 0,
            "30.000000" : 0,
            "40.000000" : 0,
            "50.000000" : 0,
            "60.000000" : 0,
            "70.000000" : 0,
            "80.000000" : 0,
            "90.000000" : 0,
            "95.000000" : 0,
            "99.000000" : 0,
            "99.500000" : 0,
            "99.900000" : 0,
            "99.950000" : 0,
            "99.990000" : 0
          },
          "bins" : {

          }
        },
        "lat_ns" : {
          "min" : 0,
          "max" : 0,
          "mean" : 0.000000,
          "stddev" : 0.000000
        },
        "bw_min" : 0,
        "bw_max" : 0,
        "bw_agg" : 0.000000,
        "bw_mean" : 0.000000,
        "bw_dev" : 0.000000,
        "bw_samples" : 0,
        "iops_min" : 0,
        "iops_max" : 0,
        "iops_mean" : 0.000000,
        "iops_stddev" : 0.000000,
        "iops_samples" : 0
      },
      "write" : {
        "io_bytes" : 256071434240,
        "io_kbytes" : 250069760,
        "bw_bytes" : 192839831,
        "bw" : 188320,
        "iops" : 1471.251159,
        "runtime" : 1327897,
        "total_ios" : 1953670,
        "short_ios" : 0,
        "drop_ios" : 0,
        "slat_ns" : {
          "min" : 20416,
          "max" : 11830000,
          "mean" : 59186.104462,
          "stddev" : 63739.587627
        },
        "clat_ns" : {
          "min" : 1810666,
          "max" : 118046875,
          "mean" : 21682566.841836,
          "stddev" : 14998626.221218,
          "percentile" : {
            "1.000000" : 11993088,
            "5.000000" : 12386304,
            "10.000000" : 12517376,
            "20.000000" : 12779520,
            "30.000000" : 12910592,
            "40.000000" : 13172736,
            "50.000000" : 13434880,
            "60.000000" : 13959168,
            "70.000000" : 14876672,
            "80.000000" : 35389440,
            "90.000000" : 53215232,
            "95.000000" : 56360960,
            "99.000000" : 62652416,
            "99.500000" : 64225280,
            "99.900000" : 72876032,
            "99.950000" : 79167488,
            "99.990000" : 94896128
          },
          "bins" : {
            "1810432" : 1,
            "1843200" : 2,
            "1859584" : 1,
            "1892352" : 2,
            "1908736" : 1,
            "2244608" : 1,
            "2375680" : 1,
            "2408448" : 1,
            "2473984" : 1,
            "2506752" : 1,
            "2572288" : 2,
            "2637824" : 1,
            "2736128" : 1,
            "2899968" : 2,
            "3129344" : 1,
            "3162112" : 1,
            "3227648" : 1,
            "3358720" : 2,
            "3522560" : 1,
            "3620864" : 1,
            "3850240" : 1,
            "3883008" : 1,
            "3948544" : 3,
            "4079616" : 1,
            "4112384" : 1,
            "4145152" : 1,
            "4292608" : 2,
            "4423680" : 1,
            "4620288" : 2,
            "4816896" : 4,
            "4882432" : 2,
            "5013504" : 2,
            "5144576" : 2,
            "5210112" : 3,
            "5275648" : 3,
            "5341184" : 2,
            "5406720" : 1,
            "5472256" : 6,
            "5537792" : 1,
            "5603328" : 7,
            "5668864" : 10,
            "5734400" : 8,
            "5799936" : 14,
            "5865472" : 13,
            "5931008" : 7,
            "5996544" : 13,
            "6062080" : 22,
            "6127616" : 14,
            "6193152" : 15,
            "6258688" : 28,
            "6324224" : 37,
            "6389760" : 21,
            "6455296" : 25,
            "6520832" : 18,
            "6586368" : 24,
            "6651904" : 29,
            "6717440" : 22,
            "6782976" : 25,
            "6848512" : 21,
            "6914048" : 31,
            "6979584" : 32,
            "7045120" : 17,
            "7110656" : 21,
            "7176192" : 22,
            "7241728" : 22,
            "7307264" : 15,
            "7372800" : 23,
            "7438336" : 25,
            "7503872" : 26,
            "7569408" : 25,
            "7634944" : 31,
            "7700480" : 21,
            "7766016" : 26,
            "7831552" : 33,
            "7897088" : 33,
            "7962624" : 56,
            "8028160" : 46,
            "8093696" : 45,
            "8159232" : 36,
            "8224768" : 50,
            "8290304" : 35,
            "8355840" : 41,
            "8454144" : 95,
            "8585216" : 82,
            "8716288" : 91,
            "8847360" : 104,
            "8978432" : 100,
            "9109504" : 101,
            "9240576" : 146,
            "9371648" : 143,
            "9502720" : 137,
            "9633792" : 153,
            "9764864" : 146,
            "9895936" : 161,
            "10027008" : 195,
            "10158080" : 202,
            "10289152" : 229,
            "10420224" : 324,
            "10551296" : 393,
            "10682368" : 483,
            "10813440" : 642,
            "10944512" : 665,
            "11075584" : 693,
            "11206656" : 741,
            "11337728" : 978,
            "11468800" : 1302,
            "11599872" : 1637,
            "11730944" : 1961,
            "11862016" : 2926,
            "11993088" : 5450,
            "12124160" : 12233,
            "12255232" : 28640,
            "12386304" : 59819,
            "12517376" : 95777,
            "12648448" : 124036,
            "12779520" : 129862,
            "12910592" : 124289,
            "13041664" : 115671,
            "13172736" : 102721,
            "13303808" : 90380,
            "13434880" : 78515,
            "13565952" : 65472,
            "13697024" : 54617,
            "13828096" : 47500,
            "13959168" : 41089,
            "14090240" : 36392,
            "14221312" : 34217,
            "14352384" : 31498,
            "14483456" : 27832,
            "14614528" : 23046,
            "14745600" : 17832,
            "14876672" : 13779,
            "15007744" : 10615,
            "15138816" : 8072,
            "15269888" : 6164,
            "15400960" : 4938,
            "15532032" : 3727,
            "15663104" : 2594,
            "15794176" : 1954,
            "15925248" : 1544,
            "16056320" : 1160,
            "16187392" : 1038,
            "16318464" : 733,
            "16449536" : 675,
            "16580608" : 546,
            "16711680" : 404,
            "16908288" : 643,
            "17170432" : 669,
            "17432576" : 501,
            "17694720" : 301,
            "17956864" : 207,
            "18219008" : 211,
            "18481152" : 196,
            "18743296" : 221,
            "19005440" : 214,
            "19267584" : 187,
            "19529728" : 164,
            "19791872" : 170,
            "20054016" : 137,
            "20316160" : 130,