{
  "fio version" : "fio-3.8",
  "timestamp" : 1542634461,
  "timestamp_ms" : 1542634461922,
  "time" : "Mon Nov 19 05:34:21 2018",
  "jobs" : [
    {
      "jobname" : "wipc",
      "groupid" : 0,
      "error" : 0,
      "eta" : 0,
      "elapsed" : 1491,
      "job options" : {
        "ioengine" : "libaio",
        "group_reporting" : "1",
        "direct" : "1",
        "rw" : "write",
        "bssplit" : "128KB",
        "numjobs" : "2",
        "iodepth" : "16",
        "size" : "100%",
        "io_size" : "128035676160B",
        "filename" : "/dev/sdb"
      },
      "read" : {
        "io_bytes" : 0,
        "io_kbytes" : 0,
        "bw_bytes" : 0,
        "bw" : 0,
        "iops" : 0.000000,
        "runtime" : 0,
        "total_ios" : 0,
        "short_ios" : 0,
        "drop_ios" : 0,
        "slat_ns" : {
          "min" : 0,
          "max" : 0,
          "mean" : 0.000000,
          "stddev" : 0.000000
        },
        "clat_ns" : {
          "min" : 0,
          "max" : 0,
          "mean" : 0.000000,
          "stddev" : 0.000000,
          "percentile" : {
            "1.000000" : 0,
            "5.000000" : 0,
            "10.000000" : 0,
            "20.000000" : 0,
            "30.000000" : 0,
            "40.000000" : 0,
            "50.000000" : 0,
            "60.000000" : 0,
            "70.000000" : 0,
            "80.000000" : 0,
            "90.000000" : 0,
            "95.000000" : 0,
            "99.000000" : 0,
            "99.500000" : 0,
            "99.900000" : 0,
            "99.950000" : 0,
            "99.990000" : 0
          },
          "bins" : {

          }
        },
        "lat_ns" : {
          "min" : 0,
          "max" : 0,
          "mean" : 0.000000,
          "stddev" : 0.000000
        },
        "bw_min" : 0,
        "bw_max" : 0,
        "bw_agg" : 0.000000,
        "bw_mean" : 0.000000,
        "bw_dev" : 0.000000,
        "bw_samples" : 0,
        "iops_min" : 0,
        "iops_max" : 0,
        "iops_mean" : 0.000000,
        "iops_stddev" : 0.000000,
        "iops_samples" : 0
      },
      "write" : {
        "io_bytes" : 256071172096,
        "io_kbytes" : 250069504,
        "bw_bytes" : 171800581,
        "bw" : 167774,
        "iops" : 1310.734418,
        "runtime" : 1490514,
        "total_ios" : 1953668,
        "short_ios" : 0,
        "drop_ios" : 0,
        "slat_ns" : {
          "min" : 5301,
          "max" : 618490,
          "mean" : 10458.576102,
          "stddev" : 3571.130918
        },
        "clat_ns" : {
          "min" : 833351,
          "max" : 113543871,
          "mean" : 24400458.022501,
          "stddev" : 16237376.448767,
          "percentile" : {
            "1.000000" : 12648448,
            "5.000000" : 12910592,
            "10.000000" : 13041664,
            "20.000000" : 13303808,
            "30.000000" : 13434880,
            "40.000000" : 13697024,
            "50.000000" : 14090240,
            "60.000000" : 14745600,
            "70.000000" : 34340864,
            "80.000000" : 36962304,
            "90.000000" : 54788096,
            "95.000000" : 56885248,
            "99.000000" : 62652416,
            "99.500000" : 64225280,
            "99.900000" : 71827456,
            "99.950000" : 76021760,
            "99.990000" : 82313216
          },
          "bins" : {
            "831488" : 1,
            "1318912" : 1,
            "1351680" : 1,
            "2072576" : 1,
            "2441216" : 1,
            "2801664" : 1,
            "3162112" : 1,
            "3555328" : 1,
            "3883008" : 1,
            "4292608" : 1,
            "4620288" : 1,
            "5013504" : 1,
            "5472256" : 1,
            "5799936" : 1,
            "6127616" : 1,
            "6586368" : 1,
            "6848512" : 1,
            "7176192" : 1,
            "7569408" : 1,
            "7962624" : 1,
            "8290304" : 1,
            "8716288" : 1,
            "9371648" : 1,
            "9764864" : 1,
            "10158080" : 1,
            "10420224" : 1,
            "11337728" : 2,
            "11468800" : 7,
            "11599872" : 31,
            "11730944" : 110,
            "11862016" : 196,
            "11993088" : 289,
            "12124160" : 650,
            "12255232" : 1064,
            "12386304" : 2332,
            "12517376" : 8106,
            "12648448" : 23202,
            "12779520" : 47687,
            "12910592" : 79405,
            "13041664" : 96395,
            "13172736" : 104860,
            "13303808" : 114253,
            "13434880" : 110797,
            "13565952" : 109685,
            "13697024" : 98758,
            "13828096" : 73610,
            "13959168" : 63049,
            "14090240" : 59523,
            "14221312" : 52372,
            "14352384" : 45820,
            "14483456" : 37349,
            "14614528" : 32141,
            "14745600" : 31200,
            "14876672" : 27410,
            "15007744" : 21083,
            "15138816" : 16659,
            "15269888" : 11547,
            "15400960" : 7342,
            "15532032" : 4411,
            "15663104" : 2427,
            "15794176" : 1499,
            "15925248" : 863,
            "16056320" : 516,
            "16187392" : 329,
            "16318464" : 161,
            "16449536" : 103,
            "16580608" : 105,
            "16711680" : 78,
            "16908288" : 146,
            "17170432" : 205,
            "17432576" : 186,
            "17694720" : 116,
            "17956864" : 64,
            "18219008" : 43,
            "18481152" : 91,
            "18743296" : 96,
            "19005440" : 80,
            "19267584" : 64,
            "19529728" : 34,
            "19791872" : 39,
            "20054016" : 23,
            "20316160" : 6,
            "20578304" : 4,
            "20840448" : 10,
            "21102592" : 3,
            "21364736" : 14,
            "21626880" : 11,
            "21889024" : 4,
            "22151168" : 9,
            "22413312" : 10,
            "22675456" : 3,
            "23724032" : 1,
            "24248320" : 1,
            "24772608" : 18,
            "25034752" : 73,
            "25296896" : 113,
            "25559040" : 148,
            "25821184" : 156,
            "26083328" : 303,
            "26345472" : 1212,
            "26607616" : 3973,
            "26869760" : 4062,
            "27131904" : 2906,
            "27394048" : 1606,
            "27656192" : 973,
            "27918336" : 737,
            "28180480" : 659,
            "28442624" : 652,
            "28704768" : 405,
            "28966912" : 227,
            "29229056" : 202,
            "29491200" : 215,
            "29753344" : 314,
            "30015488" : 398,
            "30277632" : 465,
            "30539776" : 560,
            "30801920" : 641,
            "31064064" : 796,
            "31326208" : 1041,
            "31588352" : 1378,
            "31850496" : 1806,
            "32112640" : 2545,
            "32374784" : 3370,
            "32636928" : 4393,
            "32899072" : 5434,
            "33161216" : 6912,
            "33423360" : 8370,
            "33816576" : 21472,
            "34340864" : 27321,
            "34865152" : 33923,
            "35389440" : 38931,
            "35913728" : 36535,
            "36438016" : 31564,
            "36962304" : 27882,
            "37486592" : 20634,
            "38010880" : 12918,
            "38535168" : 9521,
            "39059456" : 8073,
            "39583744" : 6966,
            "40108032" : 5827,
            "40632320" : 5668,
            "41156608" : 5379,
            "41680896" : 4541,
            "42205184" : 3554,
            "42729472" : 2485,
            "43253760" : 1458,
            "43778048" : 741,
            "44302336" : 512,
            "44826624" : 312,
            "45350912" : 200,
            "45875200" : 182,
            "46399488" : 231,
            "46923776" : 353,
            "47448064" : 429,
            "47972352" : 377,
            "48496640" : 448,