{
  "fio version" : "fio-3.8",
  "timestamp" : 1542659961,
  "timestamp_ms" : 1542659961429,
  "time" : "Mon Nov 19 12:39:21 2018",
  "jobs" : [
    {
      "jobname" : "wipc",
      "groupid" : 0,
      "error" : 0,
      "eta" : 0,
      "elapsed" : 1494,
      "job options" : {
        "ioengine" : "libaio",
        "group_reporting" : "1",
        "direct" : "1",
        "rw" : "write",
        "bssplit" : "128KB",
        "numjobs" : "2",
        "iodepth" : "16",
        "size" : "100%",
        "io_size" : "128035676160B",
        "filename" : "/dev/sdb"
      },
      "read" : {
        "io_bytes" : 0,
        "io_kbytes" : 0,
        "bw_bytes" : 0,
        "bw" : 0,
        "iops" : 0.000000,
        "runtime" : 0,
        "total_ios" : 0,
        "short_ios" : 0,
        "drop_ios" : 0,
        "slat_ns" : {
          "min" : 0,
          "max" : 0,
          "mean" : 0.000000,
          "stddev" : 0.000000
        },
        "clat_ns" : {
          "min" : 0,
          "max" : 0,
          "mean" : 0.000000,
          "stddev" : 0.000000,
          "percentile" : {
            "1.000000" : 0,
            "5.000000" : 0,
            "10.000000" : 0,
            "20.000000" : 0,
            "30.000000" : 0,
            "40.000000" : 0,
            "50.000000" : 0,
            "60.000000" : 0,
            "70.000000" : 0,
            "80.000000" : 0,
            "90.000000" : 0,
            "95.000000" : 0,
            "99.000000" : 0,
            "99.500000" : 0,
            "99.900000" : 0,
            "99.950000" : 0,
            "99.990000" : 0
          },
          "bins" : {

          }
        },
        "lat_ns" : {
          "min" : 0,
          "max" : 0,
          "mean" : 0.000000,
          "stddev" : 0.000000
        },
        "bw_min" : 0,
        "bw_max" : 0,
        "bw_agg" : 0.000000,
        "bw_mean" : 0.000000,
        "bw_dev" : 0.000000,
        "bw_samples" : 0,
        "iops_min" : 0,
        "iops_max" : 0,
        "iops_mean" : 0.000000,
        "iops_stddev" : 0.000000,
        "iops_samples" : 0
      },
      "write" : {
        "io_bytes" : 256071172096,
        "io_kbytes" : 250069504,
        "bw_bytes" : 171509461,
        "bw" : 167489,
        "iops" : 1308.513346,
        "runtime" : 1493044,
        "total_ios" : 1953668,
        "short_ios" : 0,
        "drop_ios" : 0,
        "slat_ns" : {
          "min" : 5373,
          "max" : 335504,
          "mean" : 12768.709912,
          "stddev" : 4150.999591
        },
        "clat_ns" : {
          "min" : 871247,
          "max" : 110455495,
          "mean" : 24433537.853945,
          "stddev" : 16108029.693219,
          "percentile" : {
            "1.000000" : 12648448,
            "5.000000" : 12910592,
            "10.000000" : 13041664,
            "20.000000" : 13303808,
            "30.000000" : 13565952,
            "40.000000" : 13959168,
            "50.000000" : 14352384,
            "60.000000" : 15007744,
            "70.000000" : 33816576,
            "80.000000" : 36962304,
            "90.000000" : 54788096,
            "95.000000" : 56885248,
            "99.000000" : 62128128,
            "99.500000" : 63700992,
            "99.900000" : 70778880,
            "99.950000" : 74973184,
            "99.990000" : 81264640
          },
          "bins" : {
            "872448" : 1,
            "1335296" : 1,
            "1351680" : 1,
            "2007040" : 1,
            "2375680" : 1,
            "2703360" : 1,
            "3194880" : 1,
            "3555328" : 1,
            "3883008" : 1,
            "4292608" : 1,
            "4620288" : 1,
            "5079040" : 1,
            "5472256" : 1,
            "5799936" : 1,
            "6127616" : 1,
            "6455296" : 1,
            "6520832" : 1,
            "6586368" : 1,
            "6782976" : 2,
            "6848512" : 15,
            "6914048" : 16,
            "6979584" : 12,
            "7045120" : 6,
            "7110656" : 19,
            "7176192" : 20,
            "7241728" : 18,
            "7307264" : 12,
            "7372800" : 29,
            "7438336" : 15,
            "7503872" : 4,
            "7569408" : 8,
            "7634944" : 6,
            "7700480" : 6,
            "7766016" : 14,
            "7831552" : 5,
            "7897088" : 11,
            "7962624" : 10,
            "8028160" : 5,
            "8159232" : 12,
            "8224768" : 7,
            "8290304" : 19,
            "8355840" : 4,
            "8454144" : 3,
            "8585216" : 4,
            "8716288" : 6,
            "8847360" : 9,
            "8978432" : 2,
            "9240576" : 2,
            "9371648" : 6,
            "9502720" : 1,
            "9764864" : 2,
            "10158080" : 2,
            "10551296" : 2,
            "11075584" : 5,
            "11206656" : 14,
            "11337728" : 54,
            "11468800" : 65,
            "11599872" : 95,
            "11730944" : 155,
            "11862016" : 150,
            "11993088" : 180,
            "12124160" : 348,
            "12255232" : 566,
            "12386304" : 1511,
            "12517376" : 5049,
            "12648448" : 14846,
            "12779520" : 35292,
            "12910592" : 61745,
            "13041664" : 82253,
            "13172736" : 94474,
            "13303808" : 100510,
            "13434880" : 101292,
            "13565952" : 94045,
            "13697024" : 84699,
            "13828096" : 73737,
            "13959168" : 63238,
            "14090240" : 59622,
            "14221312" : 57370,
            "14352384" : 56301,
            "14483456" : 50998,
            "14614528" : 43079,
            "14745600" : 38085,
            "14876672" : 34349,
            "15007744" : 30820,
            "15138816" : 25112,
            "15269888" : 19327,
            "15400960" : 15496,
            "15532032" : 12008,
            "15663104" : 8374,
            "15794176" : 6231,
            "15925248" : 4841,
            "16056320" : 3415,
            "16187392" : 2587,
            "16318464" : 2223,
            "16449536" : 2036,
            "16580608" : 1673,
            "16711680" : 1406,
            "16908288" : 1851,
            "17170432" : 859,
            "17432576" : 396,
            "17694720" : 174,
            "17956864" : 90,
            "18219008" : 45,
            "18481152" : 24,
            "18743296" : 22,
            "19005440" : 38,
            "19267584" : 77,
            "19529728" : 71,
            "19791872" : 82,
            "20054016" : 92,
            "20316160" : 105,
            "20578304" : 92,
            "20840448" : 95,
            "21102592" : 66,
            "21364736" : 50,
            "21626880" : 46,
            "21889024" : 30,
            "22151168" : 26,
            "22413312" : 6,
            "22675456" : 5,
            "22937600" : 10,
            "23199744" : 4,
            "23461888" : 13,
            "23724032" : 5,
            "23986176" : 33,
            "24248320" : 9,
            "24510464" : 11,
            "24772608" : 6,
            "25034752" : 7,
            "25296896" : 15,
            "25559040" : 23,
            "25821184" : 51,
            "26083328" : 185,
            "26345472" : 630,
            "26607616" : 1717,
            "26869760" : 3463,
            "27131904" : 2992,
            "27394048" : 1579,
            "27656192" : 1167,
            "27918336" : 1361,
            "28180480" : 1642,
            "28442624" : 1446,
            "28704768" : 805,
            "28966912" : 664,
            "29229056" : 605,
            "29491200" : 420,
            "29753344" : 409,
            "30015488" : 468,
            "30277632" : 533,
            "30539776" : 589,
            "30801920" : 660,
            "31064064" : 846,
            "31326208" : 1135,
            "31588352" : 1527,
            "31850496" : 2253,
            "32112640" : 2946,
            "32374784" : 3988,
            "32636928" : 5175,
            "32899072" : 6524,