{
  "fio version" : "fio-3.8",
  "timestamp" : 1546974516,
  "timestamp_ms" : 1546974516009,
  "time" : "Tue Jan  8 11:08:36 2019",
  "jobs" : [
    {
      "jobname" : "wipc",
      "groupid" : 0,
      "error" : 0,
      "eta" : 0,
      "elapsed" : 1430,
      "job options" : {
        "ioengine" : "libaio",
        "group_reporting" : "1",
        "direct" : "1",
        "rw" : "write",
        "bssplit" : "128KB",
        "numjobs" : "2",
        "iodepth" : "16",
        "size" : "75%",
        "io_size" : "128035676160B",
        "filename" : "/dev/sda"
      },
      "read" : {
        "io_bytes" : 0,
        "io_kbytes" : 0,
        "bw_bytes" : 0,
        "bw" : 0,
        "iops" : 0.000000,
        "runtime" : 0,
        "total_ios" : 0,
        "short_ios" : 0,
        "drop_ios" : 0,
        "slat_ns" : {
          "min" : 0,
          "max" : 0,
          "mean" : 0.000000,
          "stddev" : 0.000000
        },
        "clat_ns" : {
          "min" : 0,
          "max" : 0,
          "mean" : 0.000000,
          "stddev" : 0.000000,
          "percentile" : {
            "1.000000" : 0,
            "5.000000" : 0,
            "10.000000" : 0,
            "20.000000" : 0,
            "30.000000" : 0,
            "40.000000" : 0,
            "50.000000" : 0,
            "60.000000" : 0,
            "70.000000" : 0,
            "80.000000" : 0,
            "90.000000" : 0,
            "95.000000" : 0,
            "99.000000" : 0,
            "99.500000" : 0,
            "99.900000" : 0,
            "99.950000" : 0,
            "99.990000" : 0
          },
          "bins" : {

          }
        },
        "lat_ns" : {
          "min" : 0,
          "max" : 0,
          "mean" : 0.000000,
          "stddev" : 0.000000
        },
        "bw_min" : 0,
        "bw_max" : 0,
        "bw_agg" : 0.000000,
        "bw_mean" : 0.000000,
        "bw_dev" : 0.000000,
        "bw_samples" : 0,
        "iops_min" : 0,
        "iops_max" : 0,
        "iops_mean" : 0.000000,
        "iops_stddev" : 0.000000,
        "iops_samples" : 0
      },
      "write" : {
        "io_bytes" : 256071434240,
        "io_kbytes" : 250069760,
        "bw_bytes" : 179130559,
        "bw" : 174932,
        "iops" : 1366.657713,
        "runtime" : 1429524,
        "total_ios" : 1953670,
        "short_ios" : 0,
        "drop_ios" : 0,
        "slat_ns" : {
          "min" : 5381,
          "max" : 158694,
          "mean" : 12617.008556,
          "stddev" : 3630.899066
        },
        "clat_ns" : {
          "min" : 889581,
          "max" : 129350374,
          "mean" : 23396657.310185,
          "stddev" : 16158298.785142,
          "percentile" : {
            "1.000000" : 12779520,
            "5.000000" : 13041664,
            "10.000000" : 13172736,
            "20.000000" : 13434880,
            "30.000000" : 13697024,
            "40.000000" : 13959168,
            "50.000000" : 14221312,
            "60.000000" : 14745600,
            "70.000000" : 15663104,
            "80.000000" : 36438016,
            "90.000000" : 54788096,
            "95.000000" : 57409536,
            "99.000000" : 63176704,
            "99.500000" : 65273856,
            "99.900000" : 80216064,
            "99.950000" : 88604672,
            "99.990000" : 105381888
          },
          "bins" : {
            "888832" : 1,
            "1335296" : 1,
            "1400832" : 1,
            "2072576" : 1,
            "2473984" : 1,
            "2801664" : 1,
            "3293184" : 1,
            "3686400" : 1,
            "4046848" : 1,
            "4423680" : 1,
            "4816896" : 1,
            "5275648" : 1,
            "5668864" : 1,
            "6062080" : 1,
            "6127616" : 1,
            "6193152" : 2,
            "6258688" : 2,
            "6324224" : 1,
            "6455296" : 11,
            "6520832" : 15,
            "6586368" : 22,
            "6651904" : 24,
            "6717440" : 3,
            "6782976" : 3,
            "6848512" : 10,
            "6914048" : 7,
            "6979584" : 6,
            "7045120" : 1,
            "7110656" : 1,
            "7176192" : 4,
            "7307264" : 1,
            "7372800" : 2,
            "7569408" : 1,
            "7962624" : 1,
            "8159232" : 1,
            "8224768" : 1,
            "8290304" : 2,
            "8585216" : 2,
            "8716288" : 2,
            "8978432" : 3,
            "9109504" : 2,
            "9502720" : 1,
            "9633792" : 1,
            "9895936" : 1,
            "10027008" : 1,
            "10158080" : 1,
            "10289152" : 3,
            "10551296" : 3,
            "10682368" : 2,
            "10813440" : 1,
            "11206656" : 1,
            "11468800" : 1,
            "11599872" : 2,
            "11730944" : 23,
            "11862016" : 32,
            "11993088" : 79,
            "12124160" : 169,
            "12255232" : 233,
            "12386304" : 486,
            "12517376" : 1465,
            "12648448" : 4708,
            "12779520" : 16063,
            "12910592" : 39649,
            "13041664" : 70933,
            "13172736" : 94431,
            "13303808" : 106563,
            "13434880" : 110630,
            "13565952" : 113279,
            "13697024" : 115175,
            "13828096" : 105392,
            "13959168" : 82648,
            "14090240" : 67417,
            "14221312" : 58871,
            "14352384" : 58346,
            "14483456" : 56911,
            "14614528" : 50088,
            "14745600" : 44650,
            "14876672" : 40408,
            "15007744" : 35995,
            "15138816" : 30622,
            "15269888" : 25097,
            "15400960" : 18797,
            "15532032" : 12774,
            "15663104" : 8245,
            "15794176" : 5656,
            "15925248" : 4334,
            "16056320" : 2881,
            "16187392" : 2354,
            "16318464" : 1772,
            "16449536" : 1369,
            "16580608" : 1169,
            "16711680" : 934,
            "16908288" : 1256,
            "17170432" : 692,
            "17432576" : 475,
            "17694720" : 167,
            "17956864" : 74,
            "18219008" : 37,
            "18481152" : 43,
            "18743296" : 33,
            "19005440" : 54,
            "19267584" : 57,
            "19529728" : 81,
            "19791872" : 111,
            "20054016" : 87,
            "20316160" : 112,
            "20578304" : 85,
            "20840448" : 61,
            "21102592" : 65,
            "21364736" : 35,
            "21626880" : 43,
            "21889024" : 17,
            "22151168" : 19,
            "22413312" : 15,
            "22675456" : 6,
            "22937600" : 11,
            "23199744" : 6,
            "23461888" : 7,
            "23724032" : 12,
            "23986176" : 21,
            "24248320" : 9,
            "24510464" : 25,
            "24772608" : 13,
            "25034752" : 15,
            "25296896" : 23,
            "25559040" : 34,
            "25821184" : 66,
            "26083328" : 123,
            "26345472" : 523,
            "26607616" : 1931,
            "26869760" : 4458,
            "27131904" : 3860,
            "27394048" : 1985,
            "27656192" : 1283,
            "27918336" : 1274,
            "28180480" : 1405,
            "28442624" : 1220,
            "28704768" : 795,
            "28966912" : 527,
            "29229056" : 346,
            "29491200" : 312,
            "29753344" : 232,
            "30015488" : 277,
            "30277632" : 376,
            "30539776" : 467,
            "30801920" : 580,
            "31064064" : 792,
            "31326208" : 1037,
            "31588352" : 1360,
            "31850496" : 1613,
            "32112640" : 1949,
            "32374784" : 2709,
            "32636928" : 3486,
            "32899072" : 4513,
            "33161216" : 5210,
            "33423360" : 6198,
            "33816576" : 14960,
            "34340864" : 17703,