{
  "fio version" : "fio-3.8",
  "timestamp" : 1542438516,
  "timestamp_ms" : 1542438516139,
  "time" : "Fri Nov 16 23:08:36 2018",
  "jobs" : [
    {
      "jobname" : "wipc",
      "groupid" : 0,
      "error" : 0,
      "eta" : 0,
      "elapsed" : 2801,
      "job options" : {
        "ioengine" : "libaio",
        "group_reporting" : "1",
        "direct" : "1",
        "rw" : "write",
        "bssplit" : "128KB",
        "numjobs" : "2",
        "iodepth" : "16",
        "size" : "100%",
        "io_size" : "128035676160B",
        "filename" : "/dev/sdb"
      },
      "read" : {
        "io_bytes" : 0,
        "io_kbytes" : 0,
        "bw_bytes" : 0,
        "bw" : 0,
        "iops" : 0.000000,
        "runtime" : 0,
        "total_ios" : 0,
        "short_ios" : 0,
        "drop_ios" : 0,
        "slat_ns" : {
          "min" : 0,
          "max" : 0,
          "mean" : 0.000000,
          "stddev" : 0.000000
        },
        "clat_ns" : {
          "min" : 0,
          "max" : 0,
          "mean" : 0.000000,
          "stddev" : 0.000000,
          "percentile" : {
            "1.000000" : 0,
            "5.000000" : 0,
            "10.000000" : 0,
            "20.000000" : 0,
            "30.000000" : 0,
            "40.000000" : 0,
            "50.000000" : 0,
            "60.000000" : 0,
            "70.000000" : 0,
            "80.000000" : 0,
            "90.000000" : 0,
            "95.000000" : 0,
            "99.000000" : 0,
            "99.500000" : 0,
            "99.900000" : 0,
            "99.950000" : 0,
            "99.990000" : 0
          },
          "bins" : {

          }
        },
        "lat_ns" : {
          "min" : 0,
          "max" : 0,
          "mean" : 0.000000,
          "stddev" : 0.000000
        },
        "bw_min" : 0,
        "bw_max" : 0,
        "bw_agg" : 0.000000,
        "bw_mean" : 0.000000,
        "bw_dev" : 0.000000,
        "bw_samples" : 0,
        "iops_min" : 0,
        "iops_max" : 0,
        "iops_mean" : 0.000000,
        "iops_stddev" : 0.000000,
        "iops_samples" : 0
      },
      "write" : {
        "io_bytes" : 256071172096,
        "io_kbytes" : 250069504,
        "bw_bytes" : 91431752,
        "bw" : 89288,
        "iops" : 697.568913,
        "runtime" : 2800681,
        "total_ios" : 1953668,
        "short_ios" : 0,
        "drop_ios" : 0,
        "slat_ns" : {
          "min" : 5302,
          "max" : 336380,
          "mean" : 13830.100477,
          "stddev" : 4967.635102
        },
        "clat_ns" : {
          "min" : 7128114,
          "max" : 141179518,
          "mean" : 45856165.738933,
          "stddev" : 25269809.322332,
          "percentile" : {
            "1.000000" : 13041664,
            "5.000000" : 13697024,
            "10.000000" : 14090240,
            "20.000000" : 26083328,
            "30.000000" : 27918336,
            "40.000000" : 34340864,
            "50.000000" : 36962304,
            "60.000000" : 53739520,
            "70.000000" : 58982400,
            "80.000000" : 71827456,
            "90.000000" : 77070336,
            "95.000000" : 82313216,
            "99.000000" : 113770496,
            "99.500000" : 115867648,
            "99.900000" : 120061952,
            "99.950000" : 123207680,
            "99.990000" : 130547712
          },
          "bins" : {
            "7110656" : 1,
            "8978432" : 1,
            "9633792" : 1,
            "10027008" : 1,
            "10813440" : 1,
            "10944512" : 1,
            "11075584" : 5,
            "11206656" : 7,
            "11337728" : 1,
            "11468800" : 16,
            "11599872" : 11,
            "11730944" : 14,
            "11862016" : 39,
            "11993088" : 40,
            "12124160" : 47,
            "12255232" : 93,
            "12386304" : 223,
            "12517376" : 595,
            "12648448" : 1829,
            "12779520" : 4205,
            "12910592" : 7764,
            "13041664" : 10031,
            "13172736" : 11715,
            "13303808" : 13229,
            "13434880" : 15109,
            "13565952" : 23526,
            "13697024" : 35040,
            "13828096" : 35230,
            "13959168" : 31656,
            "14090240" : 27081,
            "14221312" : 22476,
            "14352384" : 18349,
            "14483456" : 14417,
            "14614528" : 11855,
            "14745600" : 12404,
            "14876672" : 11860,
            "15007744" : 10041,
            "15138816" : 9378,
            "15269888" : 8718,
            "15400960" : 6755,
            "15532032" : 4488,
            "15663104" : 2787,
            "15794176" : 1485,
            "15925248" : 918,
            "16056320" : 550,
            "16187392" : 360,
            "16318464" : 232,
            "16449536" : 82,
            "16580608" : 54,
            "16711680" : 45,
            "16908288" : 65,
            "17170432" : 58,
            "17432576" : 46,
            "17694720" : 29,
            "17956864" : 12,
            "18219008" : 5,
            "18481152" : 18,
            "18743296" : 39,
            "19005440" : 76,
            "19267584" : 76,
            "19529728" : 76,
            "19791872" : 76,
            "20054016" : 70,
            "20316160" : 94,
            "20578304" : 117,
            "20840448" : 96,
            "21102592" : 92,
            "21364736" : 71,
            "21626880" : 50,
            "21889024" : 40,
            "22151168" : 24,
            "22413312" : 21,
            "22675456" : 12,
            "22937600" : 23,
            "23199744" : 7,
            "23461888" : 12,
            "23724032" : 16,
            "23986176" : 25,
            "24248320" : 24,
            "24510464" : 75,
            "24772608" : 102,
            "25034752" : 395,
            "25296896" : 1450,
            "25559040" : 4370,
            "25821184" : 10843,
            "26083328" : 19804,
            "26345472" : 27728,
            "26607616" : 32697,
            "26869760" : 32509,
            "27131904" : 32136,
            "27394048" : 31280,
            "27656192" : 28608,
            "27918336" : 24896,
            "28180480" : 21017,
            "28442624" : 16317,
            "28704768" : 12551,
            "28966912" : 9754,
            "29229056" : 6379,
            "29491200" : 3865,
            "29753344" : 2881,
            "30015488" : 1847,
            "30277632" : 1483,
            "30539776" : 1202,
            "30801920" : 1228,
            "31064064" : 1461,
            "31326208" : 1867,
            "31588352" : 2529,
            "31850496" : 3547,
            "32112640" : 4859,
            "32374784" : 6544,
            "32636928" : 8356,
            "32899072" : 9935,
            "33161216" : 11265,
            "33423360" : 13400,
            "33816576" : 31753,
            "34340864" : 37473,
            "34865152" : 41536,
            "35389440" : 39672,
            "35913728" : 34470,
            "36438016" : 28670,
            "36962304" : 22680,
            "37486592" : 15539,
            "38010880" : 11355,
            "38535168" : 10468,
            "39059456" : 10124,
            "39583744" : 9963,
            "40108032" : 8311,
            "40632320" : 7055,
            "41156608" : 5471,
            "41680896" : 4001,
            "42205184" : 2898,
            "42729472" : 1874,
            "43253760" : 1145,
            "43778048" : 652,
            "44302336" : 727,
            "44826624" : 748,
            "45350912" : 734,
            "45875200" : 693,
            "46399488" : 683,
            "46923776" : 630,
            "47448064" : 765,
            "47972352" : 724,
            "48496640" : 720,
            "49020928" : 787,
            "49545216" : 968,
            "50069504" : 1579,
            "50593792" : 2989,
            "51118080" : 5069,
            "51642368" : 7674,
            "52166656" : 10638,
            "52690944" : 15520,
            "53215232" : 22308,
            "53739520" : 29929,