{
  "fio version" : "fio-3.8",
  "timestamp" : 1553248347,
  "timestamp_ms" : 1553248347539,
  "time" : "Fri Mar 22 02:52:27 2019",
  "jobs" : [
    {
      "jobname" : "wipc",
      "groupid" : 0,
      "error" : 0,
      "eta" : 0,
      "elapsed" : 1460,
      "job options" : {
        "ioengine" : "libaio",
        "group_reporting" : "1",
        "direct" : "1",
        "rw" : "write",
        "bssplit" : "128KB",
        "numjobs" : "2",
        "iodepth" : "16",
        "size" : "75%",
        "io_size" : "128035676160B",
        "filename" : "/dev/sdh"
      },
      "read" : {
        "io_bytes" : 0,
        "io_kbytes" : 0,
        "bw_bytes" : 0,
        "bw" : 0,
        "iops" : 0.000000,
        "runtime" : 0,
        "total_ios" : 0,
        "short_ios" : 0,
        "drop_ios" : 0,
        "slat_ns" : {
          "min" : 0,
          "max" : 0,
          "mean" : 0.000000,
          "stddev" : 0.000000
        },
        "clat_ns" : {
          "min" : 0,
          "max" : 0,
          "mean" : 0.000000,
          "stddev" : 0.000000,
          "percentile" : {
            "1.000000" : 0,
            "5.000000" : 0,
            "10.000000" : 0,
            "20.000000" : 0,
            "30.000000" : 0,
            "40.000000" : 0,
            "50.000000" : 0,
            "60.000000" : 0,
            "70.000000" : 0,
            "80.000000" : 0,
            "90.000000" : 0,
            "95.000000" : 0,
            "99.000000" : 0,
            "99.500000" : 0,
            "99.900000" : 0,
            "99.950000" : 0,
            "99.990000" : 0
          },
          "bins" : {

          }
        },
        "lat_ns" : {
          "min" : 0,
          "max" : 0,
          "mean" : 0.000000,
          "stddev" : 0.000000
        },
        "bw_min" : 0,
        "bw_max" : 0,
        "bw_agg" : 0.000000,
        "bw_mean" : 0.000000,
        "bw_dev" : 0.000000,
        "bw_samples" : 0,
        "iops_min" : 0,
        "iops_max" : 0,
        "iops_mean" : 0.000000,
        "iops_stddev" : 0.000000,
        "iops_samples" : 0
      },
      "write" : {
        "io_bytes" : 256071434240,
        "io_kbytes" : 250069760,
        "bw_bytes" : 175469272,
        "bw" : 171356,
        "iops" : 1338.724311,
        "runtime" : 1459352,
        "total_ios" : 1953670,
        "short_ios" : 0,
        "drop_ios" : 0,
        "slat_ns" : {
          "min" : 5713,
          "max" : 394730,
          "mean" : 16622.976344,
          "stddev" : 5549.221797
        },
        "clat_ns" : {
          "min" : 867581,
          "max" : 119240738,
          "mean" : 23883341.405963,
          "stddev" : 15533611.544438,
          "percentile" : {
            "1.000000" : 12779520,
            "5.000000" : 13172736,
            "10.000000" : 13303808,
            "20.000000" : 13565952,
            "30.000000" : 13828096,
            "40.000000" : 14221312,
            "50.000000" : 14614528,
            "60.000000" : 15269888,
            "70.000000" : 33161216,
            "80.000000" : 36962304,
            "90.000000" : 54788096,
            "95.000000" : 57933824,
            "99.000000" : 63700992,
            "99.500000" : 65798144,
            "99.900000" : 74973184,
            "99.950000" : 82313216,
            "99.990000" : 96993280
          },
          "bins" : {
            "864256" : 1,
            "1318912" : 1,
            "1368064" : 1,
            "2146304" : 1,
            "2506752" : 1,
            "3031040" : 1,
            "3260416" : 1,
            "3686400" : 1,
            "4046848" : 1,
            "4423680" : 1,
            "4816896" : 1,
            "5210112" : 1,
            "5603328" : 1,
            "5931008" : 1,
            "6389760" : 1,
            "6717440" : 1,
            "6979584" : 1,
            "7110656" : 1,
            "7503872" : 1,
            "7569408" : 1,
            "7831552" : 1,
            "7962624" : 1,
            "8224768" : 1,
            "8355840" : 2,
            "8454144" : 1,
            "8585216" : 3,
            "8716288" : 1,
            "8847360" : 3,
            "8978432" : 1,
            "9109504" : 4,
            "9240576" : 2,
            "9502720" : 3,
            "9764864" : 1,
            "9895936" : 1,
            "10158080" : 1,
            "10289152" : 1,
            "10551296" : 2,
            "10944512" : 2,
            "11206656" : 2,
            "11337728" : 1,
            "11599872" : 3,
            "11730944" : 14,
            "11862016" : 38,
            "11993088" : 70,
            "12124160" : 179,
            "12255232" : 375,
            "12386304" : 760,
            "12517376" : 2039,
            "12648448" : 5052,
            "12779520" : 11773,
            "12910592" : 24515,
            "13041664" : 43087,
            "13172736" : 64108,
            "13303808" : 82156,
            "13434880" : 94703,
            "13565952" : 99863,
            "13697024" : 97958,
            "13828096" : 93375,
            "13959168" : 82313,
            "14090240" : 72195,
            "14221312" : 65005,
            "14352384" : 59534,
            "14483456" : 53546,
            "14614528" : 48404,
            "14745600" : 43243,
            "14876672" : 40685,
            "15007744" : 36974,
            "15138816" : 34405,
            "15269888" : 30814,
            "15400960" : 26047,
            "15532032" : 22200,
            "15663104" : 18441,
            "15794176" : 14532,
            "15925248" : 11591,
            "16056320" : 9420,
            "16187392" : 7774,
            "16318464" : 6468,
            "16449536" : 4924,
            "16580608" : 4189,
            "16711680" : 3457,
            "16908288" : 4902,
            "17170432" : 2900,
            "17432576" : 1470,
            "17694720" : 776,
            "17956864" : 420,
            "18219008" : 250,
            "18481152" : 124,
            "18743296" : 67,
            "19005440" : 50,
            "19267584" : 63,
            "19529728" : 51,
            "19791872" : 47,
            "20054016" : 50,
            "20316160" : 71,
            "20578304" : 56,
            "20840448" : 84,
            "21102592" : 70,
            "21364736" : 49,
            "21626880" : 32,
            "21889024" : 36,
            "22151168" : 18,
            "22413312" : 12,
            "22675456" : 17,
            "22937600" : 10,
            "23199744" : 4,
            "23461888" : 31,
            "23724032" : 17,
            "23986176" : 4,
            "24248320" : 8,
            "24772608" : 7,
            "25034752" : 7,
            "25296896" : 10,
            "25559040" : 10,
            "25821184" : 47,
            "26083328" : 103,
            "26345472" : 386,
            "26607616" : 1416,
            "26869760" : 3000,
            "27131904" : 2760,
            "27394048" : 2384,
            "27656192" : 2168,
            "27918336" : 1526,
            "28180480" : 1403,
            "28442624" : 1074,
            "28704768" : 880,
            "28966912" : 645,
            "29229056" : 494,
            "29491200" : 409,
            "29753344" : 348,
            "30015488" : 360,
            "30277632" : 398,
            "30539776" : 444,
            "30801920" : 531,
            "31064064" : 645,
            "31326208" : 652,
            "31588352" : 862,
            "31850496" : 1141,
            "32112640" : 1558,
            "32374784" : 2034,
            "32636928" : 3089,
            "32899072" : 4037,
            "33161216" : 5000,
            "33423360" : 6456,
            "33816576" : 16644,
            "34340864" : 22058,
            "34865152" : 28188,
            "35389440" : 33850,
            "35913728" : 35508,
            "36438016" : 34747,
            "36962304" : 33440,
            "37486592" : 29128,
            "38010880" : 22681,
            "38535168" : 17230,
            "39059456" : 13312,
            "39583744" : 10246,
            "40108032" : 8681,
            "40632320" : 7522,