{
  "fio version" : "fio-3.8",
  "timestamp" : 1546091155,
  "timestamp_ms" : 1546091155260,
  "time" : "Sat Dec 29 05:45:55 2018",
  "jobs" : [
    {
      "jobname" : "wipc",
      "groupid" : 0,
      "error" : 0,
      "eta" : 0,
      "elapsed" : 1514,
      "job options" : {
        "ioengine" : "libaio",
        "group_reporting" : "1",
        "direct" : "1",
        "rw" : "write",
        "bssplit" : "128KB",
        "numjobs" : "2",
        "iodepth" : "16",
        "size" : "100%",
        "io_size" : "128035676160B",
        "filename" : "/dev/sda"
      },
      "read" : {
        "io_bytes" : 0,
        "io_kbytes" : 0,
        "bw_bytes" : 0,
        "bw" : 0,
        "iops" : 0.000000,
        "runtime" : 0,
        "total_ios" : 0,
        "short_ios" : 0,
        "drop_ios" : 0,
        "slat_ns" : {
          "min" : 0,
          "max" : 0,
          "mean" : 0.000000,
          "stddev" : 0.000000
        },
        "clat_ns" : {
          "min" : 0,
          "max" : 0,
          "mean" : 0.000000,
          "stddev" : 0.000000,
          "percentile" : {
            "1.000000" : 0,
            "5.000000" : 0,
            "10.000000" : 0,
            "20.000000" : 0,
            "30.000000" : 0,
            "40.000000" : 0,
            "50.000000" : 0,
            "60.000000" : 0,
            "70.000000" : 0,
            "80.000000" : 0,
            "90.000000" : 0,
            "95.000000" : 0,
            "99.000000" : 0,
            "99.500000" : 0,
            "99.900000" : 0,
            "99.950000" : 0,
            "99.990000" : 0
          },
          "bins" : {

          }
        },
        "lat_ns" : {
          "min" : 0,
          "max" : 0,
          "mean" : 0.000000,
          "stddev" : 0.000000
        },
        "bw_min" : 0,
        "bw_max" : 0,
        "bw_agg" : 0.000000,
        "bw_mean" : 0.000000,
        "bw_dev" : 0.000000,
        "bw_samples" : 0,
        "iops_min" : 0,
        "iops_max" : 0,
        "iops_mean" : 0.000000,
        "iops_stddev" : 0.000000,
        "iops_samples" : 0
      },
      "write" : {
        "io_bytes" : 256071172096,
        "io_kbytes" : 250069504,
        "bw_bytes" : 169213864,
        "bw" : 165247,
        "iops" : 1290.999333,
        "runtime" : 1513299,
        "total_ios" : 1953668,
        "short_ios" : 0,
        "drop_ios" : 0,
        "slat_ns" : {
          "min" : 6063,
          "max" : 341231,
          "mean" : 17034.455634,
          "stddev" : 5222.196050
        },
        "clat_ns" : {
          "min" : 494493,
          "max" : 89044269,
          "mean" : 24765531.534419,
          "stddev" : 15558197.996282,
          "percentile" : {
            "1.000000" : 12910592,
            "5.000000" : 13172736,
            "10.000000" : 13303808,
            "20.000000" : 13565952,
            "30.000000" : 13828096,
            "40.000000" : 14221312,
            "50.000000" : 14614528,
            "60.000000" : 15400960,
            "70.000000" : 34340864,
            "80.000000" : 36962304,
            "90.000000" : 54263808,
            "95.000000" : 56885248,
            "99.000000" : 62128128,
            "99.500000" : 64225280,
            "99.900000" : 71827456,
            "99.950000" : 76021760,
            "99.990000" : 82313216
          },
          "bins" : {
            "493568" : 1,
            "1368064" : 1,
            "1433600" : 1,
            "2113536" : 1,
            "2506752" : 1,
            "2867200" : 1,
            "3391488" : 1,
            "3719168" : 1,
            "4112384" : 1,
            "4489216" : 1,
            "4882432" : 1,
            "5406720" : 1,
            "5799936" : 1,
            "6193152" : 1,
            "6586368" : 1,
            "6914048" : 1,
            "7307264" : 1,
            "7700480" : 1,
            "8093696" : 1,
            "8454144" : 1,
            "8847360" : 1,
            "9240576" : 1,
            "9764864" : 1,
            "10158080" : 1,
            "10551296" : 1,
            "10944512" : 1,
            "11337728" : 1,
            "11468800" : 1,
            "11730944" : 4,
            "11862016" : 10,
            "11993088" : 14,
            "12124160" : 52,
            "12255232" : 117,
            "12386304" : 191,
            "12517376" : 409,
            "12648448" : 1497,
            "12779520" : 5725,
            "12910592" : 16905,
            "13041664" : 38940,
            "13172736" : 66753,
            "13303808" : 87123,
            "13434880" : 95275,
            "13565952" : 97818,
            "13697024" : 99522,
            "13828096" : 98150,
            "13959168" : 88407,
            "14090240" : 74833,
            "14221312" : 62170,
            "14352384" : 54065,
            "14483456" : 51828,
            "14614528" : 52505,
            "14745600" : 48807,
            "14876672" : 41666,
            "15007744" : 33869,
            "15138816" : 28702,
            "15269888" : 25329,
            "15400960" : 19879,
            "15532032" : 15698,
            "15663104" : 11163,
            "15794176" : 7961,
            "15925248" : 5236,
            "16056320" : 3269,
            "16187392" : 2084,
            "16318464" : 1417,
            "16449536" : 959,
            "16580608" : 747,
            "16711680" : 527,
            "16908288" : 807,
            "17170432" : 596,
            "17432576" : 425,
            "17694720" : 150,
            "17956864" : 79,
            "18219008" : 48,
            "18481152" : 32,
            "18743296" : 14,
            "19005440" : 34,
            "19267584" : 36,
            "19529728" : 56,
            "19791872" : 97,
            "20054016" : 75,
            "20316160" : 61,
            "20578304" : 71,
            "20840448" : 66,
            "21102592" : 54,
            "21364736" : 36,
            "21626880" : 29,
            "21889024" : 21,
            "22151168" : 16,
            "22413312" : 12,
            "22675456" : 2,
            "22937600" : 2,
            "23199744" : 4,
            "23461888" : 1,
            "23724032" : 2,
            "24772608" : 4,
            "25034752" : 4,
            "25296896" : 46,
            "25559040" : 108,
            "25821184" : 109,
            "26083328" : 98,
            "26345472" : 201,
            "26607616" : 817,
            "26869760" : 2829,
            "27131904" : 3790,
            "27394048" : 2968,
            "27656192" : 1967,
            "27918336" : 1548,
            "28180480" : 1321,
            "28442624" : 933,
            "28704768" : 653,
            "28966912" : 368,
            "29229056" : 182,
            "29491200" : 192,
            "29753344" : 194,
            "30015488" : 269,
            "30277632" : 399,
            "30539776" : 505,
            "30801920" : 551,
            "31064064" : 761,
            "31326208" : 1005,
            "31588352" : 1365,
            "31850496" : 1840,
            "32112640" : 2562,
            "32374784" : 3614,
            "32636928" : 5106,
            "32899072" : 6994,
            "33161216" : 8998,
            "33423360" : 11015,
            "33816576" : 27338,
            "34340864" : 34566,
            "34865152" : 44310,
            "35389440" : 48714,
            "35913728" : 45094,
            "36438016" : 39218,
            "36962304" : 35021,
            "37486592" : 26910,
            "38010880" : 17839,
            "38535168" : 13220,
            "39059456" : 11032,
            "39583744" : 9428,
            "40108032" : 8921,
            "40632320" : 7855,
            "41156608" : 6339,
            "41680896" : 4567,
            "42205184" : 3254,
            "42729472" : 2184,
            "43253760" : 1298,
            "43778048" : 669,
            "44302336" : 403,
            "44826624" : 287,
            "45350912" : 206,
            "45875200" : 143,
            "46399488" : 173,
            "46923776" : 196,
            "47448064" : 301,
            "47972352" : 321,