{
  "fio version" : "fio-3.8",
  "timestamp" : 1542785741,
  "timestamp_ms" : 1542785741105,
  "time" : "Tue Nov 20 23:35:41 2018",
  "jobs" : [
    {
      "jobname" : "wipc",
      "groupid" : 0,
      "error" : 0,
      "eta" : 0,
      "elapsed" : 1493,
      "job options" : {
        "ioengine" : "libaio",
        "group_reporting" : "1",
        "direct" : "1",
        "rw" : "write",
        "bssplit" : "128KB",
        "numjobs" : "2",
        "iodepth" : "16",
        "size" : "100%",
        "io_size" : "128035676160B",
        "filename" : "/dev/sdb"
      },
      "read" : {
        "io_bytes" : 0,
        "io_kbytes" : 0,
        "bw_bytes" : 0,
        "bw" : 0,
        "iops" : 0.000000,
        "runtime" : 0,
        "total_ios" : 0,
        "short_ios" : 0,
        "drop_ios" : 0,
        "slat_ns" : {
          "min" : 0,
          "max" : 0,
          "mean" : 0.000000,
          "stddev" : 0.000000
        },
        "clat_ns" : {
          "min" : 0,
          "max" : 0,
          "mean" : 0.000000,
          "stddev" : 0.000000,
          "percentile" : {
            "1.000000" : 0,
            "5.000000" : 0,
            "10.000000" : 0,
            "20.000000" : 0,
            "30.000000" : 0,
            "40.000000" : 0,
            "50.000000" : 0,
            "60.000000" : 0,
            "70.000000" : 0,
            "80.000000" : 0,
            "90.000000" : 0,
            "95.000000" : 0,
            "99.000000" : 0,
            "99.500000" : 0,
            "99.900000" : 0,
            "99.950000" : 0,
            "99.990000" : 0
          },
          "bins" : {

          }
        },
        "lat_ns" : {
          "min" : 0,
          "max" : 0,
          "mean" : 0.000000,
          "stddev" : 0.000000
        },
        "bw_min" : 0,
        "bw_max" : 0,
        "bw_agg" : 0.000000,
        "bw_mean" : 0.000000,
        "bw_dev" : 0.000000,
        "bw_samples" : 0,
        "iops_min" : 0,
        "iops_max" : 0,
        "iops_mean" : 0.000000,
        "iops_stddev" : 0.000000,
        "iops_samples" : 0
      },
      "write" : {
        "io_bytes" : 256071172096,
        "io_kbytes" : 250069504,
        "bw_bytes" : 171640055,
        "bw" : 167617,
        "iops" : 1309.509702,
        "runtime" : 1491908,
        "total_ios" : 1953668,
        "short_ios" : 0,
        "drop_ios" : 0,
        "slat_ns" : {
          "min" : 5417,
          "max" : 499877,
          "mean" : 13106.215742,
          "stddev" : 3766.592523
        },
        "clat_ns" : {
          "min" : 880047,
          "max" : 91076754,
          "mean" : 24418640.618637,
          "stddev" : 16059919.148425,
          "percentile" : {
            "1.000000" : 12648448,
            "5.000000" : 12910592,
            "10.000000" : 13041664,
            "20.000000" : 13434880,
            "30.000000" : 13565952,
            "40.000000" : 13959168,
            "50.000000" : 14352384,
            "60.000000" : 15007744,
            "70.000000" : 33816576,
            "80.000000" : 36962304,
            "90.000000" : 54263808,
            "95.000000" : 56885248,
            "99.000000" : 62128128,
            "99.500000" : 63700992,
            "99.900000" : 71827456,
            "99.950000" : 74973184,
            "99.990000" : 81264640
          },
          "bins" : {
            "880640" : 1,
            "1351680" : 2,
            "2113536" : 1,
            "2473984" : 1,
            "2834432" : 1,
            "3227648" : 1,
            "3620864" : 1,
            "3915776" : 1,
            "4358144" : 1,
            "4685824" : 1,
            "5013504" : 1,
            "5537792" : 1,
            "5865472" : 1,
            "6258688" : 1,
            "6586368" : 1,
            "6979584" : 1,
            "7372800" : 1,
            "7700480" : 1,
            "8093696" : 1,
            "8454144" : 1,
            "8716288" : 1,
            "9502720" : 1,
            "9895936" : 1,
            "10289152" : 1,
            "10682368" : 1,
            "11468800" : 2,
            "11599872" : 4,
            "11730944" : 12,
            "11862016" : 36,
            "11993088" : 95,
            "12124160" : 166,
            "12255232" : 297,
            "12386304" : 820,
            "12517376" : 4153,
            "12648448" : 14648,
            "12779520" : 34191,
            "12910592" : 61195,
            "13041664" : 83896,
            "13172736" : 92504,
            "13303808" : 98561,
            "13434880" : 100412,
            "13565952" : 99838,
            "13697024" : 92798,
            "13828096" : 77384,
            "13959168" : 61224,
            "14090240" : 56492,
            "14221312" : 55914,
            "14352384" : 55438,
            "14483456" : 50925,
            "14614528" : 43820,
            "14745600" : 37778,
            "14876672" : 35808,
            "15007744" : 31224,
            "15138816" : 25255,
            "15269888" : 19554,
            "15400960" : 14676,
            "15532032" : 10388,
            "15663104" : 7344,
            "15794176" : 5509,
            "15925248" : 4199,
            "16056320" : 3158,
            "16187392" : 2546,
            "16318464" : 1990,
            "16449536" : 1619,
            "16580608" : 1262,
            "16711680" : 1127,
            "16908288" : 1417,
            "17170432" : 670,
            "17432576" : 338,
            "17694720" : 149,
            "17956864" : 90,
            "18219008" : 52,
            "18481152" : 28,
            "18743296" : 33,
            "19005440" : 52,
            "19267584" : 75,
            "19529728" : 80,
            "19791872" : 90,
            "20054016" : 84,
            "20316160" : 117,
            "20578304" : 81,
            "20840448" : 61,
            "21102592" : 58,
            "21364736" : 69,
            "21626880" : 66,
            "21889024" : 42,
            "22151168" : 36,
            "22413312" : 22,
            "22675456" : 33,
            "22937600" : 6,
            "23199744" : 7,
            "23461888" : 2,
            "23986176" : 1,
            "24248320" : 1,
            "24510464" : 2,
            "24772608" : 3,
            "25034752" : 1,
            "25296896" : 14,
            "25559040" : 21,
            "25821184" : 46,
            "26083328" : 104,
            "26345472" : 316,
            "26607616" : 1319,
            "26869760" : 3781,
            "27131904" : 3125,
            "27394048" : 1825,
            "27656192" : 1151,
            "27918336" : 1337,
            "28180480" : 1127,
            "28442624" : 1140,
            "28704768" : 1108,
            "28966912" : 738,
            "29229056" : 555,
            "29491200" : 480,
            "29753344" : 427,
            "30015488" : 382,
            "30277632" : 450,
            "30539776" : 515,
            "30801920" : 668,
            "31064064" : 852,
            "31326208" : 1092,
            "31588352" : 1626,
            "31850496" : 2176,
            "32112640" : 2950,
            "32374784" : 4057,
            "32636928" : 5407,
            "32899072" : 6835,
            "33161216" : 8243,
            "33423360" : 9930,
            "33816576" : 25123,
            "34340864" : 33053,
            "34865152" : 38476,
            "35389440" : 38036,
            "35913728" : 33621,
            "36438016" : 29249,
            "36962304" : 22826,
            "37486592" : 15000,
            "38010880" : 10490,
            "38535168" : 8512,
            "39059456" : 7197,
            "39583744" : 6742,
            "40108032" : 6090,
            "40632320" : 5369,
            "41156608" : 4299,
            "41680896" : 3088,
            "42205184" : 1947,
            "42729472" : 1323,
            "43253760" : 888,
            "43778048" : 543,
            "44302336" : 445,
            "44826624" : 333,
            "45350912" : 275,
            "45875200" : 256,
            "46399488" : 331,
            "46923776" : 359,
            "47448064" : 447,