{
  "fio version" : "fio-3.8",
  "timestamp" : 1553362010,
  "timestamp_ms" : 1553362010899,
  "time" : "Sat Mar 23 10:26:50 2019",
  "jobs" : [
    {
      "jobname" : "wipc",
      "groupid" : 0,
      "error" : 0,
      "eta" : 0,
      "elapsed" : 1453,
      "job options" : {
        "ioengine" : "libaio",
        "group_reporting" : "1",
        "direct" : "1",
        "rw" : "write",
        "bssplit" : "128KB",
        "numjobs" : "2",
        "iodepth" : "16",
        "size" : "75%",
        "io_size" : "128035676160B",
        "filename" : "/dev/sdh"
      },
      "read" : {
        "io_bytes" : 0,
        "io_kbytes" : 0,
        "bw_bytes" : 0,
        "bw" : 0,
        "iops" : 0.000000,
        "runtime" : 0,
        "total_ios" : 0,
        "short_ios" : 0,
        "drop_ios" : 0,
        "slat_ns" : {
          "min" : 0,
          "max" : 0,
          "mean" : 0.000000,
          "stddev" : 0.000000
        },
        "clat_ns" : {
          "min" : 0,
          "max" : 0,
          "mean" : 0.000000,
          "stddev" : 0.000000,
          "percentile" : {
            "1.000000" : 0,
            "5.000000" : 0,
            "10.000000" : 0,
            "20.000000" : 0,
            "30.000000" : 0,
            "40.000000" : 0,
            "50.000000" : 0,
            "60.000000" : 0,
            "70.000000" : 0,
            "80.000000" : 0,
            "90.000000" : 0,
            "95.000000" : 0,
            "99.000000" : 0,
            "99.500000" : 0,
            "99.900000" : 0,
            "99.950000" : 0,
            "99.990000" : 0
          },
          "bins" : {

          }
        },
        "lat_ns" : {
          "min" : 0,
          "max" : 0,
          "mean" : 0.000000,
          "stddev" : 0.000000
        },
        "bw_min" : 0,
        "bw_max" : 0,
        "bw_agg" : 0.000000,
        "bw_mean" : 0.000000,
        "bw_dev" : 0.000000,
        "bw_samples" : 0,
        "iops_min" : 0,
        "iops_max" : 0,
        "iops_mean" : 0.000000,
        "iops_stddev" : 0.000000,
        "iops_samples" : 0
      },
      "write" : {
        "io_bytes" : 256071434240,
        "io_kbytes" : 250069760,
        "bw_bytes" : 176288775,
        "bw" : 172157,
        "iops" : 1344.976621,
        "runtime" : 1452568,
        "total_ios" : 1953670,
        "short_ios" : 0,
        "drop_ios" : 0,
        "slat_ns" : {
          "min" : 6718,
          "max" : 397910,
          "mean" : 16422.071310,
          "stddev" : 4761.221507
        },
        "clat_ns" : {
          "min" : 842490,
          "max" : 122925409,
          "mean" : 23770222.831374,
          "stddev" : 15685635.718406,
          "percentile" : {
            "1.000000" : 12779520,
            "5.000000" : 13172736,
            "10.000000" : 13303808,
            "20.000000" : 13565952,
            "30.000000" : 13828096,
            "40.000000" : 14090240,
            "50.000000" : 14483456,
            "60.000000" : 15138816,
            "70.000000" : 32112640,
            "80.000000" : 36438016,
            "90.000000" : 54788096,
            "95.000000" : 57933824,
            "99.000000" : 63700992,
            "99.500000" : 65798144,
            "99.900000" : 78118912,
            "99.950000" : 86507520,
            "99.990000" : 101187584
          },
          "bins" : {
            "839680" : 1,
            "1318912" : 1,
            "1400832" : 1,
            "2113536" : 1,
            "2506752" : 1,
            "2899968" : 1,
            "3260416" : 1,
            "3620864" : 1,
            "4014080" : 1,
            "4423680" : 1,
            "4816896" : 1,
            "5210112" : 1,
            "5537792" : 1,
            "5931008" : 1,
            "6324224" : 1,
            "6717440" : 1,
            "6782976" : 1,
            "7110656" : 2,
            "7241728" : 1,
            "7372800" : 2,
            "7438336" : 5,
            "7503872" : 13,
            "7569408" : 7,
            "7634944" : 14,
            "7700480" : 23,
            "7766016" : 20,
            "7831552" : 3,
            "7897088" : 14,
            "7962624" : 12,
            "8028160" : 2,
            "8093696" : 1,
            "8224768" : 2,
            "8290304" : 2,
            "8355840" : 1,
            "8454144" : 1,
            "8585216" : 4,
            "8716288" : 2,
            "8847360" : 2,
            "8978432" : 1,
            "9502720" : 1,
            "9895936" : 2,
            "10289152" : 2,
            "10551296" : 1,
            "10944512" : 1,
            "11075584" : 1,
            "11599872" : 2,
            "11730944" : 6,
            "11862016" : 16,
            "11993088" : 43,
            "12124160" : 91,
            "12255232" : 198,
            "12386304" : 534,
            "12517376" : 1676,
            "12648448" : 4614,
            "12779520" : 12372,
            "12910592" : 25198,
            "13041664" : 44025,
            "13172736" : 64680,
            "13303808" : 83351,
            "13434880" : 94349,
            "13565952" : 102405,
            "13697024" : 106511,
            "13828096" : 100540,
            "13959168" : 89757,
            "14090240" : 76491,
            "14221312" : 69969,
            "14352384" : 61800,
            "14483456" : 55894,
            "14614528" : 49345,
            "14745600" : 43153,
            "14876672" : 40138,
            "15007744" : 38626,
            "15138816" : 34335,
            "15269888" : 29199,
            "15400960" : 23695,
            "15532032" : 18766,
            "15663104" : 15261,
            "15794176" : 11496,
            "15925248" : 9533,
            "16056320" : 7305,
            "16187392" : 5682,
            "16318464" : 4636,
            "16449536" : 3727,
            "16580608" : 2660,
            "16711680" : 2244,
            "16908288" : 2558,
            "17170432" : 1434,
            "17432576" : 700,
            "17694720" : 342,
            "17956864" : 226,
            "18219008" : 100,
            "18481152" : 57,
            "18743296" : 54,
            "19005440" : 34,
            "19267584" : 42,
            "19529728" : 46,
            "19791872" : 53,
            "20054016" : 62,
            "20316160" : 58,
            "20578304" : 65,
            "20840448" : 59,
            "21102592" : 39,
            "21364736" : 41,
            "21626880" : 30,
            "21889024" : 30,
            "22151168" : 15,
            "22413312" : 13,
            "22675456" : 10,
            "22937600" : 2,
            "23199744" : 1,
            "23461888" : 4,
            "23724032" : 5,
            "23986176" : 6,
            "24248320" : 19,
            "24510464" : 6,
            "24772608" : 6,
            "25034752" : 7,
            "25296896" : 15,
            "25559040" : 39,
            "25821184" : 60,
            "26083328" : 114,
            "26345472" : 214,
            "26607616" : 911,
            "26869760" : 2742,
            "27131904" : 3328,
            "27394048" : 2944,
            "27656192" : 2464,
            "27918336" : 1662,
            "28180480" : 1333,
            "28442624" : 1047,
            "28704768" : 873,
            "28966912" : 465,
            "29229056" : 390,
            "29491200" : 280,
            "29753344" : 318,
            "30015488" : 328,
            "30277632" : 377,
            "30539776" : 431,
            "30801920" : 555,
            "31064064" : 740,
            "31326208" : 899,
            "31588352" : 1240,
            "31850496" : 1650,
            "32112640" : 2246,
            "32374784" : 2968,
            "32636928" : 3981,
            "32899072" : 5194,
            "33161216" : 6412,
            "33423360" : 7895,
            "33816576" : 20345,
            "34340864" : 26123,
            "34865152" : 31826,
            "35389440" : 35385,
            "35913728" : 33893,
            "36438016" : 29985,
            "36962304" : 26044,
            "37486592" : 20719,
            "38010880" : 15551,