{
  "fio version" : "fio-3.8",
  "timestamp" : 1562658598,
  "timestamp_ms" : 1562658598354,
  "time" : "Tue Jul  9 00:49:58 2019",
  "jobs" : [
    {
      "jobname" : "wipc",
      "groupid" : 0,
      "error" : 0,
      "eta" : 0,
      "elapsed" : 1390,
      "job options" : {
        "ioengine" : "libaio",
        "group_reporting" : "1",
        "direct" : "1",
        "rw" : "write",
        "bssplit" : "128KB",
        "numjobs" : "2",
        "iodepth" : "16",
        "size" : "75%",
        "io_size" : "128035676160B",
        "filename" : "/dev/sdc"
      },
      "read" : {
        "io_bytes" : 0,
        "io_kbytes" : 0,
        "bw_bytes" : 0,
        "bw" : 0,
        "iops" : 0.000000,
        "runtime" : 0,
        "total_ios" : 0,
        "short_ios" : 0,
        "drop_ios" : 0,
        "slat_ns" : {
          "min" : 0,
          "max" : 0,
          "mean" : 0.000000,
          "stddev" : 0.000000
        },
        "clat_ns" : {
          "min" : 0,
          "max" : 0,
          "mean" : 0.000000,
          "stddev" : 0.000000,
          "percentile" : {
            "1.000000" : 0,
            "5.000000" : 0,
            "10.000000" : 0,
            "20.000000" : 0,
            "30.000000" : 0,
            "40.000000" : 0,
            "50.000000" : 0,
            "60.000000" : 0,
            "70.000000" : 0,
            "80.000000" : 0,
            "90.000000" : 0,
            "95.000000" : 0,
            "99.000000" : 0,
            "99.500000" : 0,
            "99.900000" : 0,
            "99.950000" : 0,
            "99.990000" : 0
          },
          "bins" : {

          }
        },
        "lat_ns" : {
          "min" : 0,
          "max" : 0,
          "mean" : 0.000000,
          "stddev" : 0.000000
        },
        "bw_min" : 0,
        "bw_max" : 0,
        "bw_agg" : 0.000000,
        "bw_mean" : 0.000000,
        "bw_dev" : 0.000000,
        "bw_samples" : 0,
        "iops_min" : 0,
        "iops_max" : 0,
        "iops_mean" : 0.000000,
        "iops_stddev" : 0.000000,
        "iops_samples" : 0
      },
      "write" : {
        "io_bytes" : 256071434240,
        "io_kbytes" : 250069760,
        "bw_bytes" : 184266341,
        "bw" : 179947,
        "iops" : 1405.840621,
        "runtime" : 1389681,
        "total_ios" : 1953670,
        "short_ios" : 0,
        "drop_ios" : 0,
        "slat_ns" : {
          "min" : 6398,
          "max" : 364718,
          "mean" : 13499.444525,
          "stddev" : 5176.501880
        },
        "clat_ns" : {
          "min" : 972020,
          "max" : 128329341,
          "mean" : 22743169.182143,
          "stddev" : 14904406.706892,
          "percentile" : {
            "1.000000" : 13041664,
            "5.000000" : 13172736,
            "10.000000" : 13303808,
            "20.000000" : 13565952,
            "30.000000" : 13828096,
            "40.000000" : 14090240,
            "50.000000" : 14352384,
            "60.000000" : 14876672,
            "70.000000" : 15663104,
            "80.000000" : 35913728,
            "90.000000" : 53215232,
            "95.000000" : 55836672,
            "99.000000" : 62128128,
            "99.500000" : 64225280,
            "99.900000" : 77070336,
            "99.950000" : 84410368,
            "99.990000" : 100139008
          },
          "bins" : {
            "970752" : 1,
            "1433600" : 1,
            "1449984" : 1,
            "2277376" : 1,
            "2637824" : 1,
            "2998272" : 1,
            "3358720" : 1,
            "3784704" : 1,
            "4079616" : 1,
            "4554752" : 1,
            "4882432" : 1,
            "5275648" : 1,
            "5603328" : 1,
            "6062080" : 1,
            "6258688" : 1,
            "6389760" : 1,
            "6520832" : 4,
            "6651904" : 4,
            "6717440" : 3,
            "6782976" : 7,
            "6848512" : 22,
            "6914048" : 22,
            "6979584" : 18,
            "7045120" : 15,
            "7110656" : 29,
            "7176192" : 4,
            "7241728" : 7,
            "7307264" : 2,
            "7372800" : 5,
            "7438336" : 4,
            "7569408" : 2,
            "7766016" : 1,
            "7962624" : 2,
            "8355840" : 1,
            "8585216" : 1,
            "8716288" : 1,
            "8978432" : 1,
            "9109504" : 1,
            "9371648" : 1,
            "9764864" : 2,
            "10158080" : 1,
            "10420224" : 1,
            "10813440" : 2,
            "11206656" : 1,
            "11468800" : 2,
            "11599872" : 2,
            "11862016" : 1,
            "11993088" : 6,
            "12124160" : 12,
            "12255232" : 22,
            "12386304" : 73,
            "12517376" : 238,
            "12648448" : 834,
            "12779520" : 3772,
            "12910592" : 12756,
            "13041664" : 34703,
            "13172736" : 68576,
            "13303808" : 96418,
            "13434880" : 109053,
            "13565952" : 105811,
            "13697024" : 105638,
            "13828096" : 111279,
            "13959168" : 107786,
            "14090240" : 92496,
            "14221312" : 71476,
            "14352384" : 57794,
            "14483456" : 52212,
            "14614528" : 52363,
            "14745600" : 55219,
            "14876672" : 55126,
            "15007744" : 49421,
            "15138816" : 41320,
            "15269888" : 33294,
            "15400960" : 25380,
            "15532032" : 17489,
            "15663104" : 10879,
            "15794176" : 6672,
            "15925248" : 4569,
            "16056320" : 3024,
            "16187392" : 2131,
            "16318464" : 1405,
            "16449536" : 1142,
            "16580608" : 864,
            "16711680" : 683,
            "16908288" : 939,
            "17170432" : 475,
            "17432576" : 247,
            "17694720" : 103,
            "17956864" : 71,
            "18219008" : 25,
            "18481152" : 19,
            "18743296" : 25,
            "19005440" : 33,
            "19267584" : 45,
            "19529728" : 60,
            "19791872" : 70,
            "20054016" : 81,
            "20316160" : 68,
            "20578304" : 56,
            "20840448" : 53,
            "21102592" : 48,
            "21364736" : 27,
            "21626880" : 19,
            "21889024" : 13,
            "22151168" : 6,
            "22413312" : 2,
            "22675456" : 2,
            "23199744" : 1,
            "24248320" : 10,
            "24510464" : 20,
            "24772608" : 11,
            "25034752" : 9,
            "25296896" : 5,
            "25559040" : 16,
            "25821184" : 29,
            "26083328" : 50,
            "26345472" : 86,
            "26607616" : 144,
            "26869760" : 742,
            "27131904" : 3328,
            "27394048" : 5163,
            "27656192" : 2450,
            "27918336" : 1464,
            "28180480" : 1395,
            "28442624" : 880,
            "28704768" : 1278,
            "28966912" : 1437,
            "29229056" : 731,
            "29491200" : 554,
            "29753344" : 475,
            "30015488" : 565,
            "30277632" : 581,
            "30539776" : 547,
            "30801920" : 653,
            "31064064" : 709,
            "31326208" : 965,
            "31588352" : 1258,
            "31850496" : 1916,
            "32112640" : 2542,
            "32374784" : 3419,
            "32636928" : 4164,
            "32899072" : 5640,
            "33161216" : 6918,
            "33423360" : 8168,
            "33816576" : 20208,
            "34340864" : 25170,
            "34865152" : 31212,
            "35389440" : 32644,
            "35913728" : 28532,
            "36438016" : 26864,
            "36962304" : 23779,
            "37486592" : 16350,
            "38010880" : 11149,
            "38535168" : 9305,
            "39059456" : 7518,
            "39583744" : 6538,
            "40108032" : 6296,
            "40632320" : 5590,