{
  "fio version" : "fio-3.8",
  "timestamp" : 1562557714,
  "timestamp_ms" : 1562557714509,
  "time" : "Sun Jul  7 20:48:34 2019",
  "jobs" : [
    {
      "jobname" : "wipc",
      "groupid" : 0,
      "error" : 0,
      "eta" : 0,
      "elapsed" : 1449,
      "job options" : {
        "ioengine" : "libaio",
        "group_reporting" : "1",
        "direct" : "1",
        "rw" : "write",
        "bssplit" : "128KB",
        "numjobs" : "2",
        "iodepth" : "16",
        "size" : "75%",
        "io_size" : "128035676160B",
        "filename" : "/dev/sdc"
      },
      "read" : {
        "io_bytes" : 0,
        "io_kbytes" : 0,
        "bw_bytes" : 0,
        "bw" : 0,
        "iops" : 0.000000,
        "runtime" : 0,
        "total_ios" : 0,
        "short_ios" : 0,
        "drop_ios" : 0,
        "slat_ns" : {
          "min" : 0,
          "max" : 0,
          "mean" : 0.000000,
          "stddev" : 0.000000
        },
        "clat_ns" : {
          "min" : 0,
          "max" : 0,
          "mean" : 0.000000,
          "stddev" : 0.000000,
          "percentile" : {
            "1.000000" : 0,
            "5.000000" : 0,
            "10.000000" : 0,
            "20.000000" : 0,
            "30.000000" : 0,
            "40.000000" : 0,
            "50.000000" : 0,
            "60.000000" : 0,
            "70.000000" : 0,
            "80.000000" : 0,
            "90.000000" : 0,
            "95.000000" : 0,
            "99.000000" : 0,
            "99.500000" : 0,
            "99.900000" : 0,
            "99.950000" : 0,
            "99.990000" : 0
          },
          "bins" : {

          }
        },
        "lat_ns" : {
          "min" : 0,
          "max" : 0,
          "mean" : 0.000000,
          "stddev" : 0.000000
        },
        "bw_min" : 0,
        "bw_max" : 0,
        "bw_agg" : 0.000000,
        "bw_mean" : 0.000000,
        "bw_dev" : 0.000000,
        "bw_samples" : 0,
        "iops_min" : 0,
        "iops_max" : 0,
        "iops_mean" : 0.000000,
        "iops_stddev" : 0.000000,
        "iops_samples" : 0
      },
      "write" : {
        "io_bytes" : 256071434240,
        "io_kbytes" : 250069760,
        "bw_bytes" : 176841371,
        "bw" : 172696,
        "iops" : 1349.192592,
        "runtime" : 1448029,
        "total_ios" : 1953670,
        "short_ios" : 0,
        "drop_ios" : 0,
        "slat_ns" : {
          "min" : 5820,
          "max" : 407279,
          "mean" : 14111.990142,
          "stddev" : 5397.520477
        },
        "clat_ns" : {
          "min" : 915729,
          "max" : 118426699,
          "mean" : 23696058.009152,
          "stddev" : 15706681.584470,
          "percentile" : {
            "1.000000" : 12910592,
            "5.000000" : 13041664,
            "10.000000" : 13172736,
            "20.000000" : 13434880,
            "30.000000" : 13697024,
            "40.000000" : 13959168,
            "50.000000" : 14352384,
            "60.000000" : 14876672,
            "70.000000" : 31850496,
            "80.000000" : 36438016,
            "90.000000" : 54263808,
            "95.000000" : 56885248,
            "99.000000" : 62652416,
            "99.500000" : 64749568,
            "99.900000" : 79167488,
            "99.950000" : 88604672,
            "99.990000" : 98041856
          },
          "bins" : {
            "913408" : 1,
            "1351680" : 1,
            "1417216" : 1,
            "2113536" : 1,
            "2473984" : 1,
            "2834432" : 1,
            "3325952" : 1,
            "3751936" : 1,
            "4079616" : 1,
            "4489216" : 1,
            "4816896" : 1,
            "5341184" : 1,
            "5734400" : 1,
            "6127616" : 1,
            "6455296" : 1,
            "6848512" : 1,
            "7176192" : 1,
            "7569408" : 1,
            "7962624" : 1,
            "8355840" : 1,
            "8716288" : 1,
            "9109504" : 1,
            "9633792" : 1,
            "10027008" : 1,
            "10289152" : 1,
            "10682368" : 1,
            "11075584" : 1,
            "11337728" : 1,
            "11599872" : 8,
            "11730944" : 37,
            "11862016" : 85,
            "11993088" : 135,
            "12124160" : 165,
            "12255232" : 154,
            "12386304" : 250,
            "12517376" : 508,
            "12648448" : 2433,
            "12779520" : 10885,
            "12910592" : 33646,
            "13041664" : 66808,
            "13172736" : 93346,
            "13303808" : 99247,
            "13434880" : 98464,
            "13565952" : 103433,
            "13697024" : 109150,
            "13828096" : 107165,
            "13959168" : 88135,
            "14090240" : 64337,
            "14221312" : 51773,
            "14352384" : 51804,
            "14483456" : 56336,
            "14614528" : 54914,
            "14745600" : 48764,
            "14876672" : 42139,
            "15007744" : 37124,
            "15138816" : 32669,
            "15269888" : 26290,
            "15400960" : 18431,
            "15532032" : 12402,
            "15663104" : 8072,
            "15794176" : 5548,
            "15925248" : 3850,
            "16056320" : 2662,
            "16187392" : 1983,
            "16318464" : 1450,
            "16449536" : 1198,
            "16580608" : 1129,
            "16711680" : 921,
            "16908288" : 1145,
            "17170432" : 724,
            "17432576" : 366,
            "17694720" : 138,
            "17956864" : 87,
            "18219008" : 58,
            "18481152" : 49,
            "18743296" : 73,
            "19005440" : 53,
            "19267584" : 62,
            "19529728" : 63,
            "19791872" : 57,
            "20054016" : 63,
            "20316160" : 71,
            "20578304" : 86,
            "20840448" : 61,
            "21102592" : 58,
            "21364736" : 61,
            "21626880" : 29,
            "21889024" : 32,
            "22151168" : 36,
            "22413312" : 12,
            "22675456" : 4,
            "22937600" : 5,
            "23199744" : 1,
            "23461888" : 3,
            "23724032" : 3,
            "23986176" : 11,
            "24248320" : 21,
            "24510464" : 4,
            "24772608" : 10,
            "25034752" : 5,
            "25296896" : 9,
            "25559040" : 32,
            "25821184" : 84,
            "26083328" : 160,
            "26345472" : 255,
            "26607616" : 678,
            "26869760" : 3385,
            "27131904" : 5186,
            "27394048" : 2505,
            "27656192" : 2047,
            "27918336" : 1425,
            "28180480" : 895,
            "28442624" : 655,
            "28704768" : 657,
            "28966912" : 508,
            "29229056" : 329,
            "29491200" : 293,
            "29753344" : 315,
            "30015488" : 331,
            "30277632" : 401,
            "30539776" : 535,
            "30801920" : 703,
            "31064064" : 803,
            "31326208" : 1056,
            "31588352" : 1424,
            "31850496" : 1968,
            "32112640" : 2622,
            "32374784" : 3594,
            "32636928" : 4847,
            "32899072" : 6244,
            "33161216" : 7603,
            "33423360" : 8881,
            "33816576" : 21096,
            "34340864" : 27470,
            "34865152" : 33751,
            "35389440" : 33941,
            "35913728" : 29761,
            "36438016" : 27890,
            "36962304" : 24713,
            "37486592" : 16730,
            "38010880" : 11310,
            "38535168" : 9077,
            "39059456" : 7574,
            "39583744" : 6730,
            "40108032" : 6176,
            "40632320" : 5465,
            "41156608" : 4286,
            "41680896" : 3429,
            "42205184" : 2614,
            "42729472" : 1883,
            "43253760" : 1191,
            "43778048" : 739,
            "44302336" : 557,
            "44826624" : 477,
            "45350912" : 349,
            "45875200" : 366,