{
  "fio version" : "fio-3.8",
  "timestamp" : 1553240559,
  "timestamp_ms" : 1553240559851,
  "time" : "Fri Mar 22 00:42:39 2019",
  "jobs" : [
    {
      "jobname" : "wipc",
      "groupid" : 0,
      "error" : 0,
      "eta" : 0,
      "elapsed" : 1419,
      "job options" : {
        "ioengine" : "libaio",
        "group_reporting" : "1",
        "direct" : "1",
        "rw" : "write",
        "bssplit" : "128KB",
        "numjobs" : "2",
        "iodepth" : "16",
        "size" : "75%",
        "io_size" : "128035676160B",
        "filename" : "/dev/sdb"
      },
      "read" : {
        "io_bytes" : 0,
        "io_kbytes" : 0,
        "bw_bytes" : 0,
        "bw" : 0,
        "iops" : 0.000000,
        "runtime" : 0,
        "total_ios" : 0,
        "short_ios" : 0,
        "drop_ios" : 0,
        "slat_ns" : {
          "min" : 0,
          "max" : 0,
          "mean" : 0.000000,
          "stddev" : 0.000000
        },
        "clat_ns" : {
          "min" : 0,
          "max" : 0,
          "mean" : 0.000000,
          "stddev" : 0.000000,
          "percentile" : {
            "1.000000" : 0,
            "5.000000" : 0,
            "10.000000" : 0,
            "20.000000" : 0,
            "30.000000" : 0,
            "40.000000" : 0,
            "50.000000" : 0,
            "60.000000" : 0,
            "70.000000" : 0,
            "80.000000" : 0,
            "90.000000" : 0,
            "95.000000" : 0,
            "99.000000" : 0,
            "99.500000" : 0,
            "99.900000" : 0,
            "99.950000" : 0,
            "99.990000" : 0
          },
          "bins" : {

          }
        },
        "lat_ns" : {
          "min" : 0,
          "max" : 0,
          "mean" : 0.000000,
          "stddev" : 0.000000
        },
        "bw_min" : 0,
        "bw_max" : 0,
        "bw_agg" : 0.000000,
        "bw_mean" : 0.000000,
        "bw_dev" : 0.000000,
        "bw_samples" : 0,
        "iops_min" : 0,
        "iops_max" : 0,
        "iops_mean" : 0.000000,
        "iops_stddev" : 0.000000,
        "iops_samples" : 0
      },
      "write" : {
        "io_bytes" : 256071434240,
        "io_kbytes" : 250069760,
        "bw_bytes" : 180563804,
        "bw" : 176331,
        "iops" : 1377.592501,
        "runtime" : 1418177,
        "total_ios" : 1953670,
        "short_ios" : 0,
        "drop_ios" : 0,
        "slat_ns" : {
          "min" : 7033,
          "max" : 402518,
          "mean" : 16431.099831,
          "stddev" : 6055.365909
        },
        "clat_ns" : {
          "min" : 888501,
          "max" : 131404347,
          "mean" : 23208711.396313,
          "stddev" : 14893161.993245,
          "percentile" : {
            "1.000000" : 12910592,
            "5.000000" : 13041664,
            "10.000000" : 13303808,
            "20.000000" : 13565952,
            "30.000000" : 13697024,
            "40.000000" : 14090240,
            "50.000000" : 14352384,
            "60.000000" : 14876672,
            "70.000000" : 32374784,
            "80.000000" : 35913728,
            "90.000000" : 53215232,
            "95.000000" : 56360960,
            "99.000000" : 62128128,
            "99.500000" : 64225280,
            "99.900000" : 76021760,
            "99.950000" : 82313216,
            "99.990000" : 102236160
          },
          "bins" : {
            "888832" : 1,
            "1400832" : 1,
            "1433600" : 1,
            "2146304" : 1,
            "2506752" : 1,
            "2867200" : 1,
            "3391488" : 1,
            "3751936" : 1,
            "4112384" : 1,
            "4145152" : 1,
            "4554752" : 1,
            "4882432" : 1,
            "5668864" : 1,
            "6062080" : 1,
            "6258688" : 4,
            "6324224" : 2,
            "6389760" : 5,
            "6455296" : 11,
            "6520832" : 6,
            "6586368" : 3,
            "6651904" : 4,
            "6717440" : 5,
            "6782976" : 3,
            "6848512" : 16,
            "6914048" : 8,
            "6979584" : 22,
            "7045120" : 30,
            "7110656" : 25,
            "7176192" : 9,
            "7241728" : 5,
            "7307264" : 10,
            "7372800" : 2,
            "7438336" : 1,
            "7503872" : 3,
            "7569408" : 3,
            "7634944" : 1,
            "7700480" : 2,
            "7766016" : 4,
            "7831552" : 3,
            "7897088" : 8,
            "7962624" : 6,
            "8028160" : 3,
            "8093696" : 7,
            "8159232" : 12,
            "8224768" : 11,
            "8290304" : 10,
            "8355840" : 11,
            "8454144" : 13,
            "8585216" : 12,
            "8716288" : 2,
            "8978432" : 3,
            "9109504" : 1,
            "9240576" : 1,
            "9371648" : 2,
            "9502720" : 1,
            "9633792" : 1,
            "9764864" : 2,
            "10027008" : 3,
            "10158080" : 2,
            "10289152" : 1,
            "10420224" : 3,
            "10813440" : 3,
            "11075584" : 1,
            "11206656" : 3,
            "11468800" : 4,
            "11599872" : 3,
            "11730944" : 5,
            "11862016" : 24,
            "11993088" : 43,
            "12124160" : 110,
            "12255232" : 181,
            "12386304" : 291,
            "12517376" : 969,
            "12648448" : 3664,
            "12779520" : 11947,
            "12910592" : 28260,
            "13041664" : 53419,
            "13172736" : 78281,
            "13303808" : 94254,
            "13434880" : 103253,
            "13565952" : 106944,
            "13697024" : 106792,
            "13828096" : 100142,
            "13959168" : 88279,
            "14090240" : 76924,
            "14221312" : 68252,
            "14352384" : 64912,
            "14483456" : 59221,
            "14614528" : 51866,
            "14745600" : 43682,
            "14876672" : 39358,
            "15007744" : 34263,
            "15138816" : 30276,
            "15269888" : 25332,
            "15400960" : 18665,
            "15532032" : 14019,
            "15663104" : 10095,
            "15794176" : 6785,
            "15925248" : 4467,
            "16056320" : 3262,
            "16187392" : 2361,
            "16318464" : 1776,
            "16449536" : 1422,
            "16580608" : 1081,
            "16711680" : 798,
            "16908288" : 1003,
            "17170432" : 649,
            "17432576" : 371,
            "17694720" : 187,
            "17956864" : 108,
            "18219008" : 46,
            "18481152" : 17,
            "18743296" : 21,
            "19005440" : 29,
            "19267584" : 31,
            "19529728" : 25,
            "19791872" : 24,
            "20054016" : 39,
            "20316160" : 42,
            "20578304" : 47,
            "20840448" : 32,
            "21102592" : 46,
            "21364736" : 45,
            "21626880" : 61,
            "21889024" : 58,
            "22151168" : 36,
            "22413312" : 31,
            "22675456" : 17,
            "22937600" : 19,
            "23199744" : 26,
            "23461888" : 19,
            "23724032" : 19,
            "23986176" : 5,
            "24248320" : 14,
            "24510464" : 14,
            "24772608" : 11,
            "25034752" : 5,
            "25296896" : 6,
            "25559040" : 13,
            "25821184" : 45,
            "26083328" : 105,
            "26345472" : 305,
            "26607616" : 1120,
            "26869760" : 3760,
            "27131904" : 4400,
            "27394048" : 2618,
            "27656192" : 1813,
            "27918336" : 1407,
            "28180480" : 1148,
            "28442624" : 1019,
            "28704768" : 610,
            "28966912" : 384,
            "29229056" : 327,
            "29491200" : 334,
            "29753344" : 355,
            "30015488" : 326,
            "30277632" : 384,
            "30539776" : 450,
            "30801920" : 574,
            "31064064" : 707,