{
  "fio version" : "fio-3.8",
  "timestamp" : 1542943783,
  "timestamp_ms" : 1542943783703,
  "time" : "Thu Nov 22 19:29:43 2018",
  "jobs" : [
    {
      "jobname" : "wipc",
      "groupid" : 0,
      "error" : 0,
      "eta" : 0,
      "elapsed" : 1488,
      "job options" : {
        "ioengine" : "libaio",
        "group_reporting" : "1",
        "direct" : "1",
        "rw" : "write",
        "bssplit" : "128KB",
        "numjobs" : "2",
        "iodepth" : "16",
        "size" : "100%",
        "io_size" : "128035676160B",
        "filename" : "/dev/sdb"
      },
      "read" : {
        "io_bytes" : 0,
        "io_kbytes" : 0,
        "bw_bytes" : 0,
        "bw" : 0,
        "iops" : 0.000000,
        "runtime" : 0,
        "total_ios" : 0,
        "short_ios" : 0,
        "drop_ios" : 0,
        "slat_ns" : {
          "min" : 0,
          "max" : 0,
          "mean" : 0.000000,
          "stddev" : 0.000000
        },
        "clat_ns" : {
          "min" : 0,
          "max" : 0,
          "mean" : 0.000000,
          "stddev" : 0.000000,
          "percentile" : {
            "1.000000" : 0,
            "5.000000" : 0,
            "10.000000" : 0,
            "20.000000" : 0,
            "30.000000" : 0,
            "40.000000" : 0,
            "50.000000" : 0,
            "60.000000" : 0,
            "70.000000" : 0,
            "80.000000" : 0,
            "90.000000" : 0,
            "95.000000" : 0,
            "99.000000" : 0,
            "99.500000" : 0,
            "99.900000" : 0,
            "99.950000" : 0,
            "99.990000" : 0
          },
          "bins" : {

          }
        },
        "lat_ns" : {
          "min" : 0,
          "max" : 0,
          "mean" : 0.000000,
          "stddev" : 0.000000
        },
        "bw_min" : 0,
        "bw_max" : 0,
        "bw_agg" : 0.000000,
        "bw_mean" : 0.000000,
        "bw_dev" : 0.000000,
        "bw_samples" : 0,
        "iops_min" : 0,
        "iops_max" : 0,
        "iops_mean" : 0.000000,
        "iops_stddev" : 0.000000,
        "iops_samples" : 0
      },
      "write" : {
        "io_bytes" : 256071172096,
        "io_kbytes" : 250069504,
        "bw_bytes" : 172115826,
        "bw" : 168081,
        "iops" : 1313.139542,
        "runtime" : 1487784,
        "total_ios" : 1953668,
        "short_ios" : 0,
        "drop_ios" : 0,
        "slat_ns" : {
          "min" : 5400,
          "max" : 477210,
          "mean" : 13482.368572,
          "stddev" : 3803.755610
        },
        "clat_ns" : {
          "min" : 891039,
          "max" : 103891369,
          "mean" : 24344775.749392,
          "stddev" : 16085220.358888,
          "percentile" : {
            "1.000000" : 12648448,
            "5.000000" : 12910592,
            "10.000000" : 13041664,
            "20.000000" : 13303808,
            "30.000000" : 13565952,
            "40.000000" : 13959168,
            "50.000000" : 14352384,
            "60.000000" : 15007744,
            "70.000000" : 33423360,
            "80.000000" : 36962304,
            "90.000000" : 54263808,
            "95.000000" : 56885248,
            "99.000000" : 62128128,
            "99.500000" : 63700992,
            "99.900000" : 72876032,
            "99.950000" : 74973184,
            "99.990000" : 81264640
          },
          "bins" : {
            "888832" : 1,
            "1368064" : 1,
            "1384448" : 1,
            "2088960" : 1,
            "2375680" : 1,
            "2834432" : 1,
            "3194880" : 1,
            "3588096" : 1,
            "3948544" : 1,
            "4292608" : 1,
            "4685824" : 1,
            "5079040" : 1,
            "5472256" : 1,
            "5865472" : 1,
            "6193152" : 1,
            "6455296" : 1,
            "6520832" : 3,
            "6586368" : 2,
            "6651904" : 1,
            "6717440" : 6,
            "6782976" : 4,
            "6848512" : 11,
            "6914048" : 13,
            "6979584" : 5,
            "7045120" : 9,
            "7110656" : 5,
            "7176192" : 10,
            "7241728" : 2,
            "7307264" : 8,
            "7372800" : 3,
            "7438336" : 10,
            "7503872" : 5,
            "7569408" : 2,
            "7634944" : 2,
            "7700480" : 2,
            "7766016" : 1,
            "7831552" : 1,
            "8028160" : 1,
            "8454144" : 1,
            "8716288" : 1,
            "8847360" : 2,
            "9371648" : 1,
            "9633792" : 1,
            "9764864" : 1,
            "10027008" : 1,
            "10158080" : 2,
            "10551296" : 3,
            "10682368" : 1,
            "10813440" : 1,
            "10944512" : 1,
            "11075584" : 3,
            "11206656" : 4,
            "11337728" : 11,
            "11468800" : 36,
            "11599872" : 94,
            "11730944" : 148,
            "11862016" : 129,
            "11993088" : 162,
            "12124160" : 215,
            "12255232" : 361,
            "12386304" : 1504,
            "12517376" : 5053,
            "12648448" : 16463,
            "12779520" : 37078,
            "12910592" : 65298,
            "13041664" : 83988,
            "13172736" : 90530,
            "13303808" : 96744,
            "13434880" : 100478,
            "13565952" : 100455,
            "13697024" : 93674,
            "13828096" : 75103,
            "13959168" : 59605,
            "14090240" : 56915,
            "14221312" : 59945,
            "14352384" : 59077,
            "14483456" : 51084,
            "14614528" : 42376,
            "14745600" : 37378,
            "14876672" : 34448,
            "15007744" : 29470,
            "15138816" : 24152,
            "15269888" : 18644,
            "15400960" : 14049,
            "15532032" : 10303,
            "15663104" : 7803,
            "15794176" : 5652,
            "15925248" : 4208,
            "16056320" : 3310,
            "16187392" : 2646,
            "16318464" : 2108,
            "16449536" : 1736,
            "16580608" : 1506,
            "16711680" : 1243,
            "16908288" : 1764,
            "17170432" : 762,
            "17432576" : 382,
            "17694720" : 207,
            "17956864" : 157,
            "18219008" : 156,
            "18481152" : 186,
            "18743296" : 182,
            "19005440" : 151,
            "19267584" : 120,
            "19529728" : 99,
            "19791872" : 101,
            "20054016" : 51,
            "20316160" : 60,
            "20578304" : 41,
            "20840448" : 23,
            "21102592" : 8,
            "21364736" : 17,
            "21626880" : 17,
            "21889024" : 18,
            "22151168" : 21,
            "22413312" : 20,
            "22675456" : 8,
            "22937600" : 5,
            "23199744" : 11,
            "23461888" : 5,
            "23724032" : 3,
            "23986176" : 7,
            "24248320" : 4,
            "24510464" : 5,
            "24772608" : 27,
            "25034752" : 31,
            "25296896" : 50,
            "25559040" : 67,
            "25821184" : 104,
            "26083328" : 140,
            "26345472" : 180,
            "26607616" : 449,
            "26869760" : 1116,
            "27131904" : 1501,
            "27394048" : 943,
            "27656192" : 671,
            "27918336" : 1054,
            "28180480" : 1340,
            "28442624" : 1873,
            "28704768" : 2915,
            "28966912" : 1892,
            "29229056" : 1310,
            "29491200" : 904,
            "29753344" : 834,
            "30015488" : 1074,
            "30277632" : 1130,
            "30539776" : 965,
            "30801920" : 1129,
            "31064064" : 1201,
            "31326208" : 1469,
            "31588352" : 1964,
            "31850496" : 2685,
            "32112640" : 3519,
            "32374784" : 4699,
            "32636928" : 6226,
            "32899072" : 7319,
            "33161216" : 9026,
            "33423360" : 10357,