{
  "fio version" : "fio-3.8",
  "timestamp" : 1545900186,
  "timestamp_ms" : 1545900186455,
  "time" : "Thu Dec 27 00:43:06 2018",
  "jobs" : [
    {
      "jobname" : "wipc",
      "groupid" : 0,
      "error" : 0,
      "eta" : 0,
      "elapsed" : 1381,
      "job options" : {
        "ioengine" : "libaio",
        "group_reporting" : "1",
        "direct" : "1",
        "rw" : "write",
        "bssplit" : "128KB",
        "numjobs" : "2",
        "iodepth" : "16",
        "size" : "75%",
        "io_size" : "128035676160B",
        "filename" : "/dev/sde"
      },
      "read" : {
        "io_bytes" : 0,
        "io_kbytes" : 0,
        "bw_bytes" : 0,
        "bw" : 0,
        "iops" : 0.000000,
        "runtime" : 0,
        "total_ios" : 0,
        "short_ios" : 0,
        "drop_ios" : 0,
        "slat_ns" : {
          "min" : 0,
          "max" : 0,
          "mean" : 0.000000,
          "stddev" : 0.000000
        },
        "clat_ns" : {
          "min" : 0,
          "max" : 0,
          "mean" : 0.000000,
          "stddev" : 0.000000,
          "percentile" : {
            "1.000000" : 0,
            "5.000000" : 0,
            "10.000000" : 0,
            "20.000000" : 0,
            "30.000000" : 0,
            "40.000000" : 0,
            "50.000000" : 0,
            "60.000000" : 0,
            "70.000000" : 0,
            "80.000000" : 0,
            "90.000000" : 0,
            "95.000000" : 0,
            "99.000000" : 0,
            "99.500000" : 0,
            "99.900000" : 0,
            "99.950000" : 0,
            "99.990000" : 0
          },
          "bins" : {

          }
        },
        "lat_ns" : {
          "min" : 0,
          "max" : 0,
          "mean" : 0.000000,
          "stddev" : 0.000000
        },
        "bw_min" : 0,
        "bw_max" : 0,
        "bw_agg" : 0.000000,
        "bw_mean" : 0.000000,
        "bw_dev" : 0.000000,
        "bw_samples" : 0,
        "iops_min" : 0,
        "iops_max" : 0,
        "iops_mean" : 0.000000,
        "iops_stddev" : 0.000000,
        "iops_samples" : 0
      },
      "write" : {
        "io_bytes" : 256071434240,
        "io_kbytes" : 250069760,
        "bw_bytes" : 185546640,
        "bw" : 181197,
        "iops" : 1415.608525,
        "runtime" : 1380092,
        "total_ios" : 1953670,
        "short_ios" : 0,
        "drop_ios" : 0,
        "slat_ns" : {
          "min" : 6628,
          "max" : 416175,
          "mean" : 15095.891867,
          "stddev" : 5888.275293
        },
        "clat_ns" : {
          "min" : 817903,
          "max" : 122227909,
          "mean" : 22586222.251228,
          "stddev" : 14833475.066335,
          "percentile" : {
            "1.000000" : 12779520,
            "5.000000" : 13041664,
            "10.000000" : 13172736,
            "20.000000" : 13434880,
            "30.000000" : 13697024,
            "40.000000" : 13959168,
            "50.000000" : 14221312,
            "60.000000" : 14745600,
            "70.000000" : 15794176,
            "80.000000" : 35389440,
            "90.000000" : 53215232,
            "95.000000" : 55836672,
            "99.000000" : 61603840,
            "99.500000" : 63700992,
            "99.900000" : 74973184,
            "99.950000" : 83361792,
            "99.990000" : 96993280
          },
          "bins" : {
            "815104" : 1,
            "1286144" : 1,
            "1384448" : 1,
            "2023424" : 1,
            "2375680" : 1,
            "2736128" : 1,
            "3129344" : 1,
            "3489792" : 1,
            "3850240" : 1,
            "4227072" : 1,
            "4620288" : 1,
            "4947968" : 1,
            "5341184" : 1,
            "5734400" : 1,
            "5865472" : 1,
            "5931008" : 1,
            "5996544" : 1,
            "6062080" : 1,
            "6258688" : 1,
            "6324224" : 1,
            "6455296" : 3,
            "6520832" : 2,
            "6586368" : 3,
            "6651904" : 2,
            "6717440" : 7,
            "6782976" : 9,
            "6848512" : 16,
            "6914048" : 24,
            "6979584" : 21,
            "7045120" : 34,
            "7110656" : 53,
            "7176192" : 28,
            "7241728" : 5,
            "7307264" : 3,
            "7372800" : 5,
            "7438336" : 11,
            "7503872" : 9,
            "7569408" : 11,
            "7634944" : 3,
            "7700480" : 6,
            "7766016" : 2,
            "7831552" : 9,
            "7897088" : 14,
            "7962624" : 27,
            "8028160" : 1,
            "8093696" : 5,
            "8159232" : 4,
            "8224768" : 3,
            "8290304" : 2,
            "8355840" : 2,
            "8454144" : 3,
            "8585216" : 1,
            "8716288" : 3,
            "8847360" : 1,
            "9109504" : 2,
            "9371648" : 1,
            "9502720" : 5,
            "9764864" : 2,
            "9895936" : 4,
            "10158080" : 3,
            "10289152" : 3,
            "10551296" : 2,
            "10682368" : 2,
            "10813440" : 1,
            "10944512" : 2,
            "11075584" : 1,
            "11206656" : 4,
            "11337728" : 13,
            "11468800" : 47,
            "11599872" : 80,
            "11730944" : 115,
            "11862016" : 154,
            "11993088" : 157,
            "12124160" : 233,
            "12255232" : 368,
            "12386304" : 676,
            "12517376" : 2445,
            "12648448" : 8418,
            "12779520" : 24042,
            "12910592" : 52545,
            "13041664" : 80390,
            "13172736" : 96645,
            "13303808" : 98904,
            "13434880" : 103680,
            "13565952" : 107084,
            "13697024" : 102367,
            "13828096" : 91718,
            "13959168" : 79608,
            "14090240" : 67625,
            "14221312" : 61196,
            "14352384" : 61682,
            "14483456" : 59483,
            "14614528" : 54564,
            "14745600" : 46010,
            "14876672" : 39586,
            "15007744" : 34231,
            "15138816" : 28479,
            "15269888" : 23245,
            "15400960" : 17956,
            "15532032" : 13115,
            "15663104" : 9300,
            "15794176" : 6451,
            "15925248" : 4266,
            "16056320" : 3182,
            "16187392" : 2413,
            "16318464" : 1727,
            "16449536" : 1318,
            "16580608" : 935,
            "16711680" : 619,
            "16908288" : 767,
            "17170432" : 471,
            "17432576" : 218,
            "17694720" : 97,
            "17956864" : 55,
            "18219008" : 34,
            "18481152" : 15,
            "18743296" : 24,
            "19005440" : 41,
            "19267584" : 47,
            "19529728" : 67,
            "19791872" : 66,
            "20054016" : 77,
            "20316160" : 72,
            "20578304" : 69,
            "20840448" : 51,
            "21102592" : 42,
            "21364736" : 38,
            "21626880" : 27,
            "21889024" : 21,
            "22151168" : 8,
            "22413312" : 2,
            "23199744" : 1,
            "23724032" : 5,
            "23986176" : 25,
            "24248320" : 4,
            "24510464" : 9,
            "25034752" : 3,
            "25296896" : 19,
            "25559040" : 31,
            "25821184" : 66,
            "26083328" : 146,
            "26345472" : 755,
            "26607616" : 3406,
            "26869760" : 4657,
            "27131904" : 3407,
            "27394048" : 2336,
            "27656192" : 1220,
            "27918336" : 939,
            "28180480" : 841,
            "28442624" : 659,
            "28704768" : 424,
            "28966912" : 358,
            "29229056" : 324,
            "29491200" : 276,
            "29753344" : 317,
            "30015488" : 270,
            "30277632" : 357,
            "30539776" : 526,
            "30801920" : 629,
            "31064064" : 708,
            "31326208" : 983,