{
  "fio version" : "fio-3.8",
  "timestamp" : 1545900190,
  "timestamp_ms" : 1545900190104,
  "time" : "Thu Dec 27 00:43:10 2018",
  "jobs" : [
    {
      "jobname" : "wipc",
      "groupid" : 0,
      "error" : 0,
      "eta" : 0,
      "elapsed" : 1385,
      "job options" : {
        "ioengine" : "libaio",
        "group_reporting" : "1",
        "direct" : "1",
        "rw" : "write",
        "bssplit" : "128KB",
        "numjobs" : "2",
        "iodepth" : "16",
        "size" : "75%",
        "io_size" : "128035676160B",
        "filename" : "/dev/sda"
      },
      "read" : {
        "io_bytes" : 0,
        "io_kbytes" : 0,
        "bw_bytes" : 0,
        "bw" : 0,
        "iops" : 0.000000,
        "runtime" : 0,
        "total_ios" : 0,
        "short_ios" : 0,
        "drop_ios" : 0,
        "slat_ns" : {
          "min" : 0,
          "max" : 0,
          "mean" : 0.000000,
          "stddev" : 0.000000
        },
        "clat_ns" : {
          "min" : 0,
          "max" : 0,
          "mean" : 0.000000,
          "stddev" : 0.000000,
          "percentile" : {
            "1.000000" : 0,
            "5.000000" : 0,
            "10.000000" : 0,
            "20.000000" : 0,
            "30.000000" : 0,
            "40.000000" : 0,
            "50.000000" : 0,
            "60.000000" : 0,
            "70.000000" : 0,
            "80.000000" : 0,
            "90.000000" : 0,
            "95.000000" : 0,
            "99.000000" : 0,
            "99.500000" : 0,
            "99.900000" : 0,
            "99.950000" : 0,
            "99.990000" : 0
          },
          "bins" : {

          }
        },
        "lat_ns" : {
          "min" : 0,
          "max" : 0,
          "mean" : 0.000000,
          "stddev" : 0.000000
        },
        "bw_min" : 0,
        "bw_max" : 0,
        "bw_agg" : 0.000000,
        "bw_mean" : 0.000000,
        "bw_dev" : 0.000000,
        "bw_samples" : 0,
        "iops_min" : 0,
        "iops_max" : 0,
        "iops_mean" : 0.000000,
        "iops_stddev" : 0.000000,
        "iops_samples" : 0
      },
      "write" : {
        "io_bytes" : 256071434240,
        "io_kbytes" : 250069760,
        "bw_bytes" : 184959767,
        "bw" : 180624,
        "iops" : 1411.131038,
        "runtime" : 1384471,
        "total_ios" : 1953670,
        "short_ios" : 0,
        "drop_ios" : 0,
        "slat_ns" : {
          "min" : 6334,
          "max" : 1626997,
          "mean" : 16175.941769,
          "stddev" : 5073.867692
        },
        "clat_ns" : {
          "min" : 496044,
          "max" : 128179087,
          "mean" : 22655928.577484,
          "stddev" : 14603772.257671,
          "percentile" : {
            "1.000000" : 12910592,
            "5.000000" : 13041664,
            "10.000000" : 13303808,
            "20.000000" : 13565952,
            "30.000000" : 13828096,
            "40.000000" : 14090240,
            "50.000000" : 14483456,
            "60.000000" : 14876672,
            "70.000000" : 16187392,
            "80.000000" : 35389440,
            "90.000000" : 52690944,
            "95.000000" : 55836672,
            "99.000000" : 61603840,
            "99.500000" : 63700992,
            "99.900000" : 72876032,
            "99.950000" : 78118912,
            "99.990000" : 95944704
          },
          "bins" : {
            "497664" : 1,
            "1302528" : 1,
            "1417216" : 1,
            "2072576" : 1,
            "2473984" : 1,
            "2801664" : 1,
            "3227648" : 1,
            "3620864" : 1,
            "3981312" : 1,
            "4358144" : 1,
            "4751360" : 1,
            "5079040" : 1,
            "5472256" : 1,
            "5799936" : 1,
            "6324224" : 1,
            "6520832" : 2,
            "6586368" : 1,
            "6651904" : 2,
            "6717440" : 1,
            "6782976" : 2,
            "6848512" : 10,
            "6914048" : 14,
            "6979584" : 4,
            "7045120" : 1,
            "7110656" : 5,
            "7176192" : 5,
            "7241728" : 11,
            "7307264" : 2,
            "7438336" : 2,
            "7503872" : 6,
            "7569408" : 5,
            "7634944" : 9,
            "7700480" : 5,
            "7766016" : 6,
            "7897088" : 4,
            "7962624" : 6,
            "8028160" : 7,
            "8093696" : 6,
            "8159232" : 4,
            "8224768" : 3,
            "8290304" : 7,
            "8355840" : 3,
            "8454144" : 3,
            "8716288" : 3,
            "8847360" : 4,
            "8978432" : 1,
            "9240576" : 2,
            "9371648" : 6,
            "9633792" : 2,
            "10027008" : 1,
            "10289152" : 3,
            "10420224" : 1,
            "10682368" : 1,
            "10813440" : 2,
            "11075584" : 1,
            "11206656" : 1,
            "11337728" : 1,
            "11468800" : 1,
            "11599872" : 2,
            "11730944" : 9,
            "11862016" : 37,
            "11993088" : 46,
            "12124160" : 141,
            "12255232" : 248,
            "12386304" : 299,
            "12517376" : 925,
            "12648448" : 3723,
            "12779520" : 10999,
            "12910592" : 28018,
            "13041664" : 54394,
            "13172736" : 79849,
            "13303808" : 95853,
            "13434880" : 100211,
            "13565952" : 105084,
            "13697024" : 104827,
            "13828096" : 98439,
            "13959168" : 86950,
            "14090240" : 77074,
            "14221312" : 66452,
            "14352384" : 61119,
            "14483456" : 60358,
            "14614528" : 57973,
            "14745600" : 51190,
            "14876672" : 43273,
            "15007744" : 37092,
            "15138816" : 32607,
            "15269888" : 27835,
            "15400960" : 23681,
            "15532032" : 18819,
            "15663104" : 13868,
            "15794176" : 10523,
            "15925248" : 7180,
            "16056320" : 5214,
            "16187392" : 3908,
            "16318464" : 2714,
            "16449536" : 1989,
            "16580608" : 1572,
            "16711680" : 1378,
            "16908288" : 2158,
            "17170432" : 1329,
            "17432576" : 765,
            "17694720" : 327,
            "17956864" : 133,
            "18219008" : 59,
            "18481152" : 42,
            "18743296" : 48,
            "19005440" : 36,
            "19267584" : 60,
            "19529728" : 68,
            "19791872" : 59,
            "20054016" : 73,
            "20316160" : 70,
            "20578304" : 86,
            "20840448" : 57,
            "21102592" : 44,
            "21364736" : 41,
            "21626880" : 32,
            "21889024" : 26,
            "22151168" : 16,
            "22413312" : 11,
            "22675456" : 11,
            "22937600" : 8,
            "23199744" : 2,
            "23461888" : 2,
            "23724032" : 3,
            "23986176" : 3,
            "24248320" : 2,
            "24510464" : 2,
            "24772608" : 3,
            "25034752" : 7,
            "25296896" : 24,
            "25559040" : 44,
            "25821184" : 88,
            "26083328" : 154,
            "26345472" : 295,
            "26607616" : 1556,
            "26869760" : 4155,
            "27131904" : 4274,
            "27394048" : 3216,
            "27656192" : 2099,
            "27918336" : 1154,
            "28180480" : 856,
            "28442624" : 737,
            "28704768" : 566,
            "28966912" : 464,
            "29229056" : 277,
            "29491200" : 293,
            "29753344" : 336,
            "30015488" : 340,
            "30277632" : 351,
            "30539776" : 471,
            "30801920" : 673,
            "31064064" : 837,
            "31326208" : 1060,
            "31588352" : 1358,
            "31850496" : 1771,
            "32112640" : 2474,
            "32374784" : 3313,
            "32636928" : 4610,
            "32899072" : 6211,