{
  "fio version" : "fio-3.8",
  "timestamp" : 1545893336,
  "timestamp_ms" : 1545893336447,
  "time" : "Wed Dec 26 22:48:56 2018",
  "jobs" : [
    {
      "jobname" : "wipc",
      "groupid" : 0,
      "error" : 0,
      "eta" : 0,
      "elapsed" : 1420,
      "job options" : {
        "ioengine" : "libaio",
        "group_reporting" : "1",
        "direct" : "1",
        "rw" : "write",
        "bssplit" : "128KB",
        "numjobs" : "2",
        "iodepth" : "16",
        "size" : "75%",
        "io_size" : "128035676160B",
        "filename" : "/dev/sda"
      },
      "read" : {
        "io_bytes" : 0,
        "io_kbytes" : 0,
        "bw_bytes" : 0,
        "bw" : 0,
        "iops" : 0.000000,
        "runtime" : 0,
        "total_ios" : 0,
        "short_ios" : 0,
        "drop_ios" : 0,
        "slat_ns" : {
          "min" : 0,
          "max" : 0,
          "mean" : 0.000000,
          "stddev" : 0.000000
        },
        "clat_ns" : {
          "min" : 0,
          "max" : 0,
          "mean" : 0.000000,
          "stddev" : 0.000000,
          "percentile" : {
            "1.000000" : 0,
            "5.000000" : 0,
            "10.000000" : 0,
            "20.000000" : 0,
            "30.000000" : 0,
            "40.000000" : 0,
            "50.000000" : 0,
            "60.000000" : 0,
            "70.000000" : 0,
            "80.000000" : 0,
            "90.000000" : 0,
            "95.000000" : 0,
            "99.000000" : 0,
            "99.500000" : 0,
            "99.900000" : 0,
            "99.950000" : 0,
            "99.990000" : 0
          },
          "bins" : {

          }
        },
        "lat_ns" : {
          "min" : 0,
          "max" : 0,
          "mean" : 0.000000,
          "stddev" : 0.000000
        },
        "bw_min" : 0,
        "bw_max" : 0,
        "bw_agg" : 0.000000,
        "bw_mean" : 0.000000,
        "bw_dev" : 0.000000,
        "bw_samples" : 0,
        "iops_min" : 0,
        "iops_max" : 0,
        "iops_mean" : 0.000000,
        "iops_stddev" : 0.000000,
        "iops_samples" : 0
      },
      "write" : {
        "io_bytes" : 256071434240,
        "io_kbytes" : 250069760,
        "bw_bytes" : 180375819,
        "bw" : 176148,
        "iops" : 1376.158292,
        "runtime" : 1419655,
        "total_ios" : 1953670,
        "short_ios" : 0,
        "drop_ios" : 0,
        "slat_ns" : {
          "min" : 6368,
          "max" : 329831,
          "mean" : 17217.574624,
          "stddev" : 5738.813955
        },
        "clat_ns" : {
          "min" : 866396,
          "max" : 123079161,
          "mean" : 23220902.458154,
          "stddev" : 14453690.072197,
          "percentile" : {
            "1.000000" : 12910592,
            "5.000000" : 13172736,
            "10.000000" : 13303808,
            "20.000000" : 13565952,
            "30.000000" : 13828096,
            "40.000000" : 14090240,
            "50.000000" : 14614528,
            "60.000000" : 15138816,
            "70.000000" : 33161216,
            "80.000000" : 35913728,
            "90.000000" : 46923776,
            "95.000000" : 55836672,
            "99.000000" : 61603840,
            "99.500000" : 63700992,
            "99.900000" : 72876032,
            "99.950000" : 77070336,
            "99.990000" : 91750400
          },
          "bins" : {
            "864256" : 1,
            "1302528" : 1,
            "1449984" : 1,
            "2072576" : 1,
            "2441216" : 1,
            "2801664" : 1,
            "3227648" : 1,
            "3555328" : 1,
            "3948544" : 1,
            "4292608" : 1,
            "4751360" : 1,
            "5079040" : 1,
            "5472256" : 1,
            "5799936" : 1,
            "6193152" : 1,
            "6586368" : 1,
            "6717440" : 1,
            "6979584" : 2,
            "7307264" : 1,
            "7372800" : 1,
            "7700480" : 1,
            "7766016" : 1,
            "7831552" : 1,
            "7897088" : 1,
            "8028160" : 1,
            "8159232" : 1,
            "8224768" : 1,
            "8290304" : 2,
            "8454144" : 2,
            "8585216" : 1,
            "8716288" : 1,
            "8847360" : 2,
            "9109504" : 1,
            "9240576" : 1,
            "9502720" : 1,
            "9764864" : 1,
            "10158080" : 1,
            "10289152" : 3,
            "10551296" : 3,
            "10682368" : 1,
            "10813440" : 3,
            "10944512" : 3,
            "11075584" : 2,
            "11206656" : 1,
            "11337728" : 7,
            "11468800" : 15,
            "11599872" : 33,
            "11730944" : 87,
            "11862016" : 127,
            "11993088" : 157,
            "12124160" : 173,
            "12255232" : 185,
            "12386304" : 290,
            "12517376" : 581,
            "12648448" : 2105,
            "12779520" : 7160,
            "12910592" : 20044,
            "13041664" : 43673,
            "13172736" : 72321,
            "13303808" : 90098,
            "13434880" : 98584,
            "13565952" : 100122,
            "13697024" : 100832,
            "13828096" : 98195,
            "13959168" : 85141,
            "14090240" : 70123,
            "14221312" : 59630,
            "14352384" : 54965,
            "14483456" : 56799,
            "14614528" : 55538,
            "14745600" : 49691,
            "14876672" : 43152,
            "15007744" : 38070,
            "15138816" : 33723,
            "15269888" : 29700,
            "15400960" : 25100,
            "15532032" : 20283,
            "15663104" : 15455,
            "15794176" : 11626,
            "15925248" : 8749,
            "16056320" : 6778,
            "16187392" : 5309,
            "16318464" : 3886,
            "16449536" : 2962,
            "16580608" : 2419,
            "16711680" : 2079,
            "16908288" : 3143,
            "17170432" : 2163,
            "17432576" : 1001,
            "17694720" : 466,
            "17956864" : 255,
            "18219008" : 111,
            "18481152" : 85,
            "18743296" : 64,
            "19005440" : 49,
            "19267584" : 48,
            "19529728" : 46,
            "19791872" : 61,
            "20054016" : 45,
            "20316160" : 52,
            "20578304" : 72,
            "20840448" : 67,
            "21102592" : 67,
            "21364736" : 68,
            "21626880" : 48,
            "21889024" : 53,
            "22151168" : 38,
            "22413312" : 24,
            "22675456" : 11,
            "22937600" : 6,
            "23199744" : 7,
            "23461888" : 8,
            "23724032" : 9,
            "23986176" : 6,
            "24248320" : 18,
            "24510464" : 7,
            "24772608" : 4,
            "25034752" : 20,
            "25296896" : 40,
            "25559040" : 75,
            "25821184" : 151,
            "26083328" : 209,
            "26345472" : 361,
            "26607616" : 1407,
            "26869760" : 4477,
            "27131904" : 4168,
            "27394048" : 2430,
            "27656192" : 1832,
            "27918336" : 1167,
            "28180480" : 806,
            "28442624" : 713,
            "28704768" : 592,
            "28966912" : 317,
            "29229056" : 224,
            "29491200" : 221,
            "29753344" : 262,
            "30015488" : 298,
            "30277632" : 384,
            "30539776" : 409,
            "30801920" : 627,
            "31064064" : 724,
            "31326208" : 970,
            "31588352" : 1310,
            "31850496" : 1756,
            "32112640" : 2562,
            "32374784" : 3397,
            "32636928" : 4722,
            "32899072" : 6370,
            "33161216" : 8514,
            "33423360" : 10407,
            "33816576" : 25229,
            "34340864" : 31867,
            "34865152" : 39695,
            "35389440" : 44040,
            "35913728" : 41718,
            "36438016" : 37037,
            "36962304" : 33121,
            "37486592" : 26962,