{
  "fio version" : "fio-3.8",
  "timestamp" : 1542941492,
  "timestamp_ms" : 1542941492194,
  "time" : "Thu Nov 22 18:51:32 2018",
  "jobs" : [
    {
      "jobname" : "wipc",
      "groupid" : 0,
      "error" : 0,
      "eta" : 0,
      "elapsed" : 1395,
      "job options" : {
        "ioengine" : "libaio",
        "group_reporting" : "1",
        "direct" : "1",
        "rw" : "write",
        "bssplit" : "128KB",
        "numjobs" : "2",
        "iodepth" : "16",
        "size" : "75%",
        "io_size" : "128035676160B",
        "filename" : "/dev/sda"
      },
      "read" : {
        "io_bytes" : 0,
        "io_kbytes" : 0,
        "bw_bytes" : 0,
        "bw" : 0,
        "iops" : 0.000000,
        "runtime" : 0,
        "total_ios" : 0,
        "short_ios" : 0,
        "drop_ios" : 0,
        "slat_ns" : {
          "min" : 0,
          "max" : 0,
          "mean" : 0.000000,
          "stddev" : 0.000000
        },
        "clat_ns" : {
          "min" : 0,
          "max" : 0,
          "mean" : 0.000000,
          "stddev" : 0.000000,
          "percentile" : {
            "1.000000" : 0,
            "5.000000" : 0,
            "10.000000" : 0,
            "20.000000" : 0,
            "30.000000" : 0,
            "40.000000" : 0,
            "50.000000" : 0,
            "60.000000" : 0,
            "70.000000" : 0,
            "80.000000" : 0,
            "90.000000" : 0,
            "95.000000" : 0,
            "99.000000" : 0,
            "99.500000" : 0,
            "99.900000" : 0,
            "99.950000" : 0,
            "99.990000" : 0
          },
          "bins" : {

          }
        },
        "lat_ns" : {
          "min" : 0,
          "max" : 0,
          "mean" : 0.000000,
          "stddev" : 0.000000
        },
        "bw_min" : 0,
        "bw_max" : 0,
        "bw_agg" : 0.000000,
        "bw_mean" : 0.000000,
        "bw_dev" : 0.000000,
        "bw_samples" : 0,
        "iops_min" : 0,
        "iops_max" : 0,
        "iops_mean" : 0.000000,
        "iops_stddev" : 0.000000,
        "iops_samples" : 0
      },
      "write" : {
        "io_bytes" : 256071434240,
        "io_kbytes" : 250069760,
        "bw_bytes" : 183604553,
        "bw" : 179301,
        "iops" : 1400.791574,
        "runtime" : 1394690,
        "total_ios" : 1953670,
        "short_ios" : 0,
        "drop_ios" : 0,
        "slat_ns" : {
          "min" : 5468,
          "max" : 336870,
          "mean" : 14039.016924,
          "stddev" : 4315.774417
        },
        "clat_ns" : {
          "min" : 874265,
          "max" : 122301097,
          "mean" : 22822117.035495,
          "stddev" : 15080484.613250,
          "percentile" : {
            "1.000000" : 12910592,
            "5.000000" : 13041664,
            "10.000000" : 13303808,
            "20.000000" : 13434880,
            "30.000000" : 13697024,
            "40.000000" : 13959168,
            "50.000000" : 14352384,
            "60.000000" : 14876672,
            "70.000000" : 15925248,
            "80.000000" : 36438016,
            "90.000000" : 53739520,
            "95.000000" : 57409536,
            "99.000000" : 63176704,
            "99.500000" : 64749568,
            "99.900000" : 72876032,
            "99.950000" : 79167488,
            "99.990000" : 94896128
          },
          "bins" : {
            "872448" : 1,
            "1286144" : 1,
            "1499136" : 1,
            "1744896" : 1,
            "2506752" : 1,
            "2867200" : 1,
            "3358720" : 1,
            "3751936" : 1,
            "4079616" : 1,
            "4489216" : 1,
            "4882432" : 1,
            "5210112" : 1,
            "5734400" : 1,
            "6062080" : 1,
            "6455296" : 1,
            "6848512" : 1,
            "7241728" : 2,
            "7569408" : 1,
            "7634944" : 3,
            "7962624" : 2,
            "8290304" : 1,
            "8355840" : 1,
            "8716288" : 2,
            "9109504" : 1,
            "9371648" : 1,
            "9764864" : 2,
            "10158080" : 3,
            "10551296" : 2,
            "10682368" : 1,
            "10813440" : 1,
            "10944512" : 1,
            "11075584" : 1,
            "11337728" : 1,
            "11468800" : 2,
            "11599872" : 20,
            "11730944" : 36,
            "11862016" : 89,
            "11993088" : 115,
            "12124160" : 241,
            "12255232" : 414,
            "12386304" : 675,
            "12517376" : 1225,
            "12648448" : 3594,
            "12779520" : 10265,
            "12910592" : 28722,
            "13041664" : 55802,
            "13172736" : 80397,
            "13303808" : 99858,
            "13434880" : 110040,
            "13565952" : 111870,
            "13697024" : 112537,
            "13828096" : 101779,
            "13959168" : 88253,
            "14090240" : 77834,
            "14221312" : 68948,
            "14352384" : 61725,
            "14483456" : 56783,
            "14614528" : 48499,
            "14745600" : 43780,
            "14876672" : 40986,
            "15007744" : 37036,
            "15138816" : 32994,
            "15269888" : 26936,
            "15400960" : 21240,
            "15532032" : 16661,
            "15663104" : 12838,
            "15794176" : 9561,
            "15925248" : 7036,
            "16056320" : 5190,
            "16187392" : 4176,
            "16318464" : 3191,
            "16449536" : 2658,
            "16580608" : 2142,
            "16711680" : 1903,
            "16908288" : 2353,
            "17170432" : 1273,
            "17432576" : 705,
            "17694720" : 352,
            "17956864" : 152,
            "18219008" : 83,
            "18481152" : 56,
            "18743296" : 44,
            "19005440" : 52,
            "19267584" : 41,
            "19529728" : 38,
            "19791872" : 32,
            "20054016" : 34,
            "20316160" : 33,
            "20578304" : 55,
            "20840448" : 33,
            "21102592" : 34,
            "21364736" : 53,
            "21626880" : 64,
            "21889024" : 70,
            "22151168" : 62,
            "22413312" : 34,
            "22675456" : 33,
            "22937600" : 30,
            "23199744" : 33,
            "23461888" : 25,
            "23724032" : 19,
            "23986176" : 8,
            "24248320" : 8,
            "24510464" : 14,
            "24772608" : 22,
            "25034752" : 11,
            "25296896" : 11,
            "25559040" : 24,
            "25821184" : 38,
            "26083328" : 124,
            "26345472" : 599,
            "26607616" : 3081,
            "26869760" : 4476,
            "27131904" : 3253,
            "27394048" : 1875,
            "27656192" : 1281,
            "27918336" : 1019,
            "28180480" : 1186,
            "28442624" : 1099,
            "28704768" : 894,
            "28966912" : 414,
            "29229056" : 308,
            "29491200" : 213,
            "29753344" : 248,
            "30015488" : 264,
            "30277632" : 252,
            "30539776" : 275,
            "30801920" : 326,
            "31064064" : 351,
            "31326208" : 433,
            "31588352" : 548,
            "31850496" : 720,
            "32112640" : 935,
            "32374784" : 1108,
            "32636928" : 1400,
            "32899072" : 1857,
            "33161216" : 2437,
            "33423360" : 3131,
            "33816576" : 9363,
            "34340864" : 14248,
            "34865152" : 19716,
            "35389440" : 25521,
            "35913728" : 31974,
            "36438016" : 35318,
            "36962304" : 33312,
            "37486592" : 29298,
            "38010880" : 26727,
            "38535168" : 20053,
            "39059456" : 12505,
            "39583744" : 9182,
            "40108032" : 7538,
            "40632320" : 6522,
            "41156608" : 5938,
            "41680896" : 5678,
            "42205184" : 5530,
            "42729472" : 4796,