{
  "fio version" : "fio-3.8",
  "timestamp" : 1552974965,
  "timestamp_ms" : 1552974965628,
  "time" : "Mon Mar 18 22:56:05 2019",
  "jobs" : [
    {
      "jobname" : "wipc",
      "groupid" : 0,
      "error" : 0,
      "eta" : 0,
      "elapsed" : 1339,
      "job options" : {
        "ioengine" : "libaio",
        "group_reporting" : "1",
        "direct" : "1",
        "rw" : "write",
        "bssplit" : "128KB",
        "numjobs" : "2",
        "iodepth" : "16",
        "size" : "75%",
        "io_size" : "128035676160B",
        "filename" : "/dev/sdf"
      },
      "read" : {
        "io_bytes" : 0,
        "io_kbytes" : 0,
        "bw_bytes" : 0,
        "bw" : 0,
        "iops" : 0.000000,
        "runtime" : 0,
        "total_ios" : 0,
        "short_ios" : 0,
        "drop_ios" : 0,
        "slat_ns" : {
          "min" : 0,
          "max" : 0,
          "mean" : 0.000000,
          "stddev" : 0.000000
        },
        "clat_ns" : {
          "min" : 0,
          "max" : 0,
          "mean" : 0.000000,
          "stddev" : 0.000000,
          "percentile" : {
            "1.000000" : 0,
            "5.000000" : 0,
            "10.000000" : 0,
            "20.000000" : 0,
            "30.000000" : 0,
            "40.000000" : 0,
            "50.000000" : 0,
            "60.000000" : 0,
            "70.000000" : 0,
            "80.000000" : 0,
            "90.000000" : 0,
            "95.000000" : 0,
            "99.000000" : 0,
            "99.500000" : 0,
            "99.900000" : 0,
            "99.950000" : 0,
            "99.990000" : 0
          },
          "bins" : {

          }
        },
        "lat_ns" : {
          "min" : 0,
          "max" : 0,
          "mean" : 0.000000,
          "stddev" : 0.000000
        },
        "bw_min" : 0,
        "bw_max" : 0,
        "bw_agg" : 0.000000,
        "bw_mean" : 0.000000,
        "bw_dev" : 0.000000,
        "bw_samples" : 0,
        "iops_min" : 0,
        "iops_max" : 0,
        "iops_mean" : 0.000000,
        "iops_stddev" : 0.000000,
        "iops_samples" : 0
      },
      "write" : {
        "io_bytes" : 256071434240,
        "io_kbytes" : 250069760,
        "bw_bytes" : 191395033,
        "bw" : 186909,
        "iops" : 1460.228220,
        "runtime" : 1337921,
        "total_ios" : 1953670,
        "short_ios" : 0,
        "drop_ios" : 0,
        "slat_ns" : {
          "min" : 6931,
          "max" : 537670,
          "mean" : 17300.315106,
          "stddev" : 5012.278236
        },
        "clat_ns" : {
          "min" : 931769,
          "max" : 116365607,
          "mean" : 21885957.436939,
          "stddev" : 14593632.796010,
          "percentile" : {
            "1.000000" : 12779520,
            "5.000000" : 12910592,
            "10.000000" : 13041664,
            "20.000000" : 13303808,
            "30.000000" : 13565952,
            "40.000000" : 13959168,
            "50.000000" : 14221312,
            "60.000000" : 14745600,
            "70.000000" : 15532032,
            "80.000000" : 34865152,
            "90.000000" : 52690944,
            "95.000000" : 55836672,
            "99.000000" : 61603840,
            "99.500000" : 63700992,
            "99.900000" : 73924608,
            "99.950000" : 82313216,
            "99.990000" : 100139008
          },
          "bins" : {
            "929792" : 1,
            "1449984" : 1,
            "1548288" : 1,
            "2211840" : 1,
            "2670592" : 1,
            "3031040" : 1,
            "3489792" : 1,
            "3948544" : 1,
            "4292608" : 1,
            "4620288" : 1,
            "5079040" : 1,
            "5603328" : 1,
            "5931008" : 1,
            "6324224" : 1,
            "6717440" : 1,
            "7110656" : 1,
            "7438336" : 1,
            "7831552" : 1,
            "8224768" : 1,
            "8585216" : 1,
            "8978432" : 1,
            "9371648" : 1,
            "9895936" : 1,
            "10158080" : 1,
            "10682368" : 1,
            "11075584" : 1,
            "11337728" : 1,
            "11730944" : 14,
            "11862016" : 44,
            "11993088" : 72,
            "12124160" : 155,
            "12255232" : 360,
            "12386304" : 803,
            "12517376" : 3504,
            "12648448" : 12034,
            "12779520" : 34021,
            "12910592" : 64027,
            "13041664" : 85170,
            "13172736" : 97476,
            "13303808" : 100364,
            "13434880" : 103707,
            "13565952" : 103206,
            "13697024" : 93562,
            "13828096" : 82125,
            "13959168" : 69036,
            "14090240" : 64497,
            "14221312" : 64069,
            "14352384" : 63277,
            "14483456" : 59955,
            "14614528" : 53803,
            "14745600" : 47077,
            "14876672" : 41620,
            "15007744" : 37118,
            "15138816" : 32368,
            "15269888" : 27578,
            "15400960" : 23079,
            "15532032" : 18203,
            "15663104" : 14040,
            "15794176" : 11171,
            "15925248" : 8877,
            "16056320" : 7265,
            "16187392" : 5789,
            "16318464" : 4643,
            "16449536" : 3659,
            "16580608" : 3005,
            "16711680" : 2603,
            "16908288" : 3869,
            "17170432" : 2253,
            "17432576" : 767,
            "17694720" : 359,
            "17956864" : 180,
            "18219008" : 149,
            "18481152" : 121,
            "18743296" : 74,
            "19005440" : 88,
            "19267584" : 100,
            "19529728" : 103,
            "19791872" : 87,
            "20054016" : 80,
            "20316160" : 71,
            "20578304" : 73,
            "20840448" : 83,
            "21102592" : 63,
            "21364736" : 42,
            "21626880" : 39,
            "21889024" : 28,
            "22151168" : 26,
            "22413312" : 9,
            "22675456" : 3,
            "22937600" : 7,
            "23199744" : 13,
            "23461888" : 3,
            "23724032" : 5,
            "23986176" : 12,
            "24248320" : 2,
            "24510464" : 11,
            "24772608" : 5,
            "25034752" : 16,
            "25296896" : 15,
            "25559040" : 26,
            "25821184" : 53,
            "26083328" : 104,
            "26345472" : 619,
            "26607616" : 3346,
            "26869760" : 4399,
            "27131904" : 2454,
            "27394048" : 1792,
            "27656192" : 1552,
            "27918336" : 1156,
            "28180480" : 1816,
            "28442624" : 1758,
            "28704768" : 1008,
            "28966912" : 589,
            "29229056" : 322,
            "29491200" : 263,
            "29753344" : 246,
            "30015488" : 344,
            "30277632" : 374,
            "30539776" : 481,
            "30801920" : 554,
            "31064064" : 740,
            "31326208" : 967,
            "31588352" : 1101,
            "31850496" : 1537,
            "32112640" : 2006,
            "32374784" : 2663,
            "32636928" : 3522,
            "32899072" : 4256,
            "33161216" : 5238,
            "33423360" : 6001,
            "33816576" : 15081,
            "34340864" : 19841,
            "34865152" : 24811,
            "35389440" : 26304,
            "35913728" : 25125,
            "36438016" : 23743,
            "36962304" : 22285,
            "37486592" : 17079,
            "38010880" : 11348,
            "38535168" : 8549,
            "39059456" : 6636,
            "39583744" : 5464,
            "40108032" : 5094,
            "40632320" : 4557,
            "41156608" : 3892,
            "41680896" : 3182,
            "42205184" : 2488,
            "42729472" : 1862,
            "43253760" : 1221,
            "43778048" : 863,
            "44302336" : 576,
            "44826624" : 406,
            "45350912" : 293,
            "45875200" : 275,
            "46399488" : 250,