{
  "fio version" : "fio-3.8",
  "timestamp" : 1542640423,
  "timestamp_ms" : 1542640423701,
  "time" : "Mon Nov 19 07:13:43 2018",
  "jobs" : [
    {
      "jobname" : "wipc",
      "groupid" : 0,
      "error" : 0,
      "eta" : 0,
      "elapsed" : 1492,
      "job options" : {
        "ioengine" : "libaio",
        "group_reporting" : "1",
        "direct" : "1",
        "rw" : "write",
        "bssplit" : "128KB",
        "numjobs" : "2",
        "iodepth" : "16",
        "size" : "100%",
        "io_size" : "128035676160B",
        "filename" : "/dev/sdb"
      },
      "read" : {
        "io_bytes" : 0,
        "io_kbytes" : 0,
        "bw_bytes" : 0,
        "bw" : 0,
        "iops" : 0.000000,
        "runtime" : 0,
        "total_ios" : 0,
        "short_ios" : 0,
        "drop_ios" : 0,
        "slat_ns" : {
          "min" : 0,
          "max" : 0,
          "mean" : 0.000000,
          "stddev" : 0.000000
        },
        "clat_ns" : {
          "min" : 0,
          "max" : 0,
          "mean" : 0.000000,
          "stddev" : 0.000000,
          "percentile" : {
            "1.000000" : 0,
            "5.000000" : 0,
            "10.000000" : 0,
            "20.000000" : 0,
            "30.000000" : 0,
            "40.000000" : 0,
            "50.000000" : 0,
            "60.000000" : 0,
            "70.000000" : 0,
            "80.000000" : 0,
            "90.000000" : 0,
            "95.000000" : 0,
            "99.000000" : 0,
            "99.500000" : 0,
            "99.900000" : 0,
            "99.950000" : 0,
            "99.990000" : 0
          },
          "bins" : {

          }
        },
        "lat_ns" : {
          "min" : 0,
          "max" : 0,
          "mean" : 0.000000,
          "stddev" : 0.000000
        },
        "bw_min" : 0,
        "bw_max" : 0,
        "bw_agg" : 0.000000,
        "bw_mean" : 0.000000,
        "bw_dev" : 0.000000,
        "bw_samples" : 0,
        "iops_min" : 0,
        "iops_max" : 0,
        "iops_mean" : 0.000000,
        "iops_stddev" : 0.000000,
        "iops_samples" : 0
      },
      "write" : {
        "io_bytes" : 256071172096,
        "io_kbytes" : 250069504,
        "bw_bytes" : 171651330,
        "bw" : 167628,
        "iops" : 1309.595726,
        "runtime" : 1491810,
        "total_ios" : 1953668,
        "short_ios" : 0,
        "drop_ios" : 0,
        "slat_ns" : {
          "min" : 5356,
          "max" : 363857,
          "mean" : 13333.712026,
          "stddev" : 3677.112599
        },
        "clat_ns" : {
          "min" : 912999,
          "max" : 91243645,
          "mean" : 24413914.101337,
          "stddev" : 16230977.927070,
          "percentile" : {
            "1.000000" : 12779520,
            "5.000000" : 12910592,
            "10.000000" : 13172736,
            "20.000000" : 13434880,
            "30.000000" : 13697024,
            "40.000000" : 13959168,
            "50.000000" : 14483456,
            "60.000000" : 15007744,
            "70.000000" : 33423360,
            "80.000000" : 36962304,
            "90.000000" : 54788096,
            "95.000000" : 56885248,
            "99.000000" : 62128128,
            "99.500000" : 63700992,
            "99.900000" : 70778880,
            "99.950000" : 72876032,
            "99.990000" : 80216064
          },
          "bins" : {
            "913408" : 1,
            "1384448" : 1,
            "1417216" : 1,
            "2113536" : 1,
            "2408448" : 1,
            "2801664" : 1,
            "3227648" : 1,
            "3555328" : 1,
            "3948544" : 1,
            "4358144" : 1,
            "4751360" : 1,
            "5144576" : 1,
            "5406720" : 1,
            "5865472" : 1,
            "5931008" : 2,
            "6127616" : 4,
            "6193152" : 7,
            "6258688" : 15,
            "6324224" : 33,
            "6389760" : 35,
            "6455296" : 29,
            "6520832" : 45,
            "6586368" : 38,
            "6651904" : 24,
            "6717440" : 23,
            "6782976" : 16,
            "6848512" : 22,
            "6914048" : 19,
            "6979584" : 23,
            "7045120" : 21,
            "7110656" : 16,
            "7176192" : 22,
            "7241728" : 10,
            "7307264" : 11,
            "7372800" : 9,
            "7438336" : 4,
            "7503872" : 4,
            "7569408" : 9,
            "7634944" : 12,
            "7700480" : 14,
            "7766016" : 6,
            "7831552" : 4,
            "7897088" : 5,
            "7962624" : 12,
            "8028160" : 19,
            "8093696" : 7,
            "8159232" : 6,
            "8224768" : 3,
            "8290304" : 6,
            "8355840" : 5,
            "8454144" : 4,
            "8585216" : 4,
            "8716288" : 9,
            "8847360" : 7,
            "8978432" : 7,
            "9109504" : 7,
            "9240576" : 1,
            "9371648" : 2,
            "9502720" : 2,
            "9895936" : 3,
            "10027008" : 2,
            "10158080" : 1,
            "10289152" : 2,
            "10420224" : 1,
            "10551296" : 1,
            "10682368" : 2,
            "11206656" : 1,
            "11468800" : 1,
            "11599872" : 1,
            "11730944" : 7,
            "11862016" : 23,
            "11993088" : 86,
            "12124160" : 145,
            "12255232" : 265,
            "12386304" : 891,
            "12517376" : 3399,
            "12648448" : 11661,
            "12779520" : 29548,
            "12910592" : 55288,
            "13041664" : 79082,
            "13172736" : 91560,
            "13303808" : 95423,
            "13434880" : 97883,
            "13565952" : 98625,
            "13697024" : 93623,
            "13828096" : 79293,
            "13959168" : 63229,
            "14090240" : 58700,
            "14221312" : 57951,
            "14352384" : 58489,
            "14483456" : 53864,
            "14614528" : 46220,
            "14745600" : 39600,
            "14876672" : 36639,
            "15007744" : 33797,
            "15138816" : 27846,
            "15269888" : 22208,
            "15400960" : 16993,
            "15532032" : 12817,
            "15663104" : 9363,
            "15794176" : 7082,
            "15925248" : 5464,
            "16056320" : 4295,
            "16187392" : 3317,
            "16318464" : 2478,
            "16449536" : 2373,
            "16580608" : 1884,
            "16711680" : 1278,
            "16908288" : 2301,
            "17170432" : 992,
            "17432576" : 476,
            "17694720" : 190,
            "17956864" : 104,
            "18219008" : 58,
            "18481152" : 32,
            "18743296" : 26,
            "19005440" : 42,
            "19267584" : 69,
            "19529728" : 41,
            "19791872" : 40,
            "20054016" : 60,
            "20316160" : 56,
            "20578304" : 64,
            "20840448" : 50,
            "21102592" : 68,
            "21364736" : 101,
            "21626880" : 102,
            "21889024" : 96,
            "22151168" : 62,
            "22413312" : 48,
            "22675456" : 57,
            "22937600" : 46,
            "23199744" : 28,
            "23461888" : 23,
            "23724032" : 20,
            "23986176" : 25,
            "24248320" : 18,
            "24510464" : 11,
            "24772608" : 2,
            "25034752" : 4,
            "25296896" : 19,
            "25559040" : 67,
            "25821184" : 72,
            "26083328" : 143,
            "26345472" : 332,
            "26607616" : 2035,
            "26869760" : 3954,
            "27131904" : 3677,
            "27394048" : 2225,
            "27656192" : 1197,
            "27918336" : 792,
            "28180480" : 1112,
            "28442624" : 1369,
            "28704768" : 734,
            "28966912" : 450,
            "29229056" : 399,
            "29491200" : 284,
            "29753344" : 343,
            "30015488" : 358,
            "30277632" : 428,