{
  "fio version" : "fio-3.8",
  "timestamp" : 1542647058,
  "timestamp_ms" : 1542647058166,
  "time" : "Mon Nov 19 09:04:18 2018",
  "jobs" : [
    {
      "jobname" : "wipc",
      "groupid" : 0,
      "error" : 0,
      "eta" : 0,
      "elapsed" : 1490,
      "job options" : {
        "ioengine" : "libaio",
        "group_reporting" : "1",
        "direct" : "1",
        "rw" : "write",
        "bssplit" : "128KB",
        "numjobs" : "2",
        "iodepth" : "16",
        "size" : "100%",
        "io_size" : "128035676160B",
        "filename" : "/dev/sdb"
      },
      "read" : {
        "io_bytes" : 0,
        "io_kbytes" : 0,
        "bw_bytes" : 0,
        "bw" : 0,
        "iops" : 0.000000,
        "runtime" : 0,
        "total_ios" : 0,
        "short_ios" : 0,
        "drop_ios" : 0,
        "slat_ns" : {
          "min" : 0,
          "max" : 0,
          "mean" : 0.000000,
          "stddev" : 0.000000
        },
        "clat_ns" : {
          "min" : 0,
          "max" : 0,
          "mean" : 0.000000,
          "stddev" : 0.000000,
          "percentile" : {
            "1.000000" : 0,
            "5.000000" : 0,
            "10.000000" : 0,
            "20.000000" : 0,
            "30.000000" : 0,
            "40.000000" : 0,
            "50.000000" : 0,
            "60.000000" : 0,
            "70.000000" : 0,
            "80.000000" : 0,
            "90.000000" : 0,
            "95.000000" : 0,
            "99.000000" : 0,
            "99.500000" : 0,
            "99.900000" : 0,
            "99.950000" : 0,
            "99.990000" : 0
          },
          "bins" : {

          }
        },
        "lat_ns" : {
          "min" : 0,
          "max" : 0,
          "mean" : 0.000000,
          "stddev" : 0.000000
        },
        "bw_min" : 0,
        "bw_max" : 0,
        "bw_agg" : 0.000000,
        "bw_mean" : 0.000000,
        "bw_dev" : 0.000000,
        "bw_samples" : 0,
        "iops_min" : 0,
        "iops_max" : 0,
        "iops_mean" : 0.000000,
        "iops_stddev" : 0.000000,
        "iops_samples" : 0
      },
      "write" : {
        "io_bytes" : 256071172096,
        "io_kbytes" : 250069504,
        "bw_bytes" : 171895495,
        "bw" : 167866,
        "iops" : 1311.458551,
        "runtime" : 1489691,
        "total_ios" : 1953668,
        "short_ios" : 0,
        "drop_ios" : 0,
        "slat_ns" : {
          "min" : 5347,
          "max" : 337793,
          "mean" : 10217.896408,
          "stddev" : 3049.740293
        },
        "clat_ns" : {
          "min" : 795770,
          "max" : 104361018,
          "mean" : 24387403.793025,
          "stddev" : 15751497.250581,
          "percentile" : {
            "1.000000" : 12648448,
            "5.000000" : 12779520,
            "10.000000" : 13041664,
            "20.000000" : 13303808,
            "30.000000" : 13434880,
            "40.000000" : 13697024,
            "50.000000" : 14090240,
            "60.000000" : 14876672,
            "70.000000" : 34340864,
            "80.000000" : 36962304,
            "90.000000" : 54263808,
            "95.000000" : 56360960,
            "99.000000" : 62128128,
            "99.500000" : 63700992,
            "99.900000" : 70778880,
            "99.950000" : 74973184,
            "99.990000" : 81264640
          },
          "bins" : {
            "798720" : 1,
            "1318912" : 2,
            "2007040" : 1,
            "2375680" : 1,
            "2703360" : 1,
            "3194880" : 1,
            "3588096" : 1,
            "3915776" : 1,
            "4292608" : 1,
            "4620288" : 1,
            "5013504" : 1,
            "5472256" : 1,
            "5865472" : 1,
            "6193152" : 1,
            "6389760" : 1,
            "6520832" : 2,
            "6586368" : 1,
            "6651904" : 1,
            "6782976" : 2,
            "6848512" : 2,
            "6914048" : 3,
            "6979584" : 2,
            "7045120" : 1,
            "7176192" : 1,
            "7307264" : 1,
            "7438336" : 1,
            "7634944" : 1,
            "7897088" : 1,
            "7962624" : 1,
            "8224768" : 2,
            "8290304" : 2,
            "8716288" : 1,
            "8847360" : 2,
            "9109504" : 1,
            "9240576" : 1,
            "9371648" : 1,
            "9633792" : 1,
            "9764864" : 2,
            "9895936" : 1,
            "10158080" : 2,
            "10420224" : 1,
            "10551296" : 2,
            "10682368" : 1,
            "10813440" : 1,
            "10944512" : 1,
            "11075584" : 5,
            "11206656" : 46,
            "11337728" : 97,
            "11468800" : 128,
            "11599872" : 146,
            "11730944" : 168,
            "11862016" : 223,
            "11993088" : 352,
            "12124160" : 497,
            "12255232" : 1106,
            "12386304" : 2800,
            "12517376" : 9582,
            "12648448" : 26804,
            "12779520" : 55964,
            "12910592" : 82575,
            "13041664" : 97243,
            "13172736" : 105719,
            "13303808" : 109983,
            "13434880" : 109291,
            "13565952" : 103976,
            "13697024" : 86741,
            "13828096" : 68934,
            "13959168" : 61247,
            "14090240" : 57655,
            "14221312" : 49129,
            "14352384" : 40818,
            "14483456" : 33784,
            "14614528" : 31307,
            "14745600" : 30231,
            "14876672" : 26663,
            "15007744" : 20704,
            "15138816" : 14566,
            "15269888" : 10807,
            "15400960" : 6501,
            "15532032" : 3609,
            "15663104" : 2197,
            "15794176" : 1382,
            "15925248" : 877,
            "16056320" : 538,
            "16187392" : 336,
            "16318464" : 148,
            "16449536" : 135,
            "16580608" : 97,
            "16711680" : 97,
            "16908288" : 146,
            "17170432" : 192,
            "17432576" : 130,
            "17694720" : 63,
            "17956864" : 12,
            "18219008" : 11,
            "18481152" : 27,
            "18743296" : 54,
            "19005440" : 75,
            "19267584" : 79,
            "19529728" : 90,
            "19791872" : 67,
            "20054016" : 56,
            "20316160" : 78,
            "20578304" : 71,
            "20840448" : 31,
            "21102592" : 39,
            "21364736" : 43,
            "21626880" : 51,
            "21889024" : 23,
            "22151168" : 28,
            "22413312" : 17,
            "22675456" : 10,
            "22937600" : 14,
            "23199744" : 1,
            "23461888" : 2,
            "23724032" : 4,
            "24510464" : 1,
            "24772608" : 6,
            "25034752" : 12,
            "25296896" : 20,
            "25559040" : 29,
            "25821184" : 87,
            "26083328" : 289,
            "26345472" : 1616,
            "26607616" : 3899,
            "26869760" : 3962,
            "27131904" : 2826,
            "27394048" : 1636,
            "27656192" : 1093,
            "27918336" : 798,
            "28180480" : 788,
            "28442624" : 519,
            "28704768" : 380,
            "28966912" : 346,
            "29229056" : 267,
            "29491200" : 250,
            "29753344" : 265,
            "30015488" : 293,
            "30277632" : 414,
            "30539776" : 458,
            "30801920" : 645,
            "31064064" : 871,
            "31326208" : 1199,
            "31588352" : 1671,
            "31850496" : 2268,
            "32112640" : 2894,
            "32374784" : 4105,
            "32636928" : 5396,
            "32899072" : 6915,
            "33161216" : 8533,
            "33423360" : 10262,
            "33816576" : 25460,
            "34340864" : 33999,
            "34865152" : 42624,
            "35389440" : 46270,
            "35913728" : 42581,
            "36438016" : 37386,
            "36962304" : 33374,