{
  "fio version" : "fio-3.8",
  "timestamp" : 1542625161,
  "timestamp_ms" : 1542625161650,
  "time" : "Mon Nov 19 02:59:21 2018",
  "jobs" : [
    {
      "jobname" : "wipc",
      "groupid" : 0,
      "error" : 0,
      "eta" : 0,
      "elapsed" : 1488,
      "job options" : {
        "ioengine" : "libaio",
        "group_reporting" : "1",
        "direct" : "1",
        "rw" : "write",
        "bssplit" : "128KB",
        "numjobs" : "2",
        "iodepth" : "16",
        "size" : "100%",
        "io_size" : "128035676160B",
        "filename" : "/dev/sdb"
      },
      "read" : {
        "io_bytes" : 0,
        "io_kbytes" : 0,
        "bw_bytes" : 0,
        "bw" : 0,
        "iops" : 0.000000,
        "runtime" : 0,
        "total_ios" : 0,
        "short_ios" : 0,
        "drop_ios" : 0,
        "slat_ns" : {
          "min" : 0,
          "max" : 0,
          "mean" : 0.000000,
          "stddev" : 0.000000
        },
        "clat_ns" : {
          "min" : 0,
          "max" : 0,
          "mean" : 0.000000,
          "stddev" : 0.000000,
          "percentile" : {
            "1.000000" : 0,
            "5.000000" : 0,
            "10.000000" : 0,
            "20.000000" : 0,
            "30.000000" : 0,
            "40.000000" : 0,
            "50.000000" : 0,
            "60.000000" : 0,
            "70.000000" : 0,
            "80.000000" : 0,
            "90.000000" : 0,
            "95.000000" : 0,
            "99.000000" : 0,
            "99.500000" : 0,
            "99.900000" : 0,
            "99.950000" : 0,
            "99.990000" : 0
          },
          "bins" : {

          }
        },
        "lat_ns" : {
          "min" : 0,
          "max" : 0,
          "mean" : 0.000000,
          "stddev" : 0.000000
        },
        "bw_min" : 0,
        "bw_max" : 0,
        "bw_agg" : 0.000000,
        "bw_mean" : 0.000000,
        "bw_dev" : 0.000000,
        "bw_samples" : 0,
        "iops_min" : 0,
        "iops_max" : 0,
        "iops_mean" : 0.000000,
        "iops_stddev" : 0.000000,
        "iops_samples" : 0
      },
      "write" : {
        "io_bytes" : 256071172096,
        "io_kbytes" : 250069504,
        "bw_bytes" : 172119643,
        "bw" : 168085,
        "iops" : 1313.168669,
        "runtime" : 1487751,
        "total_ios" : 1953668,
        "short_ios" : 0,
        "drop_ios" : 0,
        "slat_ns" : {
          "min" : 5281,
          "max" : 351981,
          "mean" : 11027.833961,
          "stddev" : 3374.133114
        },
        "clat_ns" : {
          "min" : 908604,
          "max" : 122194643,
          "mean" : 24354722.767723,
          "stddev" : 16362108.967741,
          "percentile" : {
            "1.000000" : 12648448,
            "5.000000" : 12910592,
            "10.000000" : 13041664,
            "20.000000" : 13303808,
            "30.000000" : 13434880,
            "40.000000" : 13697024,
            "50.000000" : 14090240,
            "60.000000" : 14745600,
            "70.000000" : 33816576,
            "80.000000" : 36962304,
            "90.000000" : 54788096,
            "95.000000" : 57409536,
            "99.000000" : 62652416,
            "99.500000" : 64225280,
            "99.900000" : 71827456,
            "99.950000" : 76021760,
            "99.990000" : 82313216
          },
          "bins" : {
            "905216" : 1,
            "1384448" : 2,
            "2088960" : 1,
            "2408448" : 1,
            "2834432" : 1,
            "3293184" : 1,
            "3686400" : 1,
            "4046848" : 1,
            "4423680" : 1,
            "4816896" : 1,
            "5210112" : 1,
            "5537792" : 1,
            "5931008" : 1,
            "6258688" : 1,
            "6717440" : 1,
            "7045120" : 1,
            "7503872" : 1,
            "7831552" : 1,
            "8290304" : 1,
            "8585216" : 1,
            "8978432" : 1,
            "9633792" : 1,
            "10027008" : 1,
            "10420224" : 1,
            "10813440" : 1,
            "11337728" : 1,
            "11468800" : 8,
            "11599872" : 35,
            "11730944" : 93,
            "11862016" : 149,
            "11993088" : 257,
            "12124160" : 412,
            "12255232" : 941,
            "12386304" : 2094,
            "12517376" : 6785,
            "12648448" : 19955,
            "12779520" : 46871,
            "12910592" : 75285,
            "13041664" : 95867,
            "13172736" : 108148,
            "13303808" : 113257,
            "13434880" : 116708,
            "13565952" : 112808,
            "13697024" : 95530,
            "13828096" : 76525,
            "13959168" : 64463,
            "14090240" : 60193,
            "14221312" : 53379,
            "14352384" : 45070,
            "14483456" : 39621,
            "14614528" : 35451,
            "14745600" : 32624,
            "14876672" : 28699,
            "15007744" : 22674,
            "15138816" : 17321,
            "15269888" : 11865,
            "15400960" : 7435,
            "15532032" : 3959,
            "15663104" : 2087,
            "15794176" : 1348,
            "15925248" : 829,
            "16056320" : 507,
            "16187392" : 291,
            "16318464" : 159,
            "16449536" : 102,
            "16580608" : 72,
            "16711680" : 58,
            "16908288" : 137,
            "17170432" : 185,
            "17432576" : 141,
            "17694720" : 57,
            "17956864" : 39,
            "18219008" : 16,
            "18481152" : 34,
            "18743296" : 57,
            "19005440" : 44,
            "19267584" : 41,
            "19529728" : 36,
            "19791872" : 53,
            "20054016" : 77,
            "20316160" : 65,
            "20578304" : 77,
            "20840448" : 37,
            "21102592" : 68,
            "21364736" : 99,
            "21626880" : 64,
            "21889024" : 54,
            "22151168" : 18,
            "22413312" : 21,
            "22675456" : 25,
            "22937600" : 18,
            "23199744" : 13,
            "23461888" : 5,
            "23724032" : 1,
            "24248320" : 1,
            "24510464" : 20,
            "24772608" : 10,
            "25034752" : 15,
            "25296896" : 18,
            "25559040" : 18,
            "25821184" : 83,
            "26083328" : 253,
            "26345472" : 1039,
            "26607616" : 3273,
            "26869760" : 3627,
            "27131904" : 2153,
            "27394048" : 1408,
            "27656192" : 1396,
            "27918336" : 1501,
            "28180480" : 1474,
            "28442624" : 870,
            "28704768" : 627,
            "28966912" : 449,
            "29229056" : 339,
            "29491200" : 330,
            "29753344" : 279,
            "30015488" : 303,
            "30277632" : 395,
            "30539776" : 465,
            "30801920" : 638,
            "31064064" : 876,
            "31326208" : 1131,
            "31588352" : 1445,
            "31850496" : 2108,
            "32112640" : 2747,
            "32374784" : 3964,
            "32636928" : 5107,
            "32899072" : 6272,
            "33161216" : 7674,
            "33423360" : 8937,
            "33816576" : 21949,
            "34340864" : 28033,
            "34865152" : 34109,
            "35389440" : 35659,
            "35913728" : 31557,
            "36438016" : 27598,
            "36962304" : 23903,
            "37486592" : 16264,
            "38010880" : 10185,
            "38535168" : 8161,
            "39059456" : 6819,
            "39583744" : 6252,
            "40108032" : 5501,
            "40632320" : 5214,
            "41156608" : 4763,
            "41680896" : 3810,
            "42205184" : 2946,
            "42729472" : 1959,
            "43253760" : 1136,
            "43778048" : 568,
            "44302336" : 378,
            "44826624" : 225,
            "45350912" : 188,
            "45875200" : 168,
            "46399488" : 238,
            "46923776" : 375,