{
  "fio version" : "fio-3.8",
  "timestamp" : 1541317163,
  "timestamp_ms" : 1541317163789,
  "time" : "Sun Nov  4 00:39:23 2018",
  "jobs" : [
    {
      "jobname" : "wipc",
      "groupid" : 0,
      "error" : 0,
      "eta" : 0,
      "elapsed" : 1434,
      "job options" : {
        "ioengine" : "libaio",
        "group_reporting" : "1",
        "direct" : "1",
        "rw" : "write",
        "bssplit" : "128KB",
        "numjobs" : "2",
        "iodepth" : "16",
        "size" : "75%",
        "io_size" : "128035676160B",
        "filename" : "/dev/sdb"
      },
      "read" : {
        "io_bytes" : 0,
        "io_kbytes" : 0,
        "bw_bytes" : 0,
        "bw" : 0,
        "iops" : 0.000000,
        "runtime" : 0,
        "total_ios" : 0,
        "short_ios" : 0,
        "drop_ios" : 0,
        "slat_ns" : {
          "min" : 0,
          "max" : 0,
          "mean" : 0.000000,
          "stddev" : 0.000000
        },
        "clat_ns" : {
          "min" : 0,
          "max" : 0,
          "mean" : 0.000000,
          "stddev" : 0.000000,
          "percentile" : {
            "1.000000" : 0,
            "5.000000" : 0,
            "10.000000" : 0,
            "20.000000" : 0,
            "30.000000" : 0,
            "40.000000" : 0,
            "50.000000" : 0,
            "60.000000" : 0,
            "70.000000" : 0,
            "80.000000" : 0,
            "90.000000" : 0,
            "95.000000" : 0,
            "99.000000" : 0,
            "99.500000" : 0,
            "99.900000" : 0,
            "99.950000" : 0,
            "99.990000" : 0
          },
          "bins" : {

          }
        },
        "lat_ns" : {
          "min" : 0,
          "max" : 0,
          "mean" : 0.000000,
          "stddev" : 0.000000
        },
        "bw_min" : 0,
        "bw_max" : 0,
        "bw_agg" : 0.000000,
        "bw_mean" : 0.000000,
        "bw_dev" : 0.000000,
        "bw_samples" : 0,
        "iops_min" : 0,
        "iops_max" : 0,
        "iops_mean" : 0.000000,
        "iops_stddev" : 0.000000,
        "iops_samples" : 0
      },
      "write" : {
        "io_bytes" : 256071434240,
        "io_kbytes" : 250069760,
        "bw_bytes" : 178623126,
        "bw" : 174436,
        "iops" : 1362.786301,
        "runtime" : 1433585,
        "total_ios" : 1953670,
        "short_ios" : 0,
        "drop_ios" : 0,
        "slat_ns" : {
          "min" : 5334,
          "max" : 366459,
          "mean" : 13554.351077,
          "stddev" : 3479.567608
        },
        "clat_ns" : {
          "min" : 873143,
          "max" : 119695308,
          "mean" : 23464140.223596,
          "stddev" : 15244681.744041,
          "percentile" : {
            "1.000000" : 12779520,
            "5.000000" : 13041664,
            "10.000000" : 13172736,
            "20.000000" : 13303808,
            "30.000000" : 13434880,
            "40.000000" : 13565952,
            "50.000000" : 13828096,
            "60.000000" : 14483456,
            "70.000000" : 33816576,
            "80.000000" : 36962304,
            "90.000000" : 53215232,
            "95.000000" : 56885248,
            "99.000000" : 62652416,
            "99.500000" : 64749568,
            "99.900000" : 73924608,
            "99.950000" : 80216064,
            "99.990000" : 99090432
          },
          "bins" : {
            "872448" : 1,
            "1351680" : 1,
            "1384448" : 1,
            "2056192" : 1,
            "2441216" : 1,
            "2801664" : 1,
            "3325952" : 1,
            "3719168" : 1,
            "4112384" : 1,
            "4489216" : 1,
            "4882432" : 1,
            "5341184" : 1,
            "5734400" : 1,
            "6127616" : 1,
            "6455296" : 2,
            "6651904" : 1,
            "6717440" : 8,
            "6782976" : 14,
            "6848512" : 9,
            "6914048" : 20,
            "6979584" : 6,
            "7045120" : 1,
            "7176192" : 1,
            "7241728" : 3,
            "7307264" : 12,
            "7372800" : 14,
            "7438336" : 4,
            "7503872" : 3,
            "7569408" : 2,
            "7634944" : 3,
            "7700480" : 3,
            "7766016" : 1,
            "7831552" : 8,
            "7897088" : 9,
            "8028160" : 1,
            "8093696" : 1,
            "8224768" : 2,
            "8454144" : 1,
            "8585216" : 1,
            "8847360" : 2,
            "8978432" : 4,
            "9240576" : 2,
            "9371648" : 2,
            "9633792" : 2,
            "9764864" : 2,
            "10027008" : 4,
            "10158080" : 1,
            "10289152" : 1,
            "10420224" : 2,
            "10551296" : 3,
            "10682368" : 1,
            "10813440" : 1,
            "10944512" : 2,
            "11075584" : 3,
            "11206656" : 2,
            "11337728" : 14,
            "11468800" : 21,
            "11599872" : 68,
            "11730944" : 202,
            "11862016" : 199,
            "11993088" : 146,
            "12124160" : 253,
            "12255232" : 253,
            "12386304" : 483,
            "12517376" : 1698,
            "12648448" : 5680,
            "12779520" : 18460,
            "12910592" : 49946,
            "13041664" : 106730,
            "13172736" : 153108,
            "13303808" : 174882,
            "13434880" : 166849,
            "13565952" : 129886,
            "13697024" : 100426,
            "13828096" : 75535,
            "13959168" : 55997,
            "14090240" : 44143,
            "14221312" : 34882,
            "14352384" : 28282,
            "14483456" : 25723,
            "14614528" : 20238,
            "14745600" : 16654,
            "14876672" : 14161,
            "15007744" : 13386,
            "15138816" : 12794,
            "15269888" : 11451,
            "15400960" : 10422,
            "15532032" : 8749,
            "15663104" : 7233,
            "15794176" : 5567,
            "15925248" : 3859,
            "16056320" : 2692,
            "16187392" : 1798,
            "16318464" : 1434,
            "16449536" : 1153,
            "16580608" : 841,
            "16711680" : 719,
            "16908288" : 783,
            "17170432" : 463,
            "17432576" : 226,
            "17694720" : 114,
            "17956864" : 65,
            "18219008" : 20,
            "18481152" : 20,
            "18743296" : 21,
            "19005440" : 46,
            "19267584" : 53,
            "19529728" : 68,
            "19791872" : 75,
            "20054016" : 87,
            "20316160" : 63,
            "20578304" : 86,
            "20840448" : 54,
            "21102592" : 47,
            "21364736" : 42,
            "21626880" : 43,
            "21889024" : 27,
            "22151168" : 24,
            "22413312" : 9,
            "22675456" : 3,
            "22937600" : 1,
            "23724032" : 1,
            "23986176" : 1,
            "24248320" : 1,
            "24510464" : 2,
            "24772608" : 3,
            "25034752" : 1,
            "25296896" : 5,
            "25559040" : 11,
            "25821184" : 41,
            "26083328" : 204,
            "26345472" : 573,
            "26607616" : 3342,
            "26869760" : 6058,
            "27131904" : 3611,
            "27394048" : 1554,
            "27656192" : 972,
            "27918336" : 811,
            "28180480" : 609,
            "28442624" : 353,
            "28704768" : 281,
            "28966912" : 237,
            "29229056" : 214,
            "29491200" : 229,
            "29753344" : 236,
            "30015488" : 243,
            "30277632" : 310,
            "30539776" : 410,
            "30801920" : 463,
            "31064064" : 513,
            "31326208" : 635,
            "31588352" : 762,
            "31850496" : 1048,
            "32112640" : 1442,
            "32374784" : 2036,
            "32636928" : 2677,
            "32899072" : 3612,
            "33161216" : 4545,
            "33423360" : 6128,