{
  "fio version" : "fio-3.8",
  "timestamp" : 1553208484,
  "timestamp_ms" : 1553208484436,
  "time" : "Thu Mar 21 15:48:04 2019",
  "jobs" : [
    {
      "jobname" : "wipc",
      "groupid" : 0,
      "error" : 0,
      "eta" : 0,
      "elapsed" : 1432,
      "job options" : {
        "ioengine" : "libaio",
        "group_reporting" : "1",
        "direct" : "1",
        "rw" : "write",
        "bssplit" : "128KB",
        "numjobs" : "2",
        "iodepth" : "16",
        "size" : "75%",
        "io_size" : "128035676160B",
        "filename" : "/dev/sdd"
      },
      "read" : {
        "io_bytes" : 0,
        "io_kbytes" : 0,
        "bw_bytes" : 0,
        "bw" : 0,
        "iops" : 0.000000,
        "runtime" : 0,
        "total_ios" : 0,
        "short_ios" : 0,
        "drop_ios" : 0,
        "slat_ns" : {
          "min" : 0,
          "max" : 0,
          "mean" : 0.000000,
          "stddev" : 0.000000
        },
        "clat_ns" : {
          "min" : 0,
          "max" : 0,
          "mean" : 0.000000,
          "stddev" : 0.000000,
          "percentile" : {
            "1.000000" : 0,
            "5.000000" : 0,
            "10.000000" : 0,
            "20.000000" : 0,
            "30.000000" : 0,
            "40.000000" : 0,
            "50.000000" : 0,
            "60.000000" : 0,
            "70.000000" : 0,
            "80.000000" : 0,
            "90.000000" : 0,
            "95.000000" : 0,
            "99.000000" : 0,
            "99.500000" : 0,
            "99.900000" : 0,
            "99.950000" : 0,
            "99.990000" : 0
          },
          "bins" : {

          }
        },
        "lat_ns" : {
          "min" : 0,
          "max" : 0,
          "mean" : 0.000000,
          "stddev" : 0.000000
        },
        "bw_min" : 0,
        "bw_max" : 0,
        "bw_agg" : 0.000000,
        "bw_mean" : 0.000000,
        "bw_dev" : 0.000000,
        "bw_samples" : 0,
        "iops_min" : 0,
        "iops_max" : 0,
        "iops_mean" : 0.000000,
        "iops_stddev" : 0.000000,
        "iops_samples" : 0
      },
      "write" : {
        "io_bytes" : 256071434240,
        "io_kbytes" : 250069760,
        "bw_bytes" : 178933917,
        "bw" : 174740,
        "iops" : 1365.157449,
        "runtime" : 1431095,
        "total_ios" : 1953670,
        "short_ios" : 0,
        "drop_ios" : 0,
        "slat_ns" : {
          "min" : 6614,
          "max" : 353494,
          "mean" : 16706.217956,
          "stddev" : 6086.112525
        },
        "clat_ns" : {
          "min" : 836223,
          "max" : 126687642,
          "mean" : 23418303.187790,
          "stddev" : 15505217.304359,
          "percentile" : {
            "1.000000" : 12779520,
            "5.000000" : 13041664,
            "10.000000" : 13172736,
            "20.000000" : 13434880,
            "30.000000" : 13697024,
            "40.000000" : 13959168,
            "50.000000" : 14352384,
            "60.000000" : 14876672,
            "70.000000" : 27918336,
            "80.000000" : 36438016,
            "90.000000" : 54263808,
            "95.000000" : 56885248,
            "99.000000" : 62652416,
            "99.500000" : 65273856,
            "99.900000" : 79167488,
            "99.950000" : 87556096,
            "99.990000" : 101187584
          },
          "bins" : {
            "839680" : 1,
            "1368064" : 1,
            "1384448" : 1,
            "2146304" : 1,
            "2539520" : 1,
            "2899968" : 1,
            "3293184" : 1,
            "3620864" : 1,
            "4046848" : 1,
            "4358144" : 1,
            "4816896" : 1,
            "5210112" : 1,
            "5537792" : 1,
            "5931008" : 1,
            "6127616" : 1,
            "6324224" : 1,
            "6455296" : 1,
            "6520832" : 1,
            "6651904" : 1,
            "6782976" : 3,
            "6848512" : 4,
            "6979584" : 1,
            "7045120" : 1,
            "7176192" : 2,
            "7241728" : 1,
            "7307264" : 1,
            "7372800" : 1,
            "7438336" : 2,
            "7503872" : 1,
            "7569408" : 3,
            "7634944" : 3,
            "7700480" : 3,
            "7766016" : 4,
            "7831552" : 4,
            "7897088" : 4,
            "8028160" : 1,
            "8093696" : 3,
            "8355840" : 1,
            "8454144" : 3,
            "8585216" : 1,
            "8716288" : 3,
            "8847360" : 8,
            "8978432" : 1,
            "9109504" : 2,
            "9240576" : 6,
            "9371648" : 1,
            "9502720" : 5,
            "9633792" : 6,
            "9764864" : 5,
            "9895936" : 1,
            "10027008" : 3,
            "10158080" : 1,
            "10289152" : 3,
            "10420224" : 10,
            "10551296" : 4,
            "10682368" : 1,
            "10813440" : 6,
            "10944512" : 5,
            "11075584" : 6,
            "11206656" : 5,
            "11337728" : 19,
            "11468800" : 44,
            "11599872" : 64,
            "11730944" : 94,
            "11862016" : 144,
            "11993088" : 171,
            "12124160" : 186,
            "12255232" : 286,
            "12386304" : 567,
            "12517376" : 1386,
            "12648448" : 4897,
            "12779520" : 17001,
            "12910592" : 42010,
            "13041664" : 70938,
            "13172736" : 89273,
            "13303808" : 97571,
            "13434880" : 102209,
            "13565952" : 103306,
            "13697024" : 106731,
            "13828096" : 102385,
            "13959168" : 86281,
            "14090240" : 67949,
            "14221312" : 58337,
            "14352384" : 58989,
            "14483456" : 58340,
            "14614528" : 53574,
            "14745600" : 46609,
            "14876672" : 38411,
            "15007744" : 32881,
            "15138816" : 28348,
            "15269888" : 22858,
            "15400960" : 17451,
            "15532032" : 11795,
            "15663104" : 8095,
            "15794176" : 5516,
            "15925248" : 3803,
            "16056320" : 2625,
            "16187392" : 1832,
            "16318464" : 1361,
            "16449536" : 1176,
            "16580608" : 967,
            "16711680" : 701,
            "16908288" : 1051,
            "17170432" : 550,
            "17432576" : 317,
            "17694720" : 151,
            "17956864" : 71,
            "18219008" : 36,
            "18481152" : 30,
            "18743296" : 28,
            "19005440" : 57,
            "19267584" : 74,
            "19529728" : 77,
            "19791872" : 79,
            "20054016" : 94,
            "20316160" : 137,
            "20578304" : 184,
            "20840448" : 187,
            "21102592" : 181,
            "21364736" : 207,
            "21626880" : 188,
            "21889024" : 183,
            "22151168" : 157,
            "22413312" : 147,
            "22675456" : 113,
            "22937600" : 91,
            "23199744" : 74,
            "23461888" : 71,
            "23724032" : 31,
            "23986176" : 42,
            "24248320" : 28,
            "24510464" : 19,
            "24772608" : 19,
            "25034752" : 10,
            "25296896" : 15,
            "25559040" : 35,
            "25821184" : 62,
            "26083328" : 82,
            "26345472" : 256,
            "26607616" : 1624,
            "26869760" : 3775,
            "27131904" : 4422,
            "27394048" : 2727,
            "27656192" : 1817,
            "27918336" : 1184,
            "28180480" : 909,
            "28442624" : 771,
            "28704768" : 590,
            "28966912" : 356,
            "29229056" : 274,
            "29491200" : 236,
            "29753344" : 220,
            "30015488" : 259,
            "30277632" : 332,
            "30539776" : 382,
            "30801920" : 523,
            "31064064" : 661,
            "31326208" : 857,
            "31588352" : 1149,