{
  "fio version" : "fio-3.8",
  "timestamp" : 1546121848,
  "timestamp_ms" : 1546121848618,
  "time" : "Sat Dec 29 14:17:28 2018",
  "jobs" : [
    {
      "jobname" : "wipc",
      "groupid" : 0,
      "error" : 0,
      "eta" : 0,
      "elapsed" : 1543,
      "job options" : {
        "ioengine" : "libaio",
        "group_reporting" : "1",
        "direct" : "1",
        "rw" : "write",
        "bssplit" : "128KB",
        "numjobs" : "2",
        "iodepth" : "16",
        "size" : "100%",
        "io_size" : "128035676160B",
        "filename" : "/dev/sde"
      },
      "read" : {
        "io_bytes" : 0,
        "io_kbytes" : 0,
        "bw_bytes" : 0,
        "bw" : 0,
        "iops" : 0.000000,
        "runtime" : 0,
        "total_ios" : 0,
        "short_ios" : 0,
        "drop_ios" : 0,
        "slat_ns" : {
          "min" : 0,
          "max" : 0,
          "mean" : 0.000000,
          "stddev" : 0.000000
        },
        "clat_ns" : {
          "min" : 0,
          "max" : 0,
          "mean" : 0.000000,
          "stddev" : 0.000000,
          "percentile" : {
            "1.000000" : 0,
            "5.000000" : 0,
            "10.000000" : 0,
            "20.000000" : 0,
            "30.000000" : 0,
            "40.000000" : 0,
            "50.000000" : 0,
            "60.000000" : 0,
            "70.000000" : 0,
            "80.000000" : 0,
            "90.000000" : 0,
            "95.000000" : 0,
            "99.000000" : 0,
            "99.500000" : 0,
            "99.900000" : 0,
            "99.950000" : 0,
            "99.990000" : 0
          },
          "bins" : {

          }
        },
        "lat_ns" : {
          "min" : 0,
          "max" : 0,
          "mean" : 0.000000,
          "stddev" : 0.000000
        },
        "bw_min" : 0,
        "bw_max" : 0,
        "bw_agg" : 0.000000,
        "bw_mean" : 0.000000,
        "bw_dev" : 0.000000,
        "bw_samples" : 0,
        "iops_min" : 0,
        "iops_max" : 0,
        "iops_mean" : 0.000000,
        "iops_stddev" : 0.000000,
        "iops_samples" : 0
      },
      "write" : {
        "io_bytes" : 256071172096,
        "io_kbytes" : 250069504,
        "bw_bytes" : 165997140,
        "bw" : 162106,
        "iops" : 1266.457672,
        "runtime" : 1542624,
        "total_ios" : 1953668,
        "short_ios" : 0,
        "drop_ios" : 0,
        "slat_ns" : {
          "min" : 5315,
          "max" : 152223,
          "mean" : 15660.588309,
          "stddev" : 5104.988535
        },
        "clat_ns" : {
          "min" : 819161,
          "max" : 92230754,
          "mean" : 25249149.020698,
          "stddev" : 15961481.874772,
          "percentile" : {
            "1.000000" : 13172736,
            "5.000000" : 13434880,
            "10.000000" : 13565952,
            "20.000000" : 13828096,
            "30.000000" : 14090240,
            "40.000000" : 14352384,
            "50.000000" : 14745600,
            "60.000000" : 15532032,
            "70.000000" : 35389440,
            "80.000000" : 38010880,
            "90.000000" : 55836672,
            "95.000000" : 58458112,
            "99.000000" : 63700992,
            "99.500000" : 65798144,
            "99.900000" : 72876032,
            "99.950000" : 76021760,
            "99.990000" : 83361792
          },
          "bins" : {
            "815104" : 1,
            "1302528" : 1,
            "1384448" : 1,
            "2023424" : 1,
            "2375680" : 1,
            "2768896" : 1,
            "3162112" : 1,
            "3522560" : 1,
            "3915776" : 1,
            "4292608" : 1,
            "4620288" : 1,
            "5013504" : 1,
            "5341184" : 1,
            "5734400" : 1,
            "6062080" : 1,
            "6455296" : 1,
            "6848512" : 1,
            "7241728" : 1,
            "7569408" : 1,
            "7897088" : 1,
            "8290304" : 1,
            "8585216" : 1,
            "9764864" : 1,
            "10027008" : 1,
            "10158080" : 1,
            "10420224" : 1,
            "10813440" : 2,
            "11206656" : 1,
            "11599872" : 1,
            "11862016" : 4,
            "11993088" : 21,
            "12124160" : 39,
            "12255232" : 105,
            "12386304" : 186,
            "12517376" : 305,
            "12648448" : 708,
            "12779520" : 1738,
            "12910592" : 4202,
            "13041664" : 9867,
            "13172736" : 23931,
            "13303808" : 47304,
            "13434880" : 71988,
            "13565952" : 88993,
            "13697024" : 97778,
            "13828096" : 104026,
            "13959168" : 104149,
            "14090240" : 97147,
            "14221312" : 86063,
            "14352384" : 72719,
            "14483456" : 62705,
            "14614528" : 57354,
            "14745600" : 52963,
            "14876672" : 45727,
            "15007744" : 39500,
            "15138816" : 33447,
            "15269888" : 29767,
            "15400960" : 27323,
            "15532032" : 23454,
            "15663104" : 19247,
            "15794176" : 14091,
            "15925248" : 9842,
            "16056320" : 6403,
            "16187392" : 3854,
            "16318464" : 2503,
            "16449536" : 1450,
            "16580608" : 902,
            "16711680" : 518,
            "16908288" : 474,
            "17170432" : 190,
            "17432576" : 153,
            "17694720" : 139,
            "17956864" : 136,
            "18219008" : 81,
            "18481152" : 28,
            "18743296" : 26,
            "19005440" : 27,
            "19267584" : 32,
            "19529728" : 80,
            "19791872" : 76,
            "20054016" : 83,
            "20316160" : 52,
            "20578304" : 49,
            "20840448" : 75,
            "21102592" : 50,
            "21364736" : 38,
            "21626880" : 25,
            "21889024" : 18,
            "22151168" : 19,
            "22413312" : 14,
            "22675456" : 3,
            "22937600" : 2,
            "23724032" : 1,
            "24248320" : 1,
            "25034752" : 1,
            "25296896" : 7,
            "25559040" : 20,
            "25821184" : 37,
            "26083328" : 91,
            "26345472" : 171,
            "26607616" : 271,
            "26869760" : 868,
            "27131904" : 3919,
            "27394048" : 4352,
            "27656192" : 2542,
            "27918336" : 1641,
            "28180480" : 1127,
            "28442624" : 761,
            "28704768" : 825,
            "28966912" : 658,
            "29229056" : 349,
            "29491200" : 206,
            "29753344" : 163,
            "30015488" : 159,
            "30277632" : 190,
            "30539776" : 227,
            "30801920" : 333,
            "31064064" : 415,
            "31326208" : 496,
            "31588352" : 586,
            "31850496" : 783,
            "32112640" : 921,
            "32374784" : 1226,
            "32636928" : 1551,
            "32899072" : 2044,
            "33161216" : 2772,
            "33423360" : 3851,
            "33816576" : 12570,
            "34340864" : 20230,
            "34865152" : 26523,
            "35389440" : 32971,
            "35913728" : 41374,
            "36438016" : 47294,
            "36962304" : 44641,
            "37486592" : 38808,
            "38010880" : 34575,
            "38535168" : 28498,
            "39059456" : 20086,
            "39583744" : 13662,
            "40108032" : 10621,
            "40632320" : 9115,
            "41156608" : 8043,
            "41680896" : 7454,
            "42205184" : 6859,
            "42729472" : 5728,
            "43253760" : 4268,
            "43778048" : 2914,
            "44302336" : 1952,
            "44826624" : 1193,
            "45350912" : 609,
            "45875200" : 241,
            "46399488" : 146,
            "46923776" : 138,
            "47448064" : 150,
            "47972352" : 325,
            "48496640" : 386,
            "49020928" : 376,