{
  "fio version" : "fio-3.8",
  "timestamp" : 1543493756,
  "timestamp_ms" : 1543493756426,
  "time" : "Thu Nov 29 04:15:56 2018",
  "jobs" : [
    {
      "jobname" : "wipc",
      "groupid" : 0,
      "error" : 0,
      "eta" : 0,
      "elapsed" : 1417,
      "job options" : {
        "ioengine" : "libaio",
        "group_reporting" : "1",
        "direct" : "1",
        "rw" : "write",
        "bssplit" : "128KB",
        "numjobs" : "2",
        "iodepth" : "16",
        "size" : "75%",
        "io_size" : "128035676160B",
        "filename" : "/dev/sda"
      },
      "read" : {
        "io_bytes" : 0,
        "io_kbytes" : 0,
        "bw_bytes" : 0,
        "bw" : 0,
        "iops" : 0.000000,
        "runtime" : 0,
        "total_ios" : 0,
        "short_ios" : 0,
        "drop_ios" : 0,
        "slat_ns" : {
          "min" : 0,
          "max" : 0,
          "mean" : 0.000000,
          "stddev" : 0.000000
        },
        "clat_ns" : {
          "min" : 0,
          "max" : 0,
          "mean" : 0.000000,
          "stddev" : 0.000000,
          "percentile" : {
            "1.000000" : 0,
            "5.000000" : 0,
            "10.000000" : 0,
            "20.000000" : 0,
            "30.000000" : 0,
            "40.000000" : 0,
            "50.000000" : 0,
            "60.000000" : 0,
            "70.000000" : 0,
            "80.000000" : 0,
            "90.000000" : 0,
            "95.000000" : 0,
            "99.000000" : 0,
            "99.500000" : 0,
            "99.900000" : 0,
            "99.950000" : 0,
            "99.990000" : 0
          },
          "bins" : {

          }
        },
        "lat_ns" : {
          "min" : 0,
          "max" : 0,
          "mean" : 0.000000,
          "stddev" : 0.000000
        },
        "bw_min" : 0,
        "bw_max" : 0,
        "bw_agg" : 0.000000,
        "bw_mean" : 0.000000,
        "bw_dev" : 0.000000,
        "bw_samples" : 0,
        "iops_min" : 0,
        "iops_max" : 0,
        "iops_mean" : 0.000000,
        "iops_stddev" : 0.000000,
        "iops_samples" : 0
      },
      "write" : {
        "io_bytes" : 256071434240,
        "io_kbytes" : 250069760,
        "bw_bytes" : 180841791,
        "bw" : 176603,
        "iops" : 1379.713375,
        "runtime" : 1415997,
        "total_ios" : 1953670,
        "short_ios" : 0,
        "drop_ios" : 0,
        "slat_ns" : {
          "min" : 5283,
          "max" : 367273,
          "mean" : 14052.814267,
          "stddev" : 3884.222416
        },
        "clat_ns" : {
          "min" : 821903,
          "max" : 129621501,
          "mean" : 23156948.367582,
          "stddev" : 15344554.272106,
          "percentile" : {
            "1.000000" : 12779520,
            "5.000000" : 12910592,
            "10.000000" : 13172736,
            "20.000000" : 13303808,
            "30.000000" : 13565952,
            "40.000000" : 13828096,
            "50.000000" : 14221312,
            "60.000000" : 14745600,
            "70.000000" : 26607616,
            "80.000000" : 36438016,
            "90.000000" : 54263808,
            "95.000000" : 56885248,
            "99.000000" : 63176704,
            "99.500000" : 64749568,
            "99.900000" : 74973184,
            "99.950000" : 81264640,
            "99.990000" : 99090432
          },
          "bins" : {
            "823296" : 1,
            "1286144" : 1,
            "1335296" : 1,
            "1990656" : 1,
            "2342912" : 1,
            "2736128" : 1,
            "3129344" : 1,
            "3522560" : 1,
            "3850240" : 1,
            "4227072" : 1,
            "4554752" : 1,
            "4947968" : 1,
            "5341184" : 1,
            "5668864" : 1,
            "5865472" : 1,
            "5996544" : 2,
            "6062080" : 1,
            "6127616" : 1,
            "6193152" : 1,
            "6258688" : 1,
            "6389760" : 2,
            "6455296" : 1,
            "6520832" : 2,
            "6586368" : 32,
            "6651904" : 49,
            "6717440" : 100,
            "6782976" : 62,
            "6848512" : 44,
            "6914048" : 51,
            "6979584" : 52,
            "7045120" : 48,
            "7110656" : 28,
            "7176192" : 54,
            "7241728" : 46,
            "7307264" : 71,
            "7372800" : 48,
            "7438336" : 28,
            "7503872" : 11,
            "7569408" : 8,
            "7634944" : 19,
            "7700480" : 24,
            "7766016" : 11,
            "7831552" : 10,
            "7897088" : 38,
            "7962624" : 11,
            "8028160" : 8,
            "8093696" : 7,
            "8159232" : 4,
            "8224768" : 20,
            "8290304" : 12,
            "8355840" : 12,
            "8454144" : 36,
            "8585216" : 10,
            "8716288" : 11,
            "8847360" : 9,
            "8978432" : 2,
            "9240576" : 3,
            "9502720" : 2,
            "9764864" : 2,
            "9895936" : 2,
            "10027008" : 1,
            "10289152" : 1,
            "10420224" : 1,
            "10551296" : 1,
            "10682368" : 1,
            "10813440" : 1,
            "11075584" : 1,
            "11206656" : 5,
            "11337728" : 1,
            "11468800" : 9,
            "11599872" : 40,
            "11730944" : 108,
            "11862016" : 128,
            "11993088" : 178,
            "12124160" : 405,
            "12255232" : 711,
            "12386304" : 1231,
            "12517376" : 3269,
            "12648448" : 10514,
            "12779520" : 29392,
            "12910592" : 57097,
            "13041664" : 82256,
            "13172736" : 99836,
            "13303808" : 109099,
            "13434880" : 112416,
            "13565952" : 110480,
            "13697024" : 97165,
            "13828096" : 81160,
            "13959168" : 73034,
            "14090240" : 67017,
            "14221312" : 61559,
            "14352384" : 53295,
            "14483456" : 44588,
            "14614528" : 40115,
            "14745600" : 38642,
            "14876672" : 38000,
            "15007744" : 34066,
            "15138816" : 28467,
            "15269888" : 22200,
            "15400960" : 16085,
            "15532032" : 11817,
            "15663104" : 8635,
            "15794176" : 6093,
            "15925248" : 4803,
            "16056320" : 3466,
            "16187392" : 2975,
            "16318464" : 2231,
            "16449536" : 1872,
            "16580608" : 1544,
            "16711680" : 1007,
            "16908288" : 1392,
            "17170432" : 759,
            "17432576" : 451,
            "17694720" : 216,
            "17956864" : 102,
            "18219008" : 81,
            "18481152" : 54,
            "18743296" : 64,
            "19005440" : 72,
            "19267584" : 55,
            "19529728" : 79,
            "19791872" : 111,
            "20054016" : 67,
            "20316160" : 70,
            "20578304" : 59,
            "20840448" : 55,
            "21102592" : 57,
            "21364736" : 49,
            "21626880" : 48,
            "21889024" : 21,
            "22151168" : 12,
            "22413312" : 18,
            "22675456" : 6,
            "22937600" : 5,
            "23199744" : 6,
            "23461888" : 12,
            "23724032" : 17,
            "23986176" : 11,
            "24248320" : 3,
            "24510464" : 10,
            "24772608" : 18,
            "25034752" : 41,
            "25296896" : 62,
            "25559040" : 162,
            "25821184" : 198,
            "26083328" : 388,
            "26345472" : 1257,
            "26607616" : 4161,
            "26869760" : 4329,
            "27131904" : 3056,
            "27394048" : 1775,
            "27656192" : 1176,
            "27918336" : 908,
            "28180480" : 997,
            "28442624" : 853,
            "28704768" : 378,
            "28966912" : 214,
            "29229056" : 142,
            "29491200" : 129,
            "29753344" : 197,