{
  "fio version" : "fio-3.8",
  "timestamp" : 1543364069,
  "timestamp_ms" : 1543364069426,
  "time" : "Wed Nov 28 00:14:29 2018",
  "jobs" : [
    {
      "jobname" : "wipc",
      "groupid" : 0,
      "error" : 0,
      "eta" : 0,
      "elapsed" : 1359,
      "job options" : {
        "ioengine" : "libaio",
        "group_reporting" : "1",
        "direct" : "1",
        "rw" : "write",
        "bssplit" : "128KB",
        "numjobs" : "2",
        "iodepth" : "16",
        "size" : "75%",
        "io_size" : "128035676160B",
        "filename" : "/dev/sda"
      },
      "read" : {
        "io_bytes" : 0,
        "io_kbytes" : 0,
        "bw_bytes" : 0,
        "bw" : 0,
        "iops" : 0.000000,
        "runtime" : 0,
        "total_ios" : 0,
        "short_ios" : 0,
        "drop_ios" : 0,
        "slat_ns" : {
          "min" : 0,
          "max" : 0,
          "mean" : 0.000000,
          "stddev" : 0.000000
        },
        "clat_ns" : {
          "min" : 0,
          "max" : 0,
          "mean" : 0.000000,
          "stddev" : 0.000000,
          "percentile" : {
            "1.000000" : 0,
            "5.000000" : 0,
            "10.000000" : 0,
            "20.000000" : 0,
            "30.000000" : 0,
            "40.000000" : 0,
            "50.000000" : 0,
            "60.000000" : 0,
            "70.000000" : 0,
            "80.000000" : 0,
            "90.000000" : 0,
            "95.000000" : 0,
            "99.000000" : 0,
            "99.500000" : 0,
            "99.900000" : 0,
            "99.950000" : 0,
            "99.990000" : 0
          },
          "bins" : {

          }
        },
        "lat_ns" : {
          "min" : 0,
          "max" : 0,
          "mean" : 0.000000,
          "stddev" : 0.000000
        },
        "bw_min" : 0,
        "bw_max" : 0,
        "bw_agg" : 0.000000,
        "bw_mean" : 0.000000,
        "bw_dev" : 0.000000,
        "bw_samples" : 0,
        "iops_min" : 0,
        "iops_max" : 0,
        "iops_mean" : 0.000000,
        "iops_stddev" : 0.000000,
        "iops_samples" : 0
      },
      "write" : {
        "io_bytes" : 256071434240,
        "io_kbytes" : 250069760,
        "bw_bytes" : 188542906,
        "bw" : 184123,
        "iops" : 1438.468222,
        "runtime" : 1358160,
        "total_ios" : 1953670,
        "short_ios" : 0,
        "drop_ios" : 0,
        "slat_ns" : {
          "min" : 29167,
          "max" : 11683000,
          "mean" : 62577.435097,
          "stddev" : 37638.578877
        },
        "clat_ns" : {
          "min" : 2146083,
          "max" : 124172417,
          "mean" : 22174201.016852,
          "stddev" : 15493771.332425,
          "percentile" : {
            "1.000000" : 12124160,
            "5.000000" : 12386304,
            "10.000000" : 12517376,
            "20.000000" : 12779520,
            "30.000000" : 13041664,
            "40.000000" : 13303808,
            "50.000000" : 13565952,
            "60.000000" : 14090240,
            "70.000000" : 15007744,
            "80.000000" : 35913728,
            "90.000000" : 54263808,
            "95.000000" : 56885248,
            "99.000000" : 63176704,
            "99.500000" : 64749568,
            "99.900000" : 76021760,
            "99.950000" : 83361792,
            "99.990000" : 96993280
          },
          "bins" : {
            "2146304" : 2,
            "2211840" : 3,
            "2244608" : 2,
            "2277376" : 2,
            "4554752" : 2,
            "4620288" : 4,
            "4685824" : 2,
            "4751360" : 1,
            "4947968" : 1,
            "5144576" : 1,
            "5341184" : 1,
            "5472256" : 2,
            "5537792" : 2,
            "5865472" : 3,
            "5931008" : 2,
            "5996544" : 4,
            "6062080" : 2,
            "6127616" : 8,
            "6193152" : 6,
            "6258688" : 4,
            "6324224" : 6,
            "6389760" : 11,
            "6455296" : 24,
            "6520832" : 12,
            "6586368" : 9,
            "6651904" : 11,
            "6717440" : 9,
            "6782976" : 11,
            "6848512" : 5,
            "6914048" : 11,
            "6979584" : 10,
            "7045120" : 9,
            "7110656" : 7,
            "7176192" : 8,
            "7241728" : 4,
            "7307264" : 8,
            "7372800" : 5,
            "7438336" : 9,
            "7503872" : 10,
            "7569408" : 8,
            "7634944" : 7,
            "7700480" : 5,
            "7766016" : 14,
            "7831552" : 6,
            "7897088" : 10,
            "7962624" : 11,
            "8028160" : 19,
            "8093696" : 14,
            "8159232" : 15,
            "8224768" : 11,
            "8290304" : 10,
            "8355840" : 12,
            "8454144" : 27,
            "8585216" : 24,
            "8716288" : 30,
            "8847360" : 25,
            "8978432" : 32,
            "9109504" : 34,
            "9240576" : 32,
            "9371648" : 43,
            "9502720" : 50,
            "9633792" : 34,
            "9764864" : 32,
            "9895936" : 23,
            "10027008" : 43,
            "10158080" : 48,
            "10289152" : 113,
            "10420224" : 158,
            "10551296" : 225,
            "10682368" : 276,
            "10813440" : 462,
            "10944512" : 499,
            "11075584" : 492,
            "11206656" : 545,
            "11337728" : 675,
            "11468800" : 1011,
            "11599872" : 1429,
            "11730944" : 1823,
            "11862016" : 2568,
            "11993088" : 5166,
            "12124160" : 11983,
            "12255232" : 28468,
            "12386304" : 54468,
            "12517376" : 85505,
            "12648448" : 112784,
            "12779520" : 127478,
            "12910592" : 124020,
            "13041664" : 115010,
            "13172736" : 103895,
            "13303808" : 92282,
            "13434880" : 80095,
            "13565952" : 67775,
            "13697024" : 55933,
            "13828096" : 48734,
            "13959168" : 41941,
            "14090240" : 38388,
            "14221312" : 35329,
            "14352384" : 32753,
            "14483456" : 29003,
            "14614528" : 24535,
            "14745600" : 19719,
            "14876672" : 14988,
            "15007744" : 11191,
            "15138816" : 8476,
            "15269888" : 6384,
            "15400960" : 4878,
            "15532032" : 3768,
            "15663104" : 2780,
            "15794176" : 2091,
            "15925248" : 1575,
            "16056320" : 1105,
            "16187392" : 835,
            "16318464" : 633,
            "16449536" : 580,
            "16580608" : 402,
            "16711680" : 274,
            "16908288" : 525,
            "17170432" : 530,
            "17432576" : 384,
            "17694720" : 232,
            "17956864" : 140,
            "18219008" : 125,
            "18481152" : 114,
            "18743296" : 115,
            "19005440" : 145,
            "19267584" : 143,
            "19529728" : 99,
            "19791872" : 68,
            "20054016" : 61,
            "20316160" : 40,
            "20578304" : 40,
            "20840448" : 48,
            "21102592" : 39,
            "21364736" : 31,
            "21626880" : 24,
            "21889024" : 24,
            "22151168" : 19,
            "22413312" : 13,
            "22675456" : 7,
            "22937600" : 12,
            "23199744" : 5,
            "23461888" : 7,
            "23724032" : 13,
            "23986176" : 33,
            "24248320" : 50,
            "24510464" : 86,
            "24772608" : 106,
            "25034752" : 207,
            "25296896" : 496,
            "25559040" : 1395,
            "25821184" : 3235,
            "26083328" : 2297,
            "26345472" : 2144,
            "26607616" : 1796,
            "26869760" : 1609,
            "27131904" : 1512,
            "27394048" : 1447,
            "27656192" : 1116,
            "27918336" : 751,