{
  "fio version" : "fio-3.8",
  "timestamp" : 1552197522,
  "timestamp_ms" : 1552197522814,
  "time" : "Sat Mar  9 21:58:42 2019",
  "jobs" : [
    {
      "jobname" : "wipc",
      "groupid" : 0,
      "error" : 0,
      "eta" : 0,
      "elapsed" : 1415,
      "job options" : {
        "ioengine" : "libaio",
        "group_reporting" : "1",
        "direct" : "1",
        "rw" : "write",
        "bssplit" : "128KB",
        "numjobs" : "2",
        "iodepth" : "16",
        "size" : "75%",
        "io_size" : "128035676160B",
        "filename" : "/dev/sda"
      },
      "read" : {
        "io_bytes" : 0,
        "io_kbytes" : 0,
        "bw_bytes" : 0,
        "bw" : 0,
        "iops" : 0.000000,
        "runtime" : 0,
        "total_ios" : 0,
        "short_ios" : 0,
        "drop_ios" : 0,
        "slat_ns" : {
          "min" : 0,
          "max" : 0,
          "mean" : 0.000000,
          "stddev" : 0.000000
        },
        "clat_ns" : {
          "min" : 0,
          "max" : 0,
          "mean" : 0.000000,
          "stddev" : 0.000000,
          "percentile" : {
            "1.000000" : 0,
            "5.000000" : 0,
            "10.000000" : 0,
            "20.000000" : 0,
            "30.000000" : 0,
            "40.000000" : 0,
            "50.000000" : 0,
            "60.000000" : 0,
            "70.000000" : 0,
            "80.000000" : 0,
            "90.000000" : 0,
            "95.000000" : 0,
            "99.000000" : 0,
            "99.500000" : 0,
            "99.900000" : 0,
            "99.950000" : 0,
            "99.990000" : 0
          },
          "bins" : {

          }
        },
        "lat_ns" : {
          "min" : 0,
          "max" : 0,
          "mean" : 0.000000,
          "stddev" : 0.000000
        },
        "bw_min" : 0,
        "bw_max" : 0,
        "bw_agg" : 0.000000,
        "bw_mean" : 0.000000,
        "bw_dev" : 0.000000,
        "bw_samples" : 0,
        "iops_min" : 0,
        "iops_max" : 0,
        "iops_mean" : 0.000000,
        "iops_stddev" : 0.000000,
        "iops_samples" : 0
      },
      "write" : {
        "io_bytes" : 256071434240,
        "io_kbytes" : 250069760,
        "bw_bytes" : 180989804,
        "bw" : 176747,
        "iops" : 1380.842626,
        "runtime" : 1414839,
        "total_ios" : 1953670,
        "short_ios" : 0,
        "drop_ios" : 0,
        "slat_ns" : {
          "min" : 5364,
          "max" : 361112,
          "mean" : 12635.228893,
          "stddev" : 3282.454651
        },
        "clat_ns" : {
          "min" : 501224,
          "max" : 117267829,
          "mean" : 23152357.637407,
          "stddev" : 14688620.876288,
          "percentile" : {
            "1.000000" : 12910592,
            "5.000000" : 13041664,
            "10.000000" : 13303808,
            "20.000000" : 13434880,
            "30.000000" : 13697024,
            "40.000000" : 13959168,
            "50.000000" : 14483456,
            "60.000000" : 15007744,
            "70.000000" : 32374784,
            "80.000000" : 35913728,
            "90.000000" : 52690944,
            "95.000000" : 55836672,
            "99.000000" : 62128128,
            "99.500000" : 63700992,
            "99.900000" : 73924608,
            "99.950000" : 79167488,
            "99.990000" : 93847552
          },
          "bins" : {
            "501760" : 1,
            "1253376" : 1,
            "1581056" : 1,
            "2023424" : 1,
            "2310144" : 1,
            "2768896" : 1,
            "3162112" : 1,
            "3227648" : 1,
            "3915776" : 1,
            "4358144" : 1,
            "4685824" : 1,
            "5275648" : 1,
            "5603328" : 1,
            "5996544" : 1,
            "6062080" : 1,
            "6324224" : 1,
            "6389760" : 35,
            "6455296" : 25,
            "6520832" : 48,
            "6586368" : 43,
            "6651904" : 40,
            "6717440" : 52,
            "6782976" : 63,
            "6848512" : 27,
            "6914048" : 33,
            "6979584" : 19,
            "7045120" : 11,
            "7110656" : 28,
            "7176192" : 19,
            "7241728" : 19,
            "7307264" : 16,
            "7372800" : 9,
            "7438336" : 9,
            "7503872" : 20,
            "7569408" : 5,
            "7634944" : 8,
            "7700480" : 6,
            "7766016" : 3,
            "7831552" : 4,
            "7897088" : 10,
            "7962624" : 7,
            "8028160" : 7,
            "8093696" : 5,
            "8159232" : 4,
            "8224768" : 3,
            "8290304" : 3,
            "8355840" : 1,
            "8716288" : 3,
            "9109504" : 2,
            "9502720" : 1,
            "9633792" : 1,
            "10027008" : 1,
            "10158080" : 1,
            "10289152" : 1,
            "10420224" : 1,
            "10682368" : 1,
            "10813440" : 1,
            "11206656" : 1,
            "11337728" : 1,
            "11599872" : 1,
            "11730944" : 1,
            "11862016" : 1,
            "11993088" : 25,
            "12124160" : 93,
            "12255232" : 124,
            "12386304" : 257,
            "12517376" : 786,
            "12648448" : 3120,
            "12779520" : 10634,
            "12910592" : 29401,
            "13041664" : 60502,
            "13172736" : 86732,
            "13303808" : 99090,
            "13434880" : 102311,
            "13565952" : 106448,
            "13697024" : 107982,
            "13828096" : 98080,
            "13959168" : 79037,
            "14090240" : 59654,
            "14221312" : 52128,
            "14352384" : 57909,
            "14483456" : 61003,
            "14614528" : 53828,
            "14745600" : 45300,
            "14876672" : 39211,
            "15007744" : 36990,
            "15138816" : 32324,
            "15269888" : 27744,
            "15400960" : 20935,
            "15532032" : 15787,
            "15663104" : 10588,
            "15794176" : 8122,
            "15925248" : 5669,
            "16056320" : 4711,
            "16187392" : 3610,
            "16318464" : 2626,
            "16449536" : 2144,
            "16580608" : 1940,
            "16711680" : 1583,
            "16908288" : 2073,
            "17170432" : 1212,
            "17432576" : 543,
            "17694720" : 227,
            "17956864" : 90,
            "18219008" : 58,
            "18481152" : 54,
            "18743296" : 50,
            "19005440" : 80,
            "19267584" : 80,
            "19529728" : 73,
            "19791872" : 70,
            "20054016" : 79,
            "20316160" : 57,
            "20578304" : 114,
            "20840448" : 65,
            "21102592" : 40,
            "21364736" : 43,
            "21626880" : 34,
            "21889024" : 27,
            "22151168" : 22,
            "22413312" : 20,
            "22675456" : 11,
            "22937600" : 3,
            "23199744" : 2,
            "23461888" : 3,
            "23724032" : 7,
            "23986176" : 2,
            "24248320" : 4,
            "24510464" : 2,
            "24772608" : 2,
            "25034752" : 10,
            "25296896" : 22,
            "25559040" : 38,
            "25821184" : 32,
            "26083328" : 67,
            "26345472" : 166,
            "26607616" : 751,
            "26869760" : 3946,
            "27131904" : 5115,
            "27394048" : 2794,
            "27656192" : 1518,
            "27918336" : 1055,
            "28180480" : 1121,
            "28442624" : 1122,
            "28704768" : 657,
            "28966912" : 538,
            "29229056" : 327,
            "29491200" : 252,
            "29753344" : 272,
            "30015488" : 341,
            "30277632" : 448,
            "30539776" : 633,
            "30801920" : 671,
            "31064064" : 950,
            "31326208" : 1189,
            "31588352" : 1542,
            "31850496" : 2124,
            "32112640" : 2825,
            "32374784" : 3999,