{
  "fio version" : "fio-3.8",
  "timestamp" : 1552203587,
  "timestamp_ms" : 1552203587550,
  "time" : "Sat Mar  9 23:39:47 2019",
  "jobs" : [
    {
      "jobname" : "wipc",
      "groupid" : 0,
      "error" : 0,
      "eta" : 0,
      "elapsed" : 1379,
      "job options" : {
        "ioengine" : "libaio",
        "group_reporting" : "1",
        "direct" : "1",
        "rw" : "write",
        "bssplit" : "128KB",
        "numjobs" : "2",
        "iodepth" : "16",
        "size" : "75%",
        "io_size" : "128035676160B",
        "filename" : "/dev/sda"
      },
      "read" : {
        "io_bytes" : 0,
        "io_kbytes" : 0,
        "bw_bytes" : 0,
        "bw" : 0,
        "iops" : 0.000000,
        "runtime" : 0,
        "total_ios" : 0,
        "short_ios" : 0,
        "drop_ios" : 0,
        "slat_ns" : {
          "min" : 0,
          "max" : 0,
          "mean" : 0.000000,
          "stddev" : 0.000000
        },
        "clat_ns" : {
          "min" : 0,
          "max" : 0,
          "mean" : 0.000000,
          "stddev" : 0.000000,
          "percentile" : {
            "1.000000" : 0,
            "5.000000" : 0,
            "10.000000" : 0,
            "20.000000" : 0,
            "30.000000" : 0,
            "40.000000" : 0,
            "50.000000" : 0,
            "60.000000" : 0,
            "70.000000" : 0,
            "80.000000" : 0,
            "90.000000" : 0,
            "95.000000" : 0,
            "99.000000" : 0,
            "99.500000" : 0,
            "99.900000" : 0,
            "99.950000" : 0,
            "99.990000" : 0
          },
          "bins" : {

          }
        },
        "lat_ns" : {
          "min" : 0,
          "max" : 0,
          "mean" : 0.000000,
          "stddev" : 0.000000
        },
        "bw_min" : 0,
        "bw_max" : 0,
        "bw_agg" : 0.000000,
        "bw_mean" : 0.000000,
        "bw_dev" : 0.000000,
        "bw_samples" : 0,
        "iops_min" : 0,
        "iops_max" : 0,
        "iops_mean" : 0.000000,
        "iops_stddev" : 0.000000,
        "iops_samples" : 0
      },
      "write" : {
        "io_bytes" : 256071434240,
        "io_kbytes" : 250069760,
        "bw_bytes" : 185778309,
        "bw" : 181424,
        "iops" : 1417.376019,
        "runtime" : 1378371,
        "total_ios" : 1953670,
        "short_ios" : 0,
        "drop_ios" : 0,
        "slat_ns" : {
          "min" : 5377,
          "max" : 329202,
          "mean" : 12702.243544,
          "stddev" : 3238.559153
        },
        "clat_ns" : {
          "min" : 474709,
          "max" : 115981919,
          "mean" : 22545247.559526,
          "stddev" : 13946483.481419,
          "percentile" : {
            "1.000000" : 12910592,
            "5.000000" : 13041664,
            "10.000000" : 13172736,
            "20.000000" : 13434880,
            "30.000000" : 13697024,
            "40.000000" : 13959168,
            "50.000000" : 14483456,
            "60.000000" : 15007744,
            "70.000000" : 28966912,
            "80.000000" : 35389440,
            "90.000000" : 40632320,
            "95.000000" : 55312384,
            "99.000000" : 61079552,
            "99.500000" : 63176704,
            "99.900000" : 71827456,
            "99.950000" : 77070336,
            "99.990000" : 92798976
          },
          "bins" : {
            "473088" : 1,
            "1368064" : 1,
            "1433600" : 1,
            "2088960" : 1,
            "2441216" : 1,
            "2867200" : 1,
            "3260416" : 1,
            "3719168" : 1,
            "4014080" : 1,
            "4489216" : 1,
            "4816896" : 1,
            "5275648" : 1,
            "5668864" : 1,
            "6062080" : 2,
            "6127616" : 2,
            "6193152" : 4,
            "6258688" : 2,
            "6324224" : 10,
            "6389760" : 51,
            "6455296" : 104,
            "6520832" : 95,
            "6586368" : 150,
            "6651904" : 143,
            "6717440" : 147,
            "6782976" : 107,
            "6848512" : 91,
            "6914048" : 80,
            "6979584" : 83,
            "7045120" : 58,
            "7110656" : 69,
            "7176192" : 92,
            "7241728" : 78,
            "7307264" : 117,
            "7372800" : 82,
            "7438336" : 68,
            "7503872" : 49,
            "7569408" : 16,
            "7634944" : 14,
            "7700480" : 30,
            "7766016" : 25,
            "7831552" : 79,
            "7897088" : 65,
            "7962624" : 77,
            "8028160" : 71,
            "8093696" : 61,
            "8159232" : 57,
            "8224768" : 31,
            "8290304" : 49,
            "8355840" : 18,
            "8454144" : 42,
            "8585216" : 44,
            "8716288" : 31,
            "8847360" : 17,
            "8978432" : 5,
            "9109504" : 3,
            "9371648" : 3,
            "9502720" : 1,
            "9633792" : 3,
            "9764864" : 2,
            "10158080" : 1,
            "10551296" : 1,
            "10682368" : 1,
            "10813440" : 1,
            "10944512" : 1,
            "11337728" : 1,
            "11730944" : 7,
            "11862016" : 14,
            "11993088" : 36,
            "12124160" : 94,
            "12255232" : 150,
            "12386304" : 318,
            "12517376" : 985,
            "12648448" : 3753,
            "12779520" : 11631,
            "12910592" : 31563,
            "13041664" : 60161,
            "13172736" : 84774,
            "13303808" : 99615,
            "13434880" : 106289,
            "13565952" : 108694,
            "13697024" : 108592,
            "13828096" : 99923,
            "13959168" : 79446,
            "14090240" : 59849,
            "14221312" : 53434,
            "14352384" : 55075,
            "14483456" : 57322,
            "14614528" : 54652,
            "14745600" : 48080,
            "14876672" : 41703,
            "15007744" : 37441,
            "15138816" : 33038,
            "15269888" : 26681,
            "15400960" : 20276,
            "15532032" : 14840,
            "15663104" : 10932,
            "15794176" : 7949,
            "15925248" : 6388,
            "16056320" : 4575,
            "16187392" : 3662,
            "16318464" : 2535,
            "16449536" : 2448,
            "16580608" : 1899,
            "16711680" : 1612,
            "16908288" : 1998,
            "17170432" : 1217,
            "17432576" : 463,
            "17694720" : 221,
            "17956864" : 160,
            "18219008" : 111,
            "18481152" : 113,
            "18743296" : 115,
            "19005440" : 64,
            "19267584" : 59,
            "19529728" : 83,
            "19791872" : 71,
            "20054016" : 84,
            "20316160" : 64,
            "20578304" : 78,
            "20840448" : 72,
            "21102592" : 52,
            "21364736" : 43,
            "21626880" : 28,
            "21889024" : 34,
            "22151168" : 25,
            "22413312" : 21,
            "22675456" : 23,
            "22937600" : 6,
            "23199744" : 10,
            "23461888" : 14,
            "23724032" : 13,
            "23986176" : 11,
            "24248320" : 4,
            "24510464" : 5,
            "24772608" : 4,
            "25034752" : 15,
            "25296896" : 27,
            "25559040" : 47,
            "25821184" : 79,
            "26083328" : 128,
            "26345472" : 325,
            "26607616" : 1580,
            "26869760" : 4109,
            "27131904" : 4391,
            "27394048" : 3335,
            "27656192" : 2057,
            "27918336" : 1061,
            "28180480" : 795,
            "28442624" : 818,
            "28704768" : 433,
            "28966912" : 338,
            "29229056" : 231,
            "29491200" : 297,
            "29753344" : 374,
            "30015488" : 396,
            "30277632" : 494,
            "30539776" : 523,
            "30801920" : 754,
            "31064064" : 905,