{
  "fio version" : "fio-3.8",
  "timestamp" : 1543480070,
  "timestamp_ms" : 1543480070405,
  "time" : "Thu Nov 29 08:27:50 2018",
  "jobs" : [
    {
      "jobname" : "wipc",
      "groupid" : 0,
      "error" : 0,
      "eta" : 0,
      "elapsed" : 1396,
      "job options" : {
        "ioengine" : "libaio",
        "group_reporting" : "1",
        "direct" : "1",
        "rw" : "write",
        "bssplit" : "128KB",
        "numjobs" : "2",
        "iodepth" : "16",
        "size" : "75%",
        "io_size" : "128035676160B",
        "filename" : "/dev/sda"
      },
      "read" : {
        "io_bytes" : 0,
        "io_kbytes" : 0,
        "bw_bytes" : 0,
        "bw" : 0,
        "iops" : 0.000000,
        "runtime" : 0,
        "total_ios" : 0,
        "short_ios" : 0,
        "drop_ios" : 0,
        "slat_ns" : {
          "min" : 0,
          "max" : 0,
          "mean" : 0.000000,
          "stddev" : 0.000000
        },
        "clat_ns" : {
          "min" : 0,
          "max" : 0,
          "mean" : 0.000000,
          "stddev" : 0.000000,
          "percentile" : {
            "1.000000" : 0,
            "5.000000" : 0,
            "10.000000" : 0,
            "20.000000" : 0,
            "30.000000" : 0,
            "40.000000" : 0,
            "50.000000" : 0,
            "60.000000" : 0,
            "70.000000" : 0,
            "80.000000" : 0,
            "90.000000" : 0,
            "95.000000" : 0,
            "99.000000" : 0,
            "99.500000" : 0,
            "99.900000" : 0,
            "99.950000" : 0,
            "99.990000" : 0
          },
          "bins" : {

          }
        },
        "lat_ns" : {
          "min" : 0,
          "max" : 0,
          "mean" : 0.000000,
          "stddev" : 0.000000
        },
        "bw_min" : 0,
        "bw_max" : 0,
        "bw_agg" : 0.000000,
        "bw_mean" : 0.000000,
        "bw_dev" : 0.000000,
        "bw_samples" : 0,
        "iops_min" : 0,
        "iops_max" : 0,
        "iops_mean" : 0.000000,
        "iops_stddev" : 0.000000,
        "iops_samples" : 0
      },
      "write" : {
        "io_bytes" : 256071434240,
        "io_kbytes" : 250069760,
        "bw_bytes" : 183469847,
        "bw" : 179169,
        "iops" : 1399.763848,
        "runtime" : 1395714,
        "total_ios" : 1953670,
        "short_ios" : 0,
        "drop_ios" : 0,
        "slat_ns" : {
          "min" : 32959,
          "max" : 1792875,
          "mean" : 64014.798979,
          "stddev" : 35455.333963
        },
        "clat_ns" : {
          "min" : 2341208,
          "max" : 123384917,
          "mean" : 22787720.977551,
          "stddev" : 15856593.523370,
          "percentile" : {
            "1.000000" : 12124160,
            "5.000000" : 12386304,
            "10.000000" : 12517376,
            "20.000000" : 12779520,
            "30.000000" : 13041664,
            "40.000000" : 13172736,
            "50.000000" : 13565952,
            "60.000000" : 14090240,
            "70.000000" : 25559040,
            "80.000000" : 36438016,
            "90.000000" : 54263808,
            "95.000000" : 56885248,
            "99.000000" : 63176704,
            "99.500000" : 65273856,
            "99.900000" : 78118912,
            "99.950000" : 87556096,
            "99.990000" : 100139008
          },
          "bins" : {
            "2342912" : 1,
            "2441216" : 2,
            "2473984" : 1,
            "2637824" : 1,
            "2703360" : 2,
            "2736128" : 1,
            "2867200" : 1,
            "2899968" : 1,
            "2998272" : 1,
            "3227648" : 1,
            "3555328" : 1,
            "3850240" : 1,
            "3981312" : 1,
            "4145152" : 1,
            "4227072" : 1,
            "4816896" : 1,
            "4947968" : 1,
            "5013504" : 2,
            "5210112" : 1,
            "6062080" : 1,
            "6127616" : 1,
            "6389760" : 1,
            "6651904" : 1,
            "7569408" : 1,
            "7766016" : 1,
            "8028160" : 1,
            "8224768" : 1,
            "8290304" : 1,
            "8716288" : 1,
            "8847360" : 1,
            "9109504" : 1,
            "9371648" : 1,
            "9502720" : 2,
            "9633792" : 10,
            "9764864" : 24,
            "9895936" : 70,
            "10027008" : 136,
            "10158080" : 176,
            "10289152" : 241,
            "10420224" : 259,
            "10551296" : 332,
            "10682368" : 322,
            "10813440" : 492,
            "10944512" : 412,
            "11075584" : 326,
            "11206656" : 378,
            "11337728" : 569,
            "11468800" : 947,
            "11599872" : 1400,
            "11730944" : 1710,
            "11862016" : 2486,
            "11993088" : 5362,
            "12124160" : 13652,
            "12255232" : 31244,
            "12386304" : 60223,
            "12517376" : 91758,
            "12648448" : 118473,
            "12779520" : 130400,
            "12910592" : 124191,
            "13041664" : 116789,
            "13172736" : 101467,
            "13303808" : 90326,
            "13434880" : 76367,
            "13565952" : 62884,
            "13697024" : 50974,
            "13828096" : 42724,
            "13959168" : 36829,
            "14090240" : 33761,
            "14221312" : 31914,
            "14352384" : 29281,
            "14483456" : 25576,
            "14614528" : 21479,
            "14745600" : 16428,
            "14876672" : 12381,
            "15007744" : 8749,
            "15138816" : 6048,
            "15269888" : 4155,
            "15400960" : 3073,
            "15532032" : 2205,
            "15663104" : 1527,
            "15794176" : 1141,
            "15925248" : 843,
            "16056320" : 528,
            "16187392" : 383,
            "16318464" : 308,
            "16449536" : 210,
            "16580608" : 205,
            "16711680" : 182,
            "16908288" : 404,
            "17170432" : 480,
            "17432576" : 366,
            "17694720" : 170,
            "17956864" : 95,
            "18219008" : 94,
            "18481152" : 99,
            "18743296" : 95,
            "19005440" : 53,
            "19267584" : 31,
            "19529728" : 19,
            "19791872" : 13,
            "20054016" : 15,
            "20316160" : 8,
            "20578304" : 2,
            "22151168" : 1,
            "23199744" : 1,
            "23461888" : 5,
            "23724032" : 3,
            "23986176" : 19,
            "24248320" : 37,
            "24510464" : 66,
            "24772608" : 125,
            "25034752" : 211,
            "25296896" : 621,
            "25559040" : 2297,
            "25821184" : 3236,
            "26083328" : 2131,
            "26345472" : 1917,
            "26607616" : 1515,
            "26869760" : 1338,
            "27131904" : 1445,
            "27394048" : 1328,
            "27656192" : 896,
            "27918336" : 629,
            "28180480" : 432,
            "28442624" : 372,
            "28704768" : 263,
            "28966912" : 213,
            "29229056" : 198,
            "29491200" : 246,
            "29753344" : 306,
            "30015488" : 338,
            "30277632" : 393,
            "30539776" : 378,
            "30801920" : 474,
            "31064064" : 559,
            "31326208" : 680,
            "31588352" : 1002,
            "31850496" : 1369,
            "32112640" : 1829,
            "32374784" : 2381,
            "32636928" : 3241,
            "32899072" : 4274,
            "33161216" : 5589,
            "33423360" : 6755,
            "33816576" : 17932,
            "34340864" : 23710,
            "34865152" : 29101,
            "35389440" : 33280,
            "35913728" : 33511,
            "36438016" : 29621,
            "36962304" : 24792,
            "37486592" : 20407,
            "38010880" : 14812,
            "38535168" : 10271,
            "39059456" : 7921,
            "39583744" : 7036,