{
  "fio version" : "fio-3.8",
  "timestamp" : 1546896052,
  "timestamp_ms" : 1546896052235,
  "time" : "Mon Jan  7 13:20:52 2019",
  "jobs" : [
    {
      "jobname" : "wipc",
      "groupid" : 0,
      "error" : 0,
      "eta" : 0,
      "elapsed" : 1418,
      "job options" : {
        "ioengine" : "libaio",
        "group_reporting" : "1",
        "direct" : "1",
        "rw" : "write",
        "bssplit" : "128KB",
        "numjobs" : "2",
        "iodepth" : "16",
        "size" : "75%",
        "io_size" : "128035676160B",
        "filename" : "/dev/sda"
      },
      "read" : {
        "io_bytes" : 0,
        "io_kbytes" : 0,
        "bw_bytes" : 0,
        "bw" : 0,
        "iops" : 0.000000,
        "runtime" : 0,
        "total_ios" : 0,
        "short_ios" : 0,
        "drop_ios" : 0,
        "slat_ns" : {
          "min" : 0,
          "max" : 0,
          "mean" : 0.000000,
          "stddev" : 0.000000
        },
        "clat_ns" : {
          "min" : 0,
          "max" : 0,
          "mean" : 0.000000,
          "stddev" : 0.000000,
          "percentile" : {
            "1.000000" : 0,
            "5.000000" : 0,
            "10.000000" : 0,
            "20.000000" : 0,
            "30.000000" : 0,
            "40.000000" : 0,
            "50.000000" : 0,
            "60.000000" : 0,
            "70.000000" : 0,
            "80.000000" : 0,
            "90.000000" : 0,
            "95.000000" : 0,
            "99.000000" : 0,
            "99.500000" : 0,
            "99.900000" : 0,
            "99.950000" : 0,
            "99.990000" : 0
          },
          "bins" : {

          }
        },
        "lat_ns" : {
          "min" : 0,
          "max" : 0,
          "mean" : 0.000000,
          "stddev" : 0.000000
        },
        "bw_min" : 0,
        "bw_max" : 0,
        "bw_agg" : 0.000000,
        "bw_mean" : 0.000000,
        "bw_dev" : 0.000000,
        "bw_samples" : 0,
        "iops_min" : 0,
        "iops_max" : 0,
        "iops_mean" : 0.000000,
        "iops_stddev" : 0.000000,
        "iops_samples" : 0
      },
      "write" : {
        "io_bytes" : 256071434240,
        "io_kbytes" : 250069760,
        "bw_bytes" : 180631437,
        "bw" : 176397,
        "iops" : 1378.108498,
        "runtime" : 1417646,
        "total_ios" : 1953670,
        "short_ios" : 0,
        "drop_ios" : 0,
        "slat_ns" : {
          "min" : 5439,
          "max" : 124244,
          "mean" : 12658.096764,
          "stddev" : 3529.548808
        },
        "clat_ns" : {
          "min" : 897531,
          "max" : 119698851,
          "mean" : 23202992.711411,
          "stddev" : 15587635.028173,
          "percentile" : {
            "1.000000" : 12779520,
            "5.000000" : 13041664,
            "10.000000" : 13172736,
            "20.000000" : 13434880,
            "30.000000" : 13697024,
            "40.000000" : 13959168,
            "50.000000" : 14221312,
            "60.000000" : 14745600,
            "70.000000" : 16449536,
            "80.000000" : 36438016,
            "90.000000" : 54263808,
            "95.000000" : 56885248,
            "99.000000" : 63176704,
            "99.500000" : 65798144,
            "99.900000" : 82313216,
            "99.950000" : 88604672,
            "99.990000" : 102236160
          },
          "bins" : {
            "897024" : 1,
            "1351680" : 1,
            "1400832" : 1,
            "2088960" : 1,
            "2473984" : 1,
            "2899968" : 1,
            "3260416" : 1,
            "3653632" : 1,
            "4046848" : 1,
            "4112384" : 1,
            "4423680" : 1,
            "4489216" : 1,
            "4751360" : 1,
            "4816896" : 1,
            "5210112" : 2,
            "5603328" : 2,
            "5931008" : 2,
            "6127616" : 1,
            "6193152" : 4,
            "6258688" : 3,
            "6324224" : 11,
            "6389760" : 13,
            "6455296" : 15,
            "6520832" : 25,
            "6586368" : 14,
            "6651904" : 23,
            "6717440" : 13,
            "6782976" : 11,
            "6848512" : 7,
            "6914048" : 11,
            "6979584" : 5,
            "7045120" : 10,
            "7110656" : 3,
            "7176192" : 9,
            "7241728" : 6,
            "7307264" : 8,
            "7372800" : 11,
            "7438336" : 9,
            "7503872" : 16,
            "7569408" : 12,
            "7634944" : 1,
            "7700480" : 2,
            "7766016" : 3,
            "7831552" : 2,
            "7897088" : 2,
            "7962624" : 1,
            "8028160" : 1,
            "8159232" : 1,
            "8224768" : 3,
            "8290304" : 2,
            "8454144" : 1,
            "8585216" : 14,
            "8716288" : 1,
            "8847360" : 8,
            "8978432" : 5,
            "9109504" : 2,
            "9240576" : 1,
            "9371648" : 1,
            "9502720" : 6,
            "9764864" : 1,
            "9895936" : 1,
            "10158080" : 1,
            "10289152" : 1,
            "10551296" : 2,
            "10944512" : 1,
            "11337728" : 2,
            "11468800" : 1,
            "11599872" : 1,
            "11730944" : 15,
            "11862016" : 28,
            "11993088" : 66,
            "12124160" : 137,
            "12255232" : 232,
            "12386304" : 509,
            "12517376" : 1300,
            "12648448" : 4658,
            "12779520" : 16026,
            "12910592" : 39350,
            "13041664" : 68917,
            "13172736" : 92397,
            "13303808" : 107354,
            "13434880" : 112944,
            "13565952" : 114860,
            "13697024" : 112207,
            "13828096" : 100599,
            "13959168" : 81553,
            "14090240" : 65860,
            "14221312" : 59151,
            "14352384" : 58997,
            "14483456" : 55545,
            "14614528" : 49766,
            "14745600" : 42861,
            "14876672" : 38305,
            "15007744" : 34810,
            "15138816" : 28820,
            "15269888" : 23086,
            "15400960" : 17339,
            "15532032" : 12164,
            "15663104" : 7903,
            "15794176" : 5891,
            "15925248" : 4380,
            "16056320" : 3488,
            "16187392" : 2633,
            "16318464" : 1987,
            "16449536" : 1706,
            "16580608" : 1519,
            "16711680" : 1241,
            "16908288" : 1770,
            "17170432" : 978,
            "17432576" : 501,
            "17694720" : 232,
            "17956864" : 104,
            "18219008" : 54,
            "18481152" : 30,
            "18743296" : 34,
            "19005440" : 36,
            "19267584" : 53,
            "19529728" : 49,
            "19791872" : 51,
            "20054016" : 46,
            "20316160" : 53,
            "20578304" : 49,
            "20840448" : 31,
            "21102592" : 38,
            "21364736" : 25,
            "21626880" : 23,
            "21889024" : 12,
            "22151168" : 7,
            "22413312" : 3,
            "22675456" : 4,
            "22937600" : 1,
            "23724032" : 3,
            "23986176" : 4,
            "24248320" : 3,
            "24510464" : 2,
            "24772608" : 2,
            "25034752" : 6,
            "25296896" : 12,
            "25559040" : 25,
            "25821184" : 42,
            "26083328" : 112,
            "26345472" : 355,
            "26607616" : 1453,
            "26869760" : 3704,
            "27131904" : 4213,
            "27394048" : 2285,
            "27656192" : 1309,
            "27918336" : 1373,
            "28180480" : 1797,
            "28442624" : 1381,
            "28704768" : 828,
            "28966912" : 567,
            "29229056" : 326,
            "29491200" : 227,
            "29753344" : 276,
            "30015488" : 283,
            "30277632" : 372,
            "30539776" : 373,
            "30801920" : 557,
            "31064064" : 662,