{
  "fio version" : "fio-3.8",
  "timestamp" : 1543050750,
  "timestamp_ms" : 1543050750720,
  "time" : "Sat Nov 24 09:12:30 2018",
  "jobs" : [
    {
      "jobname" : "wipc",
      "groupid" : 0,
      "error" : 0,
      "eta" : 0,
      "elapsed" : 1500,
      "job options" : {
        "ioengine" : "libaio",
        "group_reporting" : "1",
        "direct" : "1",
        "rw" : "write",
        "bssplit" : "128KB",
        "numjobs" : "2",
        "iodepth" : "16",
        "size" : "100%",
        "io_size" : "128035676160B",
        "filename" : "/dev/sda"
      },
      "read" : {
        "io_bytes" : 0,
        "io_kbytes" : 0,
        "bw_bytes" : 0,
        "bw" : 0,
        "iops" : 0.000000,
        "runtime" : 0,
        "total_ios" : 0,
        "short_ios" : 0,
        "drop_ios" : 0,
        "slat_ns" : {
          "min" : 0,
          "max" : 0,
          "mean" : 0.000000,
          "stddev" : 0.000000
        },
        "clat_ns" : {
          "min" : 0,
          "max" : 0,
          "mean" : 0.000000,
          "stddev" : 0.000000,
          "percentile" : {
            "1.000000" : 0,
            "5.000000" : 0,
            "10.000000" : 0,
            "20.000000" : 0,
            "30.000000" : 0,
            "40.000000" : 0,
            "50.000000" : 0,
            "60.000000" : 0,
            "70.000000" : 0,
            "80.000000" : 0,
            "90.000000" : 0,
            "95.000000" : 0,
            "99.000000" : 0,
            "99.500000" : 0,
            "99.900000" : 0,
            "99.950000" : 0,
            "99.990000" : 0
          },
          "bins" : {

          }
        },
        "lat_ns" : {
          "min" : 0,
          "max" : 0,
          "mean" : 0.000000,
          "stddev" : 0.000000
        },
        "bw_min" : 0,
        "bw_max" : 0,
        "bw_agg" : 0.000000,
        "bw_mean" : 0.000000,
        "bw_dev" : 0.000000,
        "bw_samples" : 0,
        "iops_min" : 0,
        "iops_max" : 0,
        "iops_mean" : 0.000000,
        "iops_stddev" : 0.000000,
        "iops_samples" : 0
      },
      "write" : {
        "io_bytes" : 256071172096,
        "io_kbytes" : 250069504,
        "bw_bytes" : 170824695,
        "bw" : 166820,
        "iops" : 1303.288996,
        "runtime" : 1499029,
        "total_ios" : 1953668,
        "short_ios" : 0,
        "drop_ios" : 0,
        "slat_ns" : {
          "min" : 21875,
          "max" : 16453500,
          "mean" : 57639.632943,
          "stddev" : 64585.605634
        },
        "clat_ns" : {
          "min" : 2011042,
          "max" : 111279875,
          "mean" : 24485305.134814,
          "stddev" : 16327869.175066,
          "percentile" : {
            "1.000000" : 12386304,
            "5.000000" : 12648448,
            "10.000000" : 12779520,
            "20.000000" : 13041664,
            "30.000000" : 13303808,
            "40.000000" : 13565952,
            "50.000000" : 13959168,
            "60.000000" : 14745600,
            "70.000000" : 34340864,
            "80.000000" : 37486592,
            "90.000000" : 55312384,
            "95.000000" : 57933824,
            "99.000000" : 63176704,
            "99.500000" : 64749568,
            "99.900000" : 71827456,
            "99.950000" : 74973184,
            "99.990000" : 81264640
          },
          "bins" : {
            "2007040" : 1,
            "2023424" : 1,
            "2056192" : 1,
            "2088960" : 1,
            "2113536" : 1,
            "2179072" : 2,
            "2408448" : 1,
            "2965504" : 1,
            "3162112" : 1,
            "3293184" : 1,
            "3522560" : 1,
            "3817472" : 1,
            "3850240" : 1,
            "3883008" : 1,
            "3915776" : 1,
            "3948544" : 1,
            "4145152" : 1,
            "4227072" : 1,
            "4292608" : 1,
            "4358144" : 2,
            "4489216" : 1,
            "4620288" : 1,
            "4685824" : 1,
            "4882432" : 1,
            "4947968" : 1,
            "5013504" : 1,
            "5079040" : 1,
            "5210112" : 1,
            "5341184" : 1,
            "5406720" : 1,
            "5537792" : 1,
            "5668864" : 2,
            "5734400" : 2,
            "5799936" : 1,
            "5865472" : 2,
            "5931008" : 1,
            "5996544" : 1,
            "6062080" : 6,
            "6127616" : 2,
            "6193152" : 6,
            "6258688" : 4,
            "6324224" : 2,
            "6389760" : 5,
            "6455296" : 4,
            "6520832" : 6,
            "6586368" : 8,
            "6651904" : 6,
            "6717440" : 9,
            "6782976" : 10,
            "6848512" : 3,
            "6914048" : 8,
            "6979584" : 5,
            "7045120" : 6,
            "7110656" : 11,
            "7176192" : 7,
            "7241728" : 11,
            "7307264" : 13,
            "7372800" : 23,
            "7438336" : 16,
            "7503872" : 23,
            "7569408" : 19,
            "7634944" : 21,
            "7700480" : 23,
            "7766016" : 23,
            "7831552" : 16,
            "7897088" : 11,
            "7962624" : 24,
            "8028160" : 18,
            "8093696" : 22,
            "8159232" : 12,
            "8224768" : 17,
            "8290304" : 20,
            "8355840" : 29,
            "8454144" : 48,
            "8585216" : 56,
            "8716288" : 71,
            "8847360" : 76,
            "8978432" : 68,
            "9109504" : 72,
            "9240576" : 79,
            "9371648" : 89,
            "9502720" : 107,
            "9633792" : 121,
            "9764864" : 126,
            "9895936" : 137,
            "10027008" : 154,
            "10158080" : 176,
            "10289152" : 164,
            "10420224" : 167,
            "10551296" : 185,
            "10682368" : 249,
            "10813440" : 288,
            "10944512" : 349,
            "11075584" : 420,
            "11206656" : 563,
            "11337728" : 602,
            "11468800" : 743,
            "11599872" : 759,
            "11730944" : 863,
            "11862016" : 1299,
            "11993088" : 1779,
            "12124160" : 2840,
            "12255232" : 5849,
            "12386304" : 13201,
            "12517376" : 29079,
            "12648448" : 57862,
            "12779520" : 89559,
            "12910592" : 107865,
            "13041664" : 112924,
            "13172736" : 108334,
            "13303808" : 103366,
            "13434880" : 93100,
            "13565952" : 81903,
            "13697024" : 70546,
            "13828096" : 57743,
            "13959168" : 45700,
            "14090240" : 38351,
            "14221312" : 33940,
            "14352384" : 31571,
            "14483456" : 29040,
            "14614528" : 27780,
            "14745600" : 25130,
            "14876672" : 20695,
            "15007744" : 16872,
            "15138816" : 13172,
            "15269888" : 9633,
            "15400960" : 6990,
            "15532032" : 5177,
            "15663104" : 3958,
            "15794176" : 3169,
            "15925248" : 2363,
            "16056320" : 1802,
            "16187392" : 1376,
            "16318464" : 1053,
            "16449536" : 870,
            "16580608" : 795,
            "16711680" : 669,
            "16908288" : 1093,
            "17170432" : 885,
            "17432576" : 739,
            "17694720" : 470,
            "17956864" : 391,
            "18219008" : 361,
            "18481152" : 350,
            "18743296" : 299,
            "19005440" : 245,
            "19267584" : 231,
            "19529728" : 198,
            "19791872" : 162,
            "20054016" : 108,
            "20316160" : 102,
            "20578304" : 74,
            "20840448" : 71,
            "21102592" : 64,
            "21364736" : 58,
            "21626880" : 40,
            "21889024" : 27,
            "22151168" : 34,
            "22413312" : 28,
            "22675456" : 29,
            "22937600" : 40,