{
  "fio version" : "fio-3.8",
  "timestamp" : 1543467715,
  "timestamp_ms" : 1543467715802,
  "time" : "Thu Nov 29 05:01:55 2018",
  "jobs" : [
    {
      "jobname" : "wipc",
      "groupid" : 0,
      "error" : 0,
      "eta" : 0,
      "elapsed" : 1343,
      "job options" : {
        "ioengine" : "libaio",
        "group_reporting" : "1",
        "direct" : "1",
        "rw" : "write",
        "bssplit" : "128KB",
        "numjobs" : "2",
        "iodepth" : "16",
        "size" : "75%",
        "io_size" : "128035676160B",
        "filename" : "/dev/sda"
      },
      "read" : {
        "io_bytes" : 0,
        "io_kbytes" : 0,
        "bw_bytes" : 0,
        "bw" : 0,
        "iops" : 0.000000,
        "runtime" : 0,
        "total_ios" : 0,
        "short_ios" : 0,
        "drop_ios" : 0,
        "slat_ns" : {
          "min" : 0,
          "max" : 0,
          "mean" : 0.000000,
          "stddev" : 0.000000
        },
        "clat_ns" : {
          "min" : 0,
          "max" : 0,
          "mean" : 0.000000,
          "stddev" : 0.000000,
          "percentile" : {
            "1.000000" : 0,
            "5.000000" : 0,
            "10.000000" : 0,
            "20.000000" : 0,
            "30.000000" : 0,
            "40.000000" : 0,
            "50.000000" : 0,
            "60.000000" : 0,
            "70.000000" : 0,
            "80.000000" : 0,
            "90.000000" : 0,
            "95.000000" : 0,
            "99.000000" : 0,
            "99.500000" : 0,
            "99.900000" : 0,
            "99.950000" : 0,
            "99.990000" : 0
          },
          "bins" : {

          }
        },
        "lat_ns" : {
          "min" : 0,
          "max" : 0,
          "mean" : 0.000000,
          "stddev" : 0.000000
        },
        "bw_min" : 0,
        "bw_max" : 0,
        "bw_agg" : 0.000000,
        "bw_mean" : 0.000000,
        "bw_dev" : 0.000000,
        "bw_samples" : 0,
        "iops_min" : 0,
        "iops_max" : 0,
        "iops_mean" : 0.000000,
        "iops_stddev" : 0.000000,
        "iops_samples" : 0
      },
      "write" : {
        "io_bytes" : 256071434240,
        "io_kbytes" : 250069760,
        "bw_bytes" : 190738386,
        "bw" : 186267,
        "iops" : 1455.218405,
        "runtime" : 1342527,
        "total_ios" : 1953670,
        "short_ios" : 0,
        "drop_ios" : 0,
        "slat_ns" : {
          "min" : 21875,
          "max" : 39643042,
          "mean" : 59772.161427,
          "stddev" : 70676.523375
        },
        "clat_ns" : {
          "min" : 1767208,
          "max" : 128223959,
          "mean" : 21920246.099637,
          "stddev" : 15014460.215924,
          "percentile" : {
            "1.000000" : 11993088,
            "5.000000" : 12386304,
            "10.000000" : 12517376,
            "20.000000" : 12779520,
            "30.000000" : 13041664,
            "40.000000" : 13172736,
            "50.000000" : 13565952,
            "60.000000" : 14090240,
            "70.000000" : 15138816,
            "80.000000" : 35389440,
            "90.000000" : 52690944,
            "95.000000" : 56360960,
            "99.000000" : 62652416,
            "99.500000" : 64225280,
            "99.900000" : 73924608,
            "99.950000" : 81264640,
            "99.990000" : 94896128
          },
          "bins" : {
            "1761280" : 1,
            "1794048" : 3,
            "1875968" : 1,
            "1892352" : 1,
            "1990656" : 1,
            "2007040" : 2,
            "2056192" : 3,
            "2211840" : 1,
            "2244608" : 1,
            "2342912" : 2,
            "2736128" : 1,
            "2867200" : 1,
            "3391488" : 1,
            "3555328" : 1,
            "3653632" : 1,
            "3686400" : 1,
            "3751936" : 1,
            "3817472" : 1,
            "3850240" : 4,
            "3981312" : 1,
            "4046848" : 2,
            "4079616" : 2,
            "4145152" : 1,
            "4177920" : 1,
            "4227072" : 5,
            "4292608" : 1,
            "4489216" : 1,
            "4554752" : 1,
            "4816896" : 4,
            "4882432" : 3,
            "5013504" : 1,
            "5144576" : 1,
            "5275648" : 2,
            "5341184" : 1,
            "5406720" : 1,
            "5472256" : 2,
            "5537792" : 2,
            "5668864" : 6,
            "5734400" : 3,
            "5865472" : 3,
            "5931008" : 2,
            "5996544" : 3,
            "6062080" : 14,
            "6127616" : 18,
            "6193152" : 9,
            "6258688" : 11,
            "6324224" : 17,
            "6389760" : 18,
            "6455296" : 6,
            "6520832" : 35,
            "6586368" : 23,
            "6651904" : 9,
            "6717440" : 15,
            "6782976" : 20,
            "6848512" : 16,
            "6914048" : 15,
            "6979584" : 20,
            "7045120" : 13,
            "7110656" : 26,
            "7176192" : 24,
            "7241728" : 24,
            "7307264" : 10,
            "7372800" : 19,
            "7438336" : 17,
            "7503872" : 26,
            "7569408" : 33,
            "7634944" : 15,
            "7700480" : 27,
            "7766016" : 31,
            "7831552" : 20,
            "7897088" : 27,
            "7962624" : 30,
            "8028160" : 28,
            "8093696" : 31,
            "8159232" : 34,
            "8224768" : 32,
            "8290304" : 36,
            "8355840" : 29,
            "8454144" : 78,
            "8585216" : 91,
            "8716288" : 91,
            "8847360" : 94,
            "8978432" : 93,
            "9109504" : 90,
            "9240576" : 95,
            "9371648" : 133,
            "9502720" : 126,
            "9633792" : 149,
            "9764864" : 158,
            "9895936" : 157,
            "10027008" : 184,
            "10158080" : 168,
            "10289152" : 263,
            "10420224" : 312,
            "10551296" : 438,
            "10682368" : 551,
            "10813440" : 688,
            "10944512" : 714,
            "11075584" : 670,
            "11206656" : 798,
            "11337728" : 928,
            "11468800" : 1271,
            "11599872" : 1610,
            "11730944" : 1950,
            "11862016" : 2725,
            "11993088" : 5286,
            "12124160" : 11918,
            "12255232" : 27925,
            "12386304" : 57525,
            "12517376" : 93251,
            "12648448" : 118792,
            "12779520" : 124162,
            "12910592" : 121298,
            "13041664" : 113502,
            "13172736" : 102734,
            "13303808" : 89330,
            "13434880" : 77253,
            "13565952" : 64878,
            "13697024" : 55142,
            "13828096" : 47262,
            "13959168" : 41695,
            "14090240" : 37512,
            "14221312" : 34502,
            "14352384" : 31996,
            "14483456" : 28613,
            "14614528" : 23303,
            "14745600" : 18379,
            "14876672" : 14441,
            "15007744" : 10501,
            "15138816" : 8293,
            "15269888" : 6177,
            "15400960" : 4528,
            "15532032" : 3550,
            "15663104" : 2558,
            "15794176" : 1941,
            "15925248" : 1442,
            "16056320" : 1139,
            "16187392" : 881,
            "16318464" : 670,
            "16449536" : 526,
            "16580608" : 482,
            "16711680" : 345,
            "16908288" : 685,
            "17170432" : 630,
            "17432576" : 540,
            "17694720" : 339,
            "17956864" : 316,
            "18219008" : 247,
            "18481152" : 209,
            "18743296" : 181,
            "19005440" : 159,
            "19267584" : 124,
            "19529728" : 125,
            "19791872" : 113,
            "20054016" : 94,
            "20316160" : 106,
            "20578304" : 84,
            "20840448" : 70,
            "21102592" : 63,
            "21364736" : 54,