{
  "fio version" : "fio-3.8",
  "timestamp" : 1543209930,
  "timestamp_ms" : 1543209930355,
  "time" : "Mon Nov 26 05:25:30 2018",
  "jobs" : [
    {
      "jobname" : "wipc",
      "groupid" : 0,
      "error" : 0,
      "eta" : 0,
      "elapsed" : 1494,
      "job options" : {
        "ioengine" : "libaio",
        "group_reporting" : "1",
        "direct" : "1",
        "rw" : "write",
        "bssplit" : "128KB",
        "numjobs" : "2",
        "iodepth" : "16",
        "size" : "100%",
        "io_size" : "128035676160B",
        "filename" : "/dev/sda"
      },
      "read" : {
        "io_bytes" : 0,
        "io_kbytes" : 0,
        "bw_bytes" : 0,
        "bw" : 0,
        "iops" : 0.000000,
        "runtime" : 0,
        "total_ios" : 0,
        "short_ios" : 0,
        "drop_ios" : 0,
        "slat_ns" : {
          "min" : 0,
          "max" : 0,
          "mean" : 0.000000,
          "stddev" : 0.000000
        },
        "clat_ns" : {
          "min" : 0,
          "max" : 0,
          "mean" : 0.000000,
          "stddev" : 0.000000,
          "percentile" : {
            "1.000000" : 0,
            "5.000000" : 0,
            "10.000000" : 0,
            "20.000000" : 0,
            "30.000000" : 0,
            "40.000000" : 0,
            "50.000000" : 0,
            "60.000000" : 0,
            "70.000000" : 0,
            "80.000000" : 0,
            "90.000000" : 0,
            "95.000000" : 0,
            "99.000000" : 0,
            "99.500000" : 0,
            "99.900000" : 0,
            "99.950000" : 0,
            "99.990000" : 0
          },
          "bins" : {

          }
        },
        "lat_ns" : {
          "min" : 0,
          "max" : 0,
          "mean" : 0.000000,
          "stddev" : 0.000000
        },
        "bw_min" : 0,
        "bw_max" : 0,
        "bw_agg" : 0.000000,
        "bw_mean" : 0.000000,
        "bw_dev" : 0.000000,
        "bw_samples" : 0,
        "iops_min" : 0,
        "iops_max" : 0,
        "iops_mean" : 0.000000,
        "iops_stddev" : 0.000000,
        "iops_samples" : 0
      },
      "write" : {
        "io_bytes" : 256071172096,
        "io_kbytes" : 250069504,
        "bw_bytes" : 171464098,
        "bw" : 167445,
        "iops" : 1308.167257,
        "runtime" : 1493439,
        "total_ios" : 1953668,
        "short_ios" : 0,
        "drop_ios" : 0,
        "slat_ns" : {
          "min" : 32667,
          "max" : 3331708,
          "mean" : 60717.428542,
          "stddev" : 34665.286210
        },
        "clat_ns" : {
          "min" : 1647042,
          "max" : 90581167,
          "mean" : 24391810.485981,
          "stddev" : 15922912.503024,
          "percentile" : {
            "1.000000" : 12124160,
            "5.000000" : 12517376,
            "10.000000" : 12648448,
            "20.000000" : 12779520,
            "30.000000" : 13041664,
            "40.000000" : 13303808,
            "50.000000" : 13828096,
            "60.000000" : 14745600,
            "70.000000" : 34865152,
            "80.000000" : 36962304,
            "90.000000" : 54788096,
            "95.000000" : 57409536,
            "99.000000" : 63176704,
            "99.500000" : 64749568,
            "99.900000" : 71827456,
            "99.950000" : 73924608,
            "99.990000" : 82313216
          },
          "bins" : {
            "1646592" : 2,
            "1662976" : 1,
            "1761280" : 1,
            "1777664" : 1,
            "2179072" : 1,
            "2867200" : 1,
            "4079616" : 1,
            "4554752" : 1,
            "4620288" : 4,
            "4685824" : 2,
            "4751360" : 1,
            "4816896" : 1,
            "4947968" : 1,
            "5144576" : 1,
            "5275648" : 1,
            "5406720" : 1,
            "5603328" : 1,
            "5668864" : 1,
            "5865472" : 1,
            "5931008" : 2,
            "6062080" : 2,
            "6127616" : 1,
            "6193152" : 1,
            "6324224" : 3,
            "6389760" : 8,
            "6455296" : 3,
            "6520832" : 3,
            "6586368" : 21,
            "6651904" : 11,
            "6717440" : 16,
            "6782976" : 20,
            "6848512" : 18,
            "6914048" : 21,
            "6979584" : 13,
            "7045120" : 14,
            "7110656" : 4,
            "7176192" : 3,
            "7241728" : 3,
            "7307264" : 9,
            "7372800" : 5,
            "7438336" : 12,
            "7503872" : 14,
            "7569408" : 2,
            "7634944" : 4,
            "7700480" : 5,
            "7766016" : 6,
            "7897088" : 2,
            "7962624" : 1,
            "8028160" : 3,
            "8093696" : 3,
            "8159232" : 1,
            "8290304" : 1,
            "8355840" : 2,
            "8454144" : 6,
            "8585216" : 7,
            "8716288" : 6,
            "8847360" : 7,
            "8978432" : 10,
            "9109504" : 2,
            "9240576" : 7,
            "9371648" : 2,
            "9502720" : 2,
            "9633792" : 8,
            "9764864" : 5,
            "9895936" : 3,
            "10027008" : 14,
            "10158080" : 30,
            "10289152" : 86,
            "10420224" : 136,
            "10551296" : 196,
            "10682368" : 316,
            "10813440" : 435,
            "10944512" : 425,
            "11075584" : 402,
            "11206656" : 404,
            "11337728" : 518,
            "11468800" : 799,
            "11599872" : 1223,
            "11730944" : 1440,
            "11862016" : 2054,
            "11993088" : 3626,
            "12124160" : 9706,
            "12255232" : 23870,
            "12386304" : 48608,
            "12517376" : 77157,
            "12648448" : 103552,
            "12779520" : 115846,
            "12910592" : 115673,
            "13041664" : 105577,
            "13172736" : 93863,
            "13303808" : 82359,
            "13434880" : 69582,
            "13565952" : 58739,
            "13697024" : 47210,
            "13828096" : 40221,
            "13959168" : 34498,
            "14090240" : 31483,
            "14221312" : 28756,
            "14352384" : 27237,
            "14483456" : 24246,
            "14614528" : 19961,
            "14745600" : 15934,
            "14876672" : 12441,
            "15007744" : 9091,
            "15138816" : 6078,
            "15269888" : 4626,
            "15400960" : 3276,
            "15532032" : 2469,
            "15663104" : 1772,
            "15794176" : 1382,
            "15925248" : 933,
            "16056320" : 732,
            "16187392" : 483,
            "16318464" : 382,
            "16449536" : 258,
            "16580608" : 239,
            "16711680" : 170,
            "16908288" : 356,
            "17170432" : 408,
            "17432576" : 323,
            "17694720" : 170,
            "17956864" : 58,
            "18219008" : 45,
            "18481152" : 52,
            "18743296" : 34,
            "19005440" : 34,
            "19267584" : 27,
            "19529728" : 18,
            "19791872" : 28,
            "20054016" : 37,
            "20316160" : 44,
            "20578304" : 68,
            "20840448" : 72,
            "21102592" : 59,
            "21364736" : 46,
            "21626880" : 25,
            "21889024" : 11,
            "22151168" : 13,
            "22413312" : 18,
            "22675456" : 29,
            "22937600" : 19,
            "23199744" : 4,
            "23461888" : 2,
            "23724032" : 4,
            "23986176" : 12,
            "24248320" : 15,
            "24510464" : 37,
            "24772608" : 27,
            "25034752" : 146,
            "25296896" : 411,
            "25559040" : 1623,
            "25821184" : 3088,
            "26083328" : 1895,
            "26345472" : 1648,
            "26607616" : 1382,
            "26869760" : 1251,
            "27131904" : 1331,
            "27394048" : 1421,
            "27656192" : 1024,
            "27918336" : 781,