{
  "fio version" : "fio-3.8",
  "timestamp" : 1546121787,
  "timestamp_ms" : 1546121787767,
  "time" : "Sat Dec 29 14:16:27 2018",
  "jobs" : [
    {
      "jobname" : "wipc",
      "groupid" : 0,
      "error" : 0,
      "eta" : 0,
      "elapsed" : 1482,
      "job options" : {
        "ioengine" : "libaio",
        "group_reporting" : "1",
        "direct" : "1",
        "rw" : "write",
        "bssplit" : "128KB",
        "numjobs" : "2",
        "iodepth" : "16",
        "size" : "100%",
        "io_size" : "128035676160B",
        "filename" : "/dev/sdh"
      },
      "read" : {
        "io_bytes" : 0,
        "io_kbytes" : 0,
        "bw_bytes" : 0,
        "bw" : 0,
        "iops" : 0.000000,
        "runtime" : 0,
        "total_ios" : 0,
        "short_ios" : 0,
        "drop_ios" : 0,
        "slat_ns" : {
          "min" : 0,
          "max" : 0,
          "mean" : 0.000000,
          "stddev" : 0.000000
        },
        "clat_ns" : {
          "min" : 0,
          "max" : 0,
          "mean" : 0.000000,
          "stddev" : 0.000000,
          "percentile" : {
            "1.000000" : 0,
            "5.000000" : 0,
            "10.000000" : 0,
            "20.000000" : 0,
            "30.000000" : 0,
            "40.000000" : 0,
            "50.000000" : 0,
            "60.000000" : 0,
            "70.000000" : 0,
            "80.000000" : 0,
            "90.000000" : 0,
            "95.000000" : 0,
            "99.000000" : 0,
            "99.500000" : 0,
            "99.900000" : 0,
            "99.950000" : 0,
            "99.990000" : 0
          },
          "bins" : {

          }
        },
        "lat_ns" : {
          "min" : 0,
          "max" : 0,
          "mean" : 0.000000,
          "stddev" : 0.000000
        },
        "bw_min" : 0,
        "bw_max" : 0,
        "bw_agg" : 0.000000,
        "bw_mean" : 0.000000,
        "bw_dev" : 0.000000,
        "bw_samples" : 0,
        "iops_min" : 0,
        "iops_max" : 0,
        "iops_mean" : 0.000000,
        "iops_stddev" : 0.000000,
        "iops_samples" : 0
      },
      "write" : {
        "io_bytes" : 256071172096,
        "io_kbytes" : 250069504,
        "bw_bytes" : 172896529,
        "bw" : 168844,
        "iops" : 1319.095840,
        "runtime" : 1481066,
        "total_ios" : 1953668,
        "short_ios" : 0,
        "drop_ios" : 0,
        "slat_ns" : {
          "min" : 6849,
          "max" : 222538,
          "mean" : 16039.084074,
          "stddev" : 4564.626240
        },
        "clat_ns" : {
          "min" : 830200,
          "max" : 92754869,
          "mean" : 24240244.084413,
          "stddev" : 15834352.278322,
          "percentile" : {
            "1.000000" : 12648448,
            "5.000000" : 12910592,
            "10.000000" : 13041664,
            "20.000000" : 13303808,
            "30.000000" : 13565952,
            "40.000000" : 13828096,
            "50.000000" : 14221312,
            "60.000000" : 14745600,
            "70.000000" : 33816576,
            "80.000000" : 36438016,
            "90.000000" : 53739520,
            "95.000000" : 56360960,
            "99.000000" : 61603840,
            "99.500000" : 63176704,
            "99.900000" : 73924608,
            "99.950000" : 76021760,
            "99.990000" : 83361792
          },
          "bins" : {
            "831488" : 1,
            "1318912" : 1,
            "1384448" : 1,
            "2023424" : 1,
            "2408448" : 1,
            "2736128" : 1,
            "3129344" : 1,
            "3489792" : 1,
            "3850240" : 1,
            "4177920" : 1,
            "4554752" : 1,
            "4882432" : 1,
            "5275648" : 1,
            "5668864" : 1,
            "5865472" : 1,
            "5996544" : 1,
            "6258688" : 1,
            "6389760" : 1,
            "6717440" : 1,
            "6979584" : 1,
            "7110656" : 1,
            "7307264" : 1,
            "7438336" : 1,
            "7700480" : 1,
            "7831552" : 1,
            "8093696" : 1,
            "8159232" : 1,
            "8585216" : 1,
            "8847360" : 1,
            "9240576" : 1,
            "9371648" : 1,
            "9633792" : 1,
            "9764864" : 1,
            "10158080" : 1,
            "10551296" : 1,
            "11206656" : 2,
            "11337728" : 7,
            "11468800" : 25,
            "11599872" : 53,
            "11730944" : 105,
            "11862016" : 133,
            "11993088" : 121,
            "12124160" : 166,
            "12255232" : 274,
            "12386304" : 1050,
            "12517376" : 4816,
            "12648448" : 16265,
            "12779520" : 41074,
            "12910592" : 72542,
            "13041664" : 94387,
            "13172736" : 97380,
            "13303808" : 96751,
            "13434880" : 104780,
            "13565952" : 115489,
            "13697024" : 109106,
            "13828096" : 87182,
            "13959168" : 63293,
            "14090240" : 55210,
            "14221312" : 54874,
            "14352384" : 53390,
            "14483456" : 45048,
            "14614528" : 37002,
            "14745600" : 31025,
            "14876672" : 27724,
            "15007744" : 23025,
            "15138816" : 17539,
            "15269888" : 11843,
            "15400960" : 7981,
            "15532032" : 4729,
            "15663104" : 2658,
            "15794176" : 1606,
            "15925248" : 815,
            "16056320" : 455,
            "16187392" : 253,
            "16318464" : 130,
            "16449536" : 101,
            "16580608" : 59,
            "16711680" : 70,
            "16908288" : 147,
            "17170432" : 132,
            "17432576" : 101,
            "17694720" : 47,
            "17956864" : 29,
            "18219008" : 6,
            "18481152" : 16,
            "18743296" : 20,
            "19005440" : 48,
            "19267584" : 82,
            "19529728" : 96,
            "19791872" : 85,
            "20054016" : 85,
            "20316160" : 86,
            "20578304" : 33,
            "20840448" : 22,
            "21102592" : 23,
            "21364736" : 19,
            "21626880" : 8,
            "21889024" : 9,
            "22151168" : 2,
            "22675456" : 1,
            "23199744" : 1,
            "23461888" : 8,
            "23724032" : 7,
            "23986176" : 6,
            "24248320" : 9,
            "24510464" : 2,
            "24772608" : 20,
            "25034752" : 35,
            "25296896" : 23,
            "25559040" : 40,
            "25821184" : 61,
            "26083328" : 74,
            "26345472" : 94,
            "26607616" : 106,
            "26869760" : 171,
            "27131904" : 407,
            "27394048" : 253,
            "27656192" : 222,
            "27918336" : 393,
            "28180480" : 632,
            "28442624" : 2507,
            "28704768" : 5210,
            "28966912" : 3236,
            "29229056" : 1939,
            "29491200" : 1461,
            "29753344" : 978,
            "30015488" : 994,
            "30277632" : 860,
            "30539776" : 753,
            "30801920" : 899,
            "31064064" : 1238,
            "31326208" : 1572,
            "31588352" : 2105,
            "31850496" : 3158,
            "32112640" : 4511,
            "32374784" : 6210,
            "32636928" : 8238,
            "32899072" : 10248,
            "33161216" : 11432,
            "33423360" : 12648,
            "33816576" : 30612,
            "34340864" : 39333,
            "34865152" : 41961,
            "35389440" : 37230,
            "35913728" : 32340,
            "36438016" : 27799,
            "36962304" : 19581,
            "37486592" : 12818,
            "38010880" : 9562,
            "38535168" : 8039,
            "39059456" : 7169,
            "39583744" : 6540,
            "40108032" : 5955,
            "40632320" : 4882,
            "41156608" : 3368,
            "41680896" : 2069,
            "42205184" : 1194,