{
  "fio version" : "fio-3.8",
  "timestamp" : 1542839592,
  "timestamp_ms" : 1542839592266,
  "time" : "Wed Nov 21 14:33:12 2018",
  "jobs" : [
    {
      "jobname" : "wipc",
      "groupid" : 0,
      "error" : 0,
      "eta" : 0,
      "elapsed" : 1478,
      "job options" : {
        "ioengine" : "libaio",
        "group_reporting" : "1",
        "direct" : "1",
        "rw" : "write",
        "bssplit" : "128KB",
        "numjobs" : "2",
        "iodepth" : "16",
        "size" : "100%",
        "io_size" : "128035676160B",
        "filename" : "/dev/sdb"
      },
      "read" : {
        "io_bytes" : 0,
        "io_kbytes" : 0,
        "bw_bytes" : 0,
        "bw" : 0,
        "iops" : 0.000000,
        "runtime" : 0,
        "total_ios" : 0,
        "short_ios" : 0,
        "drop_ios" : 0,
        "slat_ns" : {
          "min" : 0,
          "max" : 0,
          "mean" : 0.000000,
          "stddev" : 0.000000
        },
        "clat_ns" : {
          "min" : 0,
          "max" : 0,
          "mean" : 0.000000,
          "stddev" : 0.000000,
          "percentile" : {
            "1.000000" : 0,
            "5.000000" : 0,
            "10.000000" : 0,
            "20.000000" : 0,
            "30.000000" : 0,
            "40.000000" : 0,
            "50.000000" : 0,
            "60.000000" : 0,
            "70.000000" : 0,
            "80.000000" : 0,
            "90.000000" : 0,
            "95.000000" : 0,
            "99.000000" : 0,
            "99.500000" : 0,
            "99.900000" : 0,
            "99.950000" : 0,
            "99.990000" : 0
          },
          "bins" : {

          }
        },
        "lat_ns" : {
          "min" : 0,
          "max" : 0,
          "mean" : 0.000000,
          "stddev" : 0.000000
        },
        "bw_min" : 0,
        "bw_max" : 0,
        "bw_agg" : 0.000000,
        "bw_mean" : 0.000000,
        "bw_dev" : 0.000000,
        "bw_samples" : 0,
        "iops_min" : 0,
        "iops_max" : 0,
        "iops_mean" : 0.000000,
        "iops_stddev" : 0.000000,
        "iops_samples" : 0
      },
      "write" : {
        "io_bytes" : 256071172096,
        "io_kbytes" : 250069504,
        "bw_bytes" : 173318631,
        "bw" : 169256,
        "iops" : 1322.316220,
        "runtime" : 1477459,
        "total_ios" : 1953668,
        "short_ios" : 0,
        "drop_ios" : 0,
        "slat_ns" : {
          "min" : 5315,
          "max" : 358618,
          "mean" : 9935.526451,
          "stddev" : 2934.104611
        },
        "clat_ns" : {
          "min" : 488685,
          "max" : 110020613,
          "mean" : 24187138.477228,
          "stddev" : 16008667.621646,
          "percentile" : {
            "1.000000" : 12517376,
            "5.000000" : 12779520,
            "10.000000" : 12910592,
            "20.000000" : 13172736,
            "30.000000" : 13434880,
            "40.000000" : 13697024,
            "50.000000" : 14090240,
            "60.000000" : 14614528,
            "70.000000" : 33816576,
            "80.000000" : 36438016,
            "90.000000" : 54263808,
            "95.000000" : 56360960,
            "99.000000" : 62128128,
            "99.500000" : 63700992,
            "99.900000" : 72876032,
            "99.950000" : 77070336,
            "99.990000" : 83361792
          },
          "bins" : {
            "489472" : 1,
            "1318912" : 2,
            "2023424" : 1,
            "2375680" : 1,
            "2736128" : 1,
            "3129344" : 1,
            "3457024" : 1,
            "3784704" : 1,
            "4177920" : 1,
            "4489216" : 1,
            "4882432" : 1,
            "5275648" : 1,
            "5603328" : 1,
            "5931008" : 1,
            "6324224" : 1,
            "6651904" : 1,
            "7045120" : 1,
            "7372800" : 1,
            "7700480" : 1,
            "8093696" : 1,
            "8454144" : 1,
            "9240576" : 1,
            "9633792" : 1,
            "10027008" : 1,
            "10289152" : 1,
            "10944512" : 1,
            "11075584" : 12,
            "11206656" : 67,
            "11337728" : 107,
            "11468800" : 146,
            "11599872" : 161,
            "11730944" : 179,
            "11862016" : 267,
            "11993088" : 366,
            "12124160" : 655,
            "12255232" : 1407,
            "12386304" : 4047,
            "12517376" : 12748,
            "12648448" : 34859,
            "12779520" : 68618,
            "12910592" : 88160,
            "13041664" : 101501,
            "13172736" : 113142,
            "13303808" : 114364,
            "13434880" : 113162,
            "13565952" : 100568,
            "13697024" : 81144,
            "13828096" : 65743,
            "13959168" : 62041,
            "14090240" : 57913,
            "14221312" : 47672,
            "14352384" : 39441,
            "14483456" : 34159,
            "14614528" : 33005,
            "14745600" : 30468,
            "14876672" : 24770,
            "15007744" : 18209,
            "15138816" : 13126,
            "15269888" : 8665,
            "15400960" : 5195,
            "15532032" : 2979,
            "15663104" : 1871,
            "15794176" : 1199,
            "15925248" : 736,
            "16056320" : 381,
            "16187392" : 213,
            "16318464" : 163,
            "16449536" : 122,
            "16580608" : 89,
            "16711680" : 89,
            "16908288" : 231,
            "17170432" : 215,
            "17432576" : 133,
            "17694720" : 57,
            "17956864" : 32,
            "18219008" : 52,
            "18481152" : 69,
            "18743296" : 132,
            "19005440" : 134,
            "19267584" : 134,
            "19529728" : 75,
            "19791872" : 99,
            "20054016" : 122,
            "20316160" : 130,
            "20578304" : 87,
            "20840448" : 71,
            "21102592" : 61,
            "21364736" : 53,
            "21626880" : 53,
            "21889024" : 36,
            "22151168" : 31,
            "22413312" : 35,
            "22675456" : 23,
            "22937600" : 16,
            "23199744" : 19,
            "23461888" : 14,
            "23724032" : 8,
            "23986176" : 15,
            "24248320" : 11,
            "24510464" : 4,
            "24772608" : 6,
            "25034752" : 35,
            "25296896" : 45,
            "25559040" : 46,
            "25821184" : 72,
            "26083328" : 160,
            "26345472" : 506,
            "26607616" : 1932,
            "26869760" : 2498,
            "27131904" : 1914,
            "27394048" : 1485,
            "27656192" : 1564,
            "27918336" : 1481,
            "28180480" : 1594,
            "28442624" : 1537,
            "28704768" : 1143,
            "28966912" : 892,
            "29229056" : 847,
            "29491200" : 544,
            "29753344" : 558,
            "30015488" : 608,
            "30277632" : 616,
            "30539776" : 704,
            "30801920" : 788,
            "31064064" : 1207,
            "31326208" : 1531,
            "31588352" : 2207,
            "31850496" : 3045,
            "32112640" : 4354,
            "32374784" : 5759,
            "32636928" : 7177,
            "32899072" : 8717,
            "33161216" : 10222,
            "33423360" : 12110,
            "33816576" : 29619,
            "34340864" : 37696,
            "34865152" : 41378,
            "35389440" : 37408,
            "35913728" : 32327,
            "36438016" : 26619,
            "36962304" : 19296,
            "37486592" : 12169,
            "38010880" : 9213,
            "38535168" : 8146,
            "39059456" : 7134,
            "39583744" : 6627,
            "40108032" : 6079,
            "40632320" : 5244,
            "41156608" : 3979,
            "41680896" : 2524,
            "42205184" : 1717,
            "42729472" : 977,
            "43253760" : 676,
            "43778048" : 478,
            "44302336" : 468,