{
  "fio version" : "fio-3.8",
  "timestamp" : 1542533676,
  "timestamp_ms" : 1542533676813,
  "time" : "Sun Nov 18 01:34:36 2018",
  "jobs" : [
    {
      "jobname" : "wipc",
      "groupid" : 0,
      "error" : 0,
      "eta" : 0,
      "elapsed" : 1493,
      "job options" : {
        "ioengine" : "libaio",
        "group_reporting" : "1",
        "direct" : "1",
        "rw" : "write",
        "bssplit" : "128KB",
        "numjobs" : "2",
        "iodepth" : "16",
        "size" : "100%",
        "io_size" : "128035676160B",
        "filename" : "/dev/sdb"
      },
      "read" : {
        "io_bytes" : 0,
        "io_kbytes" : 0,
        "bw_bytes" : 0,
        "bw" : 0,
        "iops" : 0.000000,
        "runtime" : 0,
        "total_ios" : 0,
        "short_ios" : 0,
        "drop_ios" : 0,
        "slat_ns" : {
          "min" : 0,
          "max" : 0,
          "mean" : 0.000000,
          "stddev" : 0.000000
        },
        "clat_ns" : {
          "min" : 0,
          "max" : 0,
          "mean" : 0.000000,
          "stddev" : 0.000000,
          "percentile" : {
            "1.000000" : 0,
            "5.000000" : 0,
            "10.000000" : 0,
            "20.000000" : 0,
            "30.000000" : 0,
            "40.000000" : 0,
            "50.000000" : 0,
            "60.000000" : 0,
            "70.000000" : 0,
            "80.000000" : 0,
            "90.000000" : 0,
            "95.000000" : 0,
            "99.000000" : 0,
            "99.500000" : 0,
            "99.900000" : 0,
            "99.950000" : 0,
            "99.990000" : 0
          },
          "bins" : {

          }
        },
        "lat_ns" : {
          "min" : 0,
          "max" : 0,
          "mean" : 0.000000,
          "stddev" : 0.000000
        },
        "bw_min" : 0,
        "bw_max" : 0,
        "bw_agg" : 0.000000,
        "bw_mean" : 0.000000,
        "bw_dev" : 0.000000,
        "bw_samples" : 0,
        "iops_min" : 0,
        "iops_max" : 0,
        "iops_mean" : 0.000000,
        "iops_stddev" : 0.000000,
        "iops_samples" : 0
      },
      "write" : {
        "io_bytes" : 256071172096,
        "io_kbytes" : 250069504,
        "bw_bytes" : 171563698,
        "bw" : 167542,
        "iops" : 1308.927141,
        "runtime" : 1492572,
        "total_ios" : 1953668,
        "short_ios" : 0,
        "drop_ios" : 0,
        "slat_ns" : {
          "min" : 5343,
          "max" : 342453,
          "mean" : 10532.997944,
          "stddev" : 3309.319695
        },
        "clat_ns" : {
          "min" : 858462,
          "max" : 91805014,
          "mean" : 24434191.984569,
          "stddev" : 16001488.354403,
          "percentile" : {
            "1.000000" : 12648448,
            "5.000000" : 12910592,
            "10.000000" : 13041664,
            "20.000000" : 13303808,
            "30.000000" : 13565952,
            "40.000000" : 13697024,
            "50.000000" : 14090240,
            "60.000000" : 14745600,
            "70.000000" : 34340864,
            "80.000000" : 36962304,
            "90.000000" : 54788096,
            "95.000000" : 56885248,
            "99.000000" : 62128128,
            "99.500000" : 63700992,
            "99.900000" : 70778880,
            "99.950000" : 73924608,
            "99.990000" : 80216064
          },
          "bins" : {
            "856064" : 1,
            "1269760" : 1,
            "1351680" : 1,
            "1630208" : 1,
            "2277376" : 1,
            "2637824" : 1,
            "3129344" : 1,
            "3522560" : 1,
            "3817472" : 1,
            "4177920" : 1,
            "4554752" : 1,
            "5079040" : 1,
            "5472256" : 1,
            "5799936" : 1,
            "6193152" : 1,
            "6520832" : 1,
            "6848512" : 1,
            "7176192" : 1,
            "7569408" : 1,
            "7897088" : 1,
            "8224768" : 1,
            "8585216" : 1,
            "9502720" : 1,
            "9895936" : 1,
            "10158080" : 1,
            "10551296" : 1,
            "10813440" : 1,
            "10944512" : 2,
            "11075584" : 7,
            "11206656" : 30,
            "11337728" : 88,
            "11468800" : 117,
            "11599872" : 161,
            "11730944" : 177,
            "11862016" : 207,
            "11993088" : 337,
            "12124160" : 508,
            "12255232" : 992,
            "12386304" : 2654,
            "12517376" : 8127,
            "12648448" : 20004,
            "12779520" : 45134,
            "12910592" : 75450,
            "13041664" : 96275,
            "13172736" : 108210,
            "13303808" : 112535,
            "13434880" : 112671,
            "13565952" : 107249,
            "13697024" : 93270,
            "13828096" : 74700,
            "13959168" : 63555,
            "14090240" : 58801,
            "14221312" : 52813,
            "14352384" : 43214,
            "14483456" : 35963,
            "14614528" : 32323,
            "14745600" : 30724,
            "14876672" : 27346,
            "15007744" : 21933,
            "15138816" : 16212,
            "15269888" : 11366,
            "15400960" : 7321,
            "15532032" : 3948,
            "15663104" : 2048,
            "15794176" : 1363,
            "15925248" : 859,
            "16056320" : 456,
            "16187392" : 274,
            "16318464" : 137,
            "16449536" : 110,
            "16580608" : 71,
            "16711680" : 56,
            "16908288" : 133,
            "17170432" : 161,
            "17432576" : 154,
            "17694720" : 122,
            "17956864" : 93,
            "18219008" : 63,
            "18481152" : 88,
            "18743296" : 147,
            "19005440" : 85,
            "19267584" : 60,
            "19529728" : 46,
            "19791872" : 41,
            "20054016" : 36,
            "20316160" : 18,
            "20578304" : 8,
            "20840448" : 19,
            "21102592" : 14,
            "21364736" : 2,
            "22675456" : 1,
            "23199744" : 1,
            "23461888" : 1,
            "23724032" : 7,
            "23986176" : 11,
            "24248320" : 17,
            "24510464" : 13,
            "24772608" : 41,
            "25034752" : 35,
            "25296896" : 56,
            "25559040" : 144,
            "25821184" : 188,
            "26083328" : 498,
            "26345472" : 2236,
            "26607616" : 4057,
            "26869760" : 3965,
            "27131904" : 2452,
            "27394048" : 1495,
            "27656192" : 879,
            "27918336" : 642,
            "28180480" : 509,
            "28442624" : 236,
            "28704768" : 169,
            "28966912" : 163,
            "29229056" : 167,
            "29491200" : 201,
            "29753344" : 337,
            "30015488" : 416,
            "30277632" : 470,
            "30539776" : 494,
            "30801920" : 576,
            "31064064" : 717,
            "31326208" : 899,
            "31588352" : 1311,
            "31850496" : 1681,
            "32112640" : 2506,
            "32374784" : 3243,
            "32636928" : 4597,
            "32899072" : 5990,
            "33161216" : 7462,
            "33423360" : 8853,
            "33816576" : 22568,
            "34340864" : 30872,
            "34865152" : 38654,
            "35389440" : 43354,
            "35913728" : 40251,
            "36438016" : 35548,
            "36962304" : 31010,
            "37486592" : 22783,
            "38010880" : 13958,
            "38535168" : 10206,
            "39059456" : 8949,
            "39583744" : 7609,
            "40108032" : 6634,
            "40632320" : 6453,
            "41156608" : 6101,
            "41680896" : 5092,
            "42205184" : 3817,
            "42729472" : 2595,
            "43253760" : 1565,
            "43778048" : 749,
            "44302336" : 447,
            "44826624" : 343,
            "45350912" : 177,
            "45875200" : 163,
            "46399488" : 231,