{
  "fio version" : "fio-3.8",
  "timestamp" : 1542833570,
  "timestamp_ms" : 1542833570170,
  "time" : "Wed Nov 21 12:52:50 2018",
  "jobs" : [
    {
      "jobname" : "wipc",
      "groupid" : 0,
      "error" : 0,
      "eta" : 0,
      "elapsed" : 1496,
      "job options" : {
        "ioengine" : "libaio",
        "group_reporting" : "1",
        "direct" : "1",
        "rw" : "write",
        "bssplit" : "128KB",
        "numjobs" : "2",
        "iodepth" : "16",
        "size" : "100%",
        "io_size" : "128035676160B",
        "filename" : "/dev/sdb"
      },
      "read" : {
        "io_bytes" : 0,
        "io_kbytes" : 0,
        "bw_bytes" : 0,
        "bw" : 0,
        "iops" : 0.000000,
        "runtime" : 0,
        "total_ios" : 0,
        "short_ios" : 0,
        "drop_ios" : 0,
        "slat_ns" : {
          "min" : 0,
          "max" : 0,
          "mean" : 0.000000,
          "stddev" : 0.000000
        },
        "clat_ns" : {
          "min" : 0,
          "max" : 0,
          "mean" : 0.000000,
          "stddev" : 0.000000,
          "percentile" : {
            "1.000000" : 0,
            "5.000000" : 0,
            "10.000000" : 0,
            "20.000000" : 0,
            "30.000000" : 0,
            "40.000000" : 0,
            "50.000000" : 0,
            "60.000000" : 0,
            "70.000000" : 0,
            "80.000000" : 0,
            "90.000000" : 0,
            "95.000000" : 0,
            "99.000000" : 0,
            "99.500000" : 0,
            "99.900000" : 0,
            "99.950000" : 0,
            "99.990000" : 0
          },
          "bins" : {

          }
        },
        "lat_ns" : {
          "min" : 0,
          "max" : 0,
          "mean" : 0.000000,
          "stddev" : 0.000000
        },
        "bw_min" : 0,
        "bw_max" : 0,
        "bw_agg" : 0.000000,
        "bw_mean" : 0.000000,
        "bw_dev" : 0.000000,
        "bw_samples" : 0,
        "iops_min" : 0,
        "iops_max" : 0,
        "iops_mean" : 0.000000,
        "iops_stddev" : 0.000000,
        "iops_samples" : 0
      },
      "write" : {
        "io_bytes" : 256071172096,
        "io_kbytes" : 250069504,
        "bw_bytes" : 171188649,
        "bw" : 167176,
        "iops" : 1306.065748,
        "runtime" : 1495842,
        "total_ios" : 1953668,
        "short_ios" : 0,
        "drop_ios" : 0,
        "slat_ns" : {
          "min" : 5304,
          "max" : 363978,
          "mean" : 12974.357021,
          "stddev" : 3288.098145
        },
        "clat_ns" : {
          "min" : 872688,
          "max" : 102992651,
          "mean" : 24467822.880934,
          "stddev" : 16213058.608487,
          "percentile" : {
            "1.000000" : 12648448,
            "5.000000" : 12910592,
            "10.000000" : 13041664,
            "20.000000" : 13434880,
            "30.000000" : 13697024,
            "40.000000" : 13959168,
            "50.000000" : 14352384,
            "60.000000" : 15007744,
            "70.000000" : 33816576,
            "80.000000" : 37486592,
            "90.000000" : 54788096,
            "95.000000" : 56885248,
            "99.000000" : 62128128,
            "99.500000" : 63700992,
            "99.900000" : 71827456,
            "99.950000" : 74973184,
            "99.990000" : 79167488
          },
          "bins" : {
            "872448" : 1,
            "1302528" : 1,
            "1368064" : 1,
            "1695744" : 1,
            "2342912" : 1,
            "2703360" : 1,
            "3227648" : 1,
            "3555328" : 1,
            "3915776" : 1,
            "4292608" : 1,
            "4620288" : 1,
            "5341184" : 1,
            "5734400" : 1,
            "6062080" : 1,
            "6127616" : 1,
            "6193152" : 3,
            "6258688" : 1,
            "6389760" : 5,
            "6455296" : 2,
            "6520832" : 1,
            "6586368" : 2,
            "6651904" : 2,
            "6717440" : 12,
            "6782976" : 35,
            "6848512" : 67,
            "6914048" : 65,
            "6979584" : 46,
            "7045120" : 44,
            "7110656" : 31,
            "7176192" : 33,
            "7241728" : 44,
            "7307264" : 33,
            "7372800" : 55,
            "7438336" : 55,
            "7503872" : 22,
            "7569408" : 13,
            "7634944" : 12,
            "7700480" : 18,
            "7766016" : 13,
            "7831552" : 23,
            "7897088" : 26,
            "7962624" : 16,
            "8028160" : 30,
            "8093696" : 15,
            "8159232" : 13,
            "8224768" : 10,
            "8290304" : 22,
            "8355840" : 24,
            "8454144" : 41,
            "8585216" : 69,
            "8716288" : 22,
            "8847360" : 6,
            "8978432" : 5,
            "9109504" : 5,
            "9240576" : 3,
            "9502720" : 2,
            "9633792" : 1,
            "9764864" : 2,
            "10027008" : 1,
            "10420224" : 1,
            "10682368" : 3,
            "10813440" : 1,
            "11075584" : 2,
            "11206656" : 1,
            "11337728" : 17,
            "11468800" : 28,
            "11599872" : 81,
            "11730944" : 137,
            "11862016" : 140,
            "11993088" : 164,
            "12124160" : 225,
            "12255232" : 387,
            "12386304" : 1162,
            "12517376" : 4590,
            "12648448" : 14661,
            "12779520" : 34428,
            "12910592" : 61709,
            "13041664" : 83953,
            "13172736" : 90585,
            "13303808" : 95922,
            "13434880" : 98963,
            "13565952" : 95604,
            "13697024" : 88524,
            "13828096" : 74509,
            "13959168" : 61275,
            "14090240" : 58155,
            "14221312" : 60907,
            "14352384" : 57842,
            "14483456" : 52780,
            "14614528" : 43060,
            "14745600" : 37922,
            "14876672" : 34886,
            "15007744" : 30516,
            "15138816" : 26032,
            "15269888" : 21165,
            "15400960" : 16165,
            "15532032" : 12436,
            "15663104" : 9536,
            "15794176" : 6782,
            "15925248" : 5047,
            "16056320" : 4124,
            "16187392" : 3259,
            "16318464" : 2767,
            "16449536" : 2286,
            "16580608" : 1910,
            "16711680" : 1382,
            "16908288" : 1979,
            "17170432" : 947,
            "17432576" : 471,
            "17694720" : 292,
            "17956864" : 204,
            "18219008" : 200,
            "18481152" : 209,
            "18743296" : 185,
            "19005440" : 170,
            "19267584" : 115,
            "19529728" : 103,
            "19791872" : 68,
            "20054016" : 83,
            "20316160" : 52,
            "20578304" : 64,
            "20840448" : 19,
            "21102592" : 42,
            "21364736" : 36,
            "21626880" : 52,
            "21889024" : 13,
            "22151168" : 40,
            "22413312" : 23,
            "22675456" : 17,
            "22937600" : 7,
            "23199744" : 10,
            "23461888" : 10,
            "23724032" : 12,
            "23986176" : 8,
            "24248320" : 10,
            "24510464" : 13,
            "24772608" : 24,
            "25034752" : 43,
            "25296896" : 61,
            "25559040" : 101,
            "25821184" : 133,
            "26083328" : 230,
            "26345472" : 300,
            "26607616" : 904,
            "26869760" : 3402,
            "27131904" : 3419,
            "27394048" : 1658,
            "27656192" : 1454,
            "27918336" : 1427,
            "28180480" : 913,
            "28442624" : 1053,
            "28704768" : 1211,
            "28966912" : 726,
            "29229056" : 546,
            "29491200" : 490,
            "29753344" : 441,
            "30015488" : 500,
            "30277632" : 632,
            "30539776" : 685,