{
  "fio version" : "fio-3.8",
  "timestamp" : 1542952773,
  "timestamp_ms" : 1542952773027,
  "time" : "Fri Nov 23 05:59:33 2018",
  "jobs" : [
    {
      "jobname" : "wipc",
      "groupid" : 0,
      "error" : 0,
      "eta" : 0,
      "elapsed" : 1353,
      "job options" : {
        "ioengine" : "libaio",
        "group_reporting" : "1",
        "direct" : "1",
        "rw" : "write",
        "bssplit" : "128KB",
        "numjobs" : "2",
        "iodepth" : "16",
        "size" : "75%",
        "io_size" : "128035676160B",
        "filename" : "/dev/sda"
      },
      "read" : {
        "io_bytes" : 0,
        "io_kbytes" : 0,
        "bw_bytes" : 0,
        "bw" : 0,
        "iops" : 0.000000,
        "runtime" : 0,
        "total_ios" : 0,
        "short_ios" : 0,
        "drop_ios" : 0,
        "slat_ns" : {
          "min" : 0,
          "max" : 0,
          "mean" : 0.000000,
          "stddev" : 0.000000
        },
        "clat_ns" : {
          "min" : 0,
          "max" : 0,
          "mean" : 0.000000,
          "stddev" : 0.000000,
          "percentile" : {
            "1.000000" : 0,
            "5.000000" : 0,
            "10.000000" : 0,
            "20.000000" : 0,
            "30.000000" : 0,
            "40.000000" : 0,
            "50.000000" : 0,
            "60.000000" : 0,
            "70.000000" : 0,
            "80.000000" : 0,
            "90.000000" : 0,
            "95.000000" : 0,
            "99.000000" : 0,
            "99.500000" : 0,
            "99.900000" : 0,
            "99.950000" : 0,
            "99.990000" : 0
          },
          "bins" : {

          }
        },
        "lat_ns" : {
          "min" : 0,
          "max" : 0,
          "mean" : 0.000000,
          "stddev" : 0.000000
        },
        "bw_min" : 0,
        "bw_max" : 0,
        "bw_agg" : 0.000000,
        "bw_mean" : 0.000000,
        "bw_dev" : 0.000000,
        "bw_samples" : 0,
        "iops_min" : 0,
        "iops_max" : 0,
        "iops_mean" : 0.000000,
        "iops_stddev" : 0.000000,
        "iops_samples" : 0
      },
      "write" : {
        "io_bytes" : 256071434240,
        "io_kbytes" : 250069760,
        "bw_bytes" : 189400127,
        "bw" : 184961,
        "iops" : 1445.008295,
        "runtime" : 1352013,
        "total_ios" : 1953670,
        "short_ios" : 0,
        "drop_ios" : 0,
        "slat_ns" : {
          "min" : 23916,
          "max" : 17485708,
          "mean" : 58205.952092,
          "stddev" : 71189.499406
        },
        "clat_ns" : {
          "min" : 1835459,
          "max" : 127667500,
          "mean" : 22078745.499449,
          "stddev" : 15419617.793136,
          "percentile" : {
            "1.000000" : 12255232,
            "5.000000" : 12648448,
            "10.000000" : 12779520,
            "20.000000" : 13041664,
            "30.000000" : 13303808,
            "40.000000" : 13434880,
            "50.000000" : 13828096,
            "60.000000" : 14221312,
            "70.000000" : 15007744,
            "80.000000" : 35389440,
            "90.000000" : 54263808,
            "95.000000" : 56885248,
            "99.000000" : 63176704,
            "99.500000" : 64749568,
            "99.900000" : 76021760,
            "99.950000" : 84410368,
            "99.990000" : 101187584
          },
          "bins" : {
            "1843200" : 1,
            "1859584" : 2,
            "1875968" : 2,
            "2007040" : 2,
            "2039808" : 2,
            "2056192" : 1,
            "2072576" : 2,
            "2113536" : 1,
            "2736128" : 1,
            "2932736" : 1,
            "2998272" : 1,
            "3063808" : 1,
            "3424256" : 1,
            "3489792" : 2,
            "3653632" : 1,
            "3751936" : 1,
            "3784704" : 1,
            "3850240" : 1,
            "3883008" : 1,
            "3915776" : 4,
            "4046848" : 2,
            "4079616" : 2,
            "4112384" : 2,
            "4177920" : 1,
            "4227072" : 5,
            "4292608" : 1,
            "4358144" : 2,
            "4423680" : 2,
            "4489216" : 1,
            "4554752" : 1,
            "4620288" : 5,
            "4751360" : 5,
            "4816896" : 5,
            "4882432" : 3,
            "4947968" : 2,
            "5013504" : 4,
            "5079040" : 2,
            "5210112" : 5,
            "5341184" : 2,
            "5406720" : 3,
            "5472256" : 3,
            "5603328" : 4,
            "5668864" : 6,
            "5734400" : 3,
            "5799936" : 4,
            "5865472" : 8,
            "5931008" : 9,
            "5996544" : 7,
            "6062080" : 13,
            "6127616" : 8,
            "6193152" : 11,
            "6258688" : 11,
            "6324224" : 9,
            "6389760" : 12,
            "6455296" : 15,
            "6520832" : 23,
            "6586368" : 21,
            "6651904" : 12,
            "6717440" : 27,
            "6782976" : 28,
            "6848512" : 16,
            "6914048" : 18,
            "6979584" : 22,
            "7045120" : 15,
            "7110656" : 18,
            "7176192" : 17,
            "7241728" : 19,
            "7307264" : 25,
            "7372800" : 19,
            "7438336" : 36,
            "7503872" : 22,
            "7569408" : 19,
            "7634944" : 38,
            "7700480" : 29,
            "7766016" : 17,
            "7831552" : 20,
            "7897088" : 47,
            "7962624" : 21,
            "8028160" : 23,
            "8093696" : 23,
            "8159232" : 28,
            "8224768" : 24,
            "8290304" : 34,
            "8355840" : 27,
            "8454144" : 67,
            "8585216" : 76,
            "8716288" : 80,
            "8847360" : 91,
            "8978432" : 101,
            "9109504" : 108,
            "9240576" : 100,
            "9371648" : 121,
            "9502720" : 131,
            "9633792" : 131,
            "9764864" : 133,
            "9895936" : 150,
            "10027008" : 168,
            "10158080" : 188,
            "10289152" : 188,
            "10420224" : 231,
            "10551296" : 255,
            "10682368" : 292,
            "10813440" : 390,
            "10944512" : 505,
            "11075584" : 552,
            "11206656" : 707,
            "11337728" : 850,
            "11468800" : 800,
            "11599872" : 827,
            "11730944" : 1080,
            "11862016" : 1470,
            "11993088" : 2012,
            "12124160" : 2922,
            "12255232" : 5972,
            "12386304" : 13292,
            "12517376" : 29045,
            "12648448" : 58668,
            "12779520" : 92964,
            "12910592" : 116010,
            "13041664" : 124798,
            "13172736" : 122819,
            "13303808" : 115688,
            "13434880" : 105195,
            "13565952" : 94485,
            "13697024" : 80923,
            "13828096" : 67427,
            "13959168" : 54267,
            "14090240" : 46843,
            "14221312" : 40525,
            "14352384" : 37474,
            "14483456" : 35957,
            "14614528" : 34671,
            "14745600" : 31453,
            "14876672" : 26692,
            "15007744" : 20808,
            "15138816" : 16043,
            "15269888" : 11365,
            "15400960" : 8606,
            "15532032" : 6188,
            "15663104" : 4611,
            "15794176" : 3638,
            "15925248" : 2968,
            "16056320" : 2215,
            "16187392" : 1627,
            "16318464" : 1148,
            "16449536" : 1046,
            "16580608" : 843,
            "16711680" : 626,
            "16908288" : 946,
            "17170432" : 694,
            "17432576" : 618,
            "17694720" : 464,
            "17956864" : 318,
            "18219008" : 283,
            "18481152" : 266,
            "18743296" : 249,
            "19005440" : 242,
            "19267584" : 217,
            "19529728" : 217,
            "19791872" : 161,
            "20054016" : 191,