{
  "fio version" : "fio-3.8",
  "timestamp" : 1542961442,
  "timestamp_ms" : 1542961442281,
  "time" : "Fri Nov 23 08:24:02 2018",
  "jobs" : [
    {
      "jobname" : "wipc",
      "groupid" : 0,
      "error" : 0,
      "eta" : 0,
      "elapsed" : 1363,
      "job options" : {
        "ioengine" : "libaio",
        "group_reporting" : "1",
        "direct" : "1",
        "rw" : "write",
        "bssplit" : "128KB",
        "numjobs" : "2",
        "iodepth" : "16",
        "size" : "75%",
        "io_size" : "128035676160B",
        "filename" : "/dev/sda"
      },
      "read" : {
        "io_bytes" : 0,
        "io_kbytes" : 0,
        "bw_bytes" : 0,
        "bw" : 0,
        "iops" : 0.000000,
        "runtime" : 0,
        "total_ios" : 0,
        "short_ios" : 0,
        "drop_ios" : 0,
        "slat_ns" : {
          "min" : 0,
          "max" : 0,
          "mean" : 0.000000,
          "stddev" : 0.000000
        },
        "clat_ns" : {
          "min" : 0,
          "max" : 0,
          "mean" : 0.000000,
          "stddev" : 0.000000,
          "percentile" : {
            "1.000000" : 0,
            "5.000000" : 0,
            "10.000000" : 0,
            "20.000000" : 0,
            "30.000000" : 0,
            "40.000000" : 0,
            "50.000000" : 0,
            "60.000000" : 0,
            "70.000000" : 0,
            "80.000000" : 0,
            "90.000000" : 0,
            "95.000000" : 0,
            "99.000000" : 0,
            "99.500000" : 0,
            "99.900000" : 0,
            "99.950000" : 0,
            "99.990000" : 0
          },
          "bins" : {

          }
        },
        "lat_ns" : {
          "min" : 0,
          "max" : 0,
          "mean" : 0.000000,
          "stddev" : 0.000000
        },
        "bw_min" : 0,
        "bw_max" : 0,
        "bw_agg" : 0.000000,
        "bw_mean" : 0.000000,
        "bw_dev" : 0.000000,
        "bw_samples" : 0,
        "iops_min" : 0,
        "iops_max" : 0,
        "iops_mean" : 0.000000,
        "iops_stddev" : 0.000000,
        "iops_samples" : 0
      },
      "write" : {
        "io_bytes" : 256071434240,
        "io_kbytes" : 250069760,
        "bw_bytes" : 187997943,
        "bw" : 183591,
        "iops" : 1434.310479,
        "runtime" : 1362097,
        "total_ios" : 1953670,
        "short_ios" : 0,
        "drop_ios" : 0,
        "slat_ns" : {
          "min" : 21292,
          "max" : 17021083,
          "mean" : 58706.072990,
          "stddev" : 64121.567304
        },
        "clat_ns" : {
          "min" : 1999959,
          "max" : 119230250,
          "mean" : 22242381.721607,
          "stddev" : 15156593.433601,
          "percentile" : {
            "1.000000" : 12255232,
            "5.000000" : 12648448,
            "10.000000" : 12779520,
            "20.000000" : 13041664,
            "30.000000" : 13303808,
            "40.000000" : 13434880,
            "50.000000" : 13697024,
            "60.000000" : 14221312,
            "70.000000" : 15269888,
            "80.000000" : 35913728,
            "90.000000" : 53739520,
            "95.000000" : 56360960,
            "99.000000" : 62652416,
            "99.500000" : 64749568,
            "99.900000" : 74973184,
            "99.950000" : 82313216,
            "99.990000" : 96993280
          },
          "bins" : {
            "2007040" : 1,
            "2113536" : 1,
            "2179072" : 1,
            "2244608" : 1,
            "2277376" : 4,
            "2310144" : 2,
            "2703360" : 1,
            "2736128" : 1,
            "2899968" : 1,
            "2965504" : 2,
            "3096576" : 1,
            "3227648" : 1,
            "3325952" : 1,
            "3358720" : 1,
            "3489792" : 1,
            "3522560" : 1,
            "3719168" : 2,
            "3784704" : 1,
            "3981312" : 2,
            "4046848" : 2,
            "4227072" : 1,
            "4423680" : 1,
            "4685824" : 2,
            "4882432" : 2,
            "4947968" : 1,
            "5079040" : 1,
            "5144576" : 1,
            "5210112" : 2,
            "5341184" : 1,
            "5472256" : 2,
            "5537792" : 2,
            "5603328" : 1,
            "5668864" : 2,
            "5734400" : 1,
            "5865472" : 3,
            "5931008" : 3,
            "5996544" : 5,
            "6062080" : 1,
            "6127616" : 10,
            "6193152" : 29,
            "6258688" : 20,
            "6324224" : 19,
            "6389760" : 18,
            "6455296" : 18,
            "6520832" : 17,
            "6586368" : 19,
            "6651904" : 9,
            "6717440" : 21,
            "6782976" : 23,
            "6848512" : 25,
            "6914048" : 21,
            "6979584" : 20,
            "7045120" : 31,
            "7110656" : 32,
            "7176192" : 24,
            "7241728" : 30,
            "7307264" : 23,
            "7372800" : 17,
            "7438336" : 16,
            "7503872" : 40,
            "7569408" : 36,
            "7634944" : 26,
            "7700480" : 25,
            "7766016" : 39,
            "7831552" : 28,
            "7897088" : 14,
            "7962624" : 32,
            "8028160" : 37,
            "8093696" : 41,
            "8159232" : 28,
            "8224768" : 43,
            "8290304" : 25,
            "8355840" : 29,
            "8454144" : 63,
            "8585216" : 75,
            "8716288" : 66,
            "8847360" : 81,
            "8978432" : 96,
            "9109504" : 77,
            "9240576" : 92,
            "9371648" : 110,
            "9502720" : 127,
            "9633792" : 122,
            "9764864" : 151,
            "9895936" : 132,
            "10027008" : 156,
            "10158080" : 166,
            "10289152" : 165,
            "10420224" : 198,
            "10551296" : 218,
            "10682368" : 312,
            "10813440" : 363,
            "10944512" : 429,
            "11075584" : 551,
            "11206656" : 744,
            "11337728" : 791,
            "11468800" : 791,
            "11599872" : 774,
            "11730944" : 1070,
            "11862016" : 1479,
            "11993088" : 1961,
            "12124160" : 2915,
            "12255232" : 5571,
            "12386304" : 13085,
            "12517376" : 29463,
            "12648448" : 59395,
            "12779520" : 94509,
            "12910592" : 119310,
            "13041664" : 127254,
            "13172736" : 121556,
            "13303808" : 114758,
            "13434880" : 104806,
            "13565952" : 94671,
            "13697024" : 80014,
            "13828096" : 65257,
            "13959168" : 52014,
            "14090240" : 43018,
            "14221312" : 37573,
            "14352384" : 34659,
            "14483456" : 32760,
            "14614528" : 31368,
            "14745600" : 28111,
            "14876672" : 22852,
            "15007744" : 18724,
            "15138816" : 13916,
            "15269888" : 9645,
            "15400960" : 6928,
            "15532032" : 5183,
            "15663104" : 3842,
            "15794176" : 3178,
            "15925248" : 2460,
            "16056320" : 1846,
            "16187392" : 1401,
            "16318464" : 1161,
            "16449536" : 892,
            "16580608" : 840,
            "16711680" : 705,
            "16908288" : 1126,
            "17170432" : 980,
            "17432576" : 776,
            "17694720" : 562,
            "17956864" : 388,
            "18219008" : 345,
            "18481152" : 281,
            "18743296" : 231,
            "19005440" : 165,
            "19267584" : 130,
            "19529728" : 86,
            "19791872" : 57,
            "20054016" : 54,
            "20316160" : 44,
            "20578304" : 43,
            "20840448" : 40,
            "21102592" : 44,
            "21364736" : 42,
            "21626880" : 37,
            "21889024" : 33,
            "22151168" : 39,
            "22413312" : 36,
            "22675456" : 44,