{
  "fio version" : "fio-3.8",
  "timestamp" : 1546136204,
  "timestamp_ms" : 1546136204723,
  "time" : "Sat Dec 29 18:16:44 2018",
  "jobs" : [
    {
      "jobname" : "wipc",
      "groupid" : 0,
      "error" : 0,
      "eta" : 0,
      "elapsed" : 1490,
      "job options" : {
        "ioengine" : "libaio",
        "group_reporting" : "1",
        "direct" : "1",
        "rw" : "write",
        "bssplit" : "128KB",
        "numjobs" : "2",
        "iodepth" : "16",
        "size" : "100%",
        "io_size" : "128035676160B",
        "filename" : "/dev/sdd"
      },
      "read" : {
        "io_bytes" : 0,
        "io_kbytes" : 0,
        "bw_bytes" : 0,
        "bw" : 0,
        "iops" : 0.000000,
        "runtime" : 0,
        "total_ios" : 0,
        "short_ios" : 0,
        "drop_ios" : 0,
        "slat_ns" : {
          "min" : 0,
          "max" : 0,
          "mean" : 0.000000,
          "stddev" : 0.000000
        },
        "clat_ns" : {
          "min" : 0,
          "max" : 0,
          "mean" : 0.000000,
          "stddev" : 0.000000,
          "percentile" : {
            "1.000000" : 0,
            "5.000000" : 0,
            "10.000000" : 0,
            "20.000000" : 0,
            "30.000000" : 0,
            "40.000000" : 0,
            "50.000000" : 0,
            "60.000000" : 0,
            "70.000000" : 0,
            "80.000000" : 0,
            "90.000000" : 0,
            "95.000000" : 0,
            "99.000000" : 0,
            "99.500000" : 0,
            "99.900000" : 0,
            "99.950000" : 0,
            "99.990000" : 0
          },
          "bins" : {

          }
        },
        "lat_ns" : {
          "min" : 0,
          "max" : 0,
          "mean" : 0.000000,
          "stddev" : 0.000000
        },
        "bw_min" : 0,
        "bw_max" : 0,
        "bw_agg" : 0.000000,
        "bw_mean" : 0.000000,
        "bw_dev" : 0.000000,
        "bw_samples" : 0,
        "iops_min" : 0,
        "iops_max" : 0,
        "iops_mean" : 0.000000,
        "iops_stddev" : 0.000000,
        "iops_samples" : 0
      },
      "write" : {
        "io_bytes" : 256071172096,
        "io_kbytes" : 250069504,
        "bw_bytes" : 171897572,
        "bw" : 167868,
        "iops" : 1311.474397,
        "runtime" : 1489673,
        "total_ios" : 1953668,
        "short_ios" : 0,
        "drop_ios" : 0,
        "slat_ns" : {
          "min" : 7014,
          "max" : 4033405,
          "mean" : 15614.261243,
          "stddev" : 5205.514691
        },
        "clat_ns" : {
          "min" : 857510,
          "max" : 120445413,
          "mean" : 24381631.589723,
          "stddev" : 15738227.183481,
          "percentile" : {
            "1.000000" : 12779520,
            "5.000000" : 13041664,
            "10.000000" : 13172736,
            "20.000000" : 13434880,
            "30.000000" : 13697024,
            "40.000000" : 13959168,
            "50.000000" : 14352384,
            "60.000000" : 15007744,
            "70.000000" : 33816576,
            "80.000000" : 36438016,
            "90.000000" : 54263808,
            "95.000000" : 56360960,
            "99.000000" : 61603840,
            "99.500000" : 63176704,
            "99.900000" : 71827456,
            "99.950000" : 74973184,
            "99.990000" : 80216064
          },
          "bins" : {
            "856064" : 1,
            "1318912" : 1,
            "1384448" : 1,
            "1728512" : 1,
            "2408448" : 1,
            "2768896" : 1,
            "3162112" : 1,
            "3522560" : 1,
            "3850240" : 1,
            "4227072" : 1,
            "4554752" : 1,
            "4947968" : 1,
            "5275648" : 1,
            "5668864" : 1,
            "5996544" : 1,
            "6389760" : 1,
            "6520832" : 1,
            "6782976" : 1,
            "6914048" : 1,
            "7110656" : 1,
            "7503872" : 1,
            "7897088" : 1,
            "8224768" : 1,
            "8585216" : 1,
            "9371648" : 1,
            "9502720" : 1,
            "9764864" : 1,
            "9895936" : 1,
            "10158080" : 2,
            "10551296" : 1,
            "10682368" : 1,
            "10813440" : 1,
            "11075584" : 3,
            "11206656" : 2,
            "11337728" : 8,
            "11468800" : 35,
            "11599872" : 57,
            "11730944" : 115,
            "11862016" : 125,
            "11993088" : 153,
            "12124160" : 178,
            "12255232" : 269,
            "12386304" : 635,
            "12517376" : 2120,
            "12648448" : 7049,
            "12779520" : 21473,
            "12910592" : 49573,
            "13041664" : 77676,
            "13172736" : 92227,
            "13303808" : 96133,
            "13434880" : 97780,
            "13565952" : 99919,
            "13697024" : 99024,
            "13828096" : 91775,
            "13959168" : 75770,
            "14090240" : 62661,
            "14221312" : 57708,
            "14352384" : 56384,
            "14483456" : 53961,
            "14614528" : 46899,
            "14745600" : 37915,
            "14876672" : 33096,
            "15007744" : 29375,
            "15138816" : 24654,
            "15269888" : 19241,
            "15400960" : 14066,
            "15532032" : 10390,
            "15663104" : 6128,
            "15794176" : 3673,
            "15925248" : 2047,
            "16056320" : 1184,
            "16187392" : 659,
            "16318464" : 318,
            "16449536" : 193,
            "16580608" : 117,
            "16711680" : 81,
            "16908288" : 157,
            "17170432" : 239,
            "17432576" : 138,
            "17694720" : 77,
            "17956864" : 38,
            "18219008" : 10,
            "18481152" : 37,
            "18743296" : 26,
            "19005440" : 55,
            "19267584" : 82,
            "19529728" : 69,
            "19791872" : 73,
            "20054016" : 59,
            "20316160" : 90,
            "20578304" : 119,
            "20840448" : 91,
            "21102592" : 73,
            "21364736" : 41,
            "21626880" : 64,
            "21889024" : 48,
            "22151168" : 26,
            "22413312" : 25,
            "22675456" : 13,
            "22937600" : 9,
            "23199744" : 10,
            "23461888" : 9,
            "23724032" : 13,
            "23986176" : 13,
            "24248320" : 12,
            "24510464" : 18,
            "24772608" : 8,
            "25034752" : 26,
            "25296896" : 45,
            "25559040" : 70,
            "25821184" : 92,
            "26083328" : 113,
            "26345472" : 524,
            "26607616" : 2371,
            "26869760" : 4001,
            "27131904" : 2974,
            "27394048" : 2139,
            "27656192" : 1048,
            "27918336" : 934,
            "28180480" : 1308,
            "28442624" : 1180,
            "28704768" : 635,
            "28966912" : 449,
            "29229056" : 344,
            "29491200" : 320,
            "29753344" : 320,
            "30015488" : 332,
            "30277632" : 401,
            "30539776" : 542,
            "30801920" : 809,
            "31064064" : 1041,
            "31326208" : 1401,
            "31588352" : 1852,
            "31850496" : 2619,
            "32112640" : 3778,
            "32374784" : 5362,
            "32636928" : 6950,
            "32899072" : 8997,
            "33161216" : 11041,
            "33423360" : 12696,
            "33816576" : 29402,
            "34340864" : 37265,
            "34865152" : 42941,
            "35389440" : 41077,
            "35913728" : 34093,
            "36438016" : 30387,
            "36962304" : 24036,
            "37486592" : 15865,
            "38010880" : 10854,
            "38535168" : 9088,
            "39059456" : 7827,
            "39583744" : 7023,
            "40108032" : 6299,
            "40632320" : 5377,
            "41156608" : 3927,
            "41680896" : 2699,