{
  "fio version" : "fio-3.8",
  "timestamp" : 1555811796,
  "timestamp_ms" : 1555811796356,
  "time" : "Sat Apr 20 18:56:36 2019",
  "jobs" : [
    {
      "jobname" : "wipc",
      "groupid" : 0,
      "error" : 0,
      "eta" : 0,
      "elapsed" : 1406,
      "job options" : {
        "ioengine" : "libaio",
        "group_reporting" : "1",
        "direct" : "1",
        "rw" : "write",
        "bssplit" : "128KB",
        "numjobs" : "2",
        "iodepth" : "16",
        "size" : "75%",
        "io_size" : "128035676160B",
        "filename" : "/dev/sdb"
      },
      "read" : {
        "io_bytes" : 0,
        "io_kbytes" : 0,
        "bw_bytes" : 0,
        "bw" : 0,
        "iops" : 0.000000,
        "runtime" : 0,
        "total_ios" : 0,
        "short_ios" : 0,
        "drop_ios" : 0,
        "slat_ns" : {
          "min" : 0,
          "max" : 0,
          "mean" : 0.000000,
          "stddev" : 0.000000
        },
        "clat_ns" : {
          "min" : 0,
          "max" : 0,
          "mean" : 0.000000,
          "stddev" : 0.000000,
          "percentile" : {
            "1.000000" : 0,
            "5.000000" : 0,
            "10.000000" : 0,
            "20.000000" : 0,
            "30.000000" : 0,
            "40.000000" : 0,
            "50.000000" : 0,
            "60.000000" : 0,
            "70.000000" : 0,
            "80.000000" : 0,
            "90.000000" : 0,
            "95.000000" : 0,
            "99.000000" : 0,
            "99.500000" : 0,
            "99.900000" : 0,
            "99.950000" : 0,
            "99.990000" : 0
          },
          "bins" : {

          }
        },
        "lat_ns" : {
          "min" : 0,
          "max" : 0,
          "mean" : 0.000000,
          "stddev" : 0.000000
        },
        "bw_min" : 0,
        "bw_max" : 0,
        "bw_agg" : 0.000000,
        "bw_mean" : 0.000000,
        "bw_dev" : 0.000000,
        "bw_samples" : 0,
        "iops_min" : 0,
        "iops_max" : 0,
        "iops_mean" : 0.000000,
        "iops_stddev" : 0.000000,
        "iops_samples" : 0
      },
      "write" : {
        "io_bytes" : 256071434240,
        "io_kbytes" : 250069760,
        "bw_bytes" : 182229103,
        "bw" : 177958,
        "iops" : 1390.297726,
        "runtime" : 1405217,
        "total_ios" : 1953670,
        "short_ios" : 0,
        "drop_ios" : 0,
        "slat_ns" : {
          "min" : 5396,
          "max" : 376398,
          "mean" : 15309.520261,
          "stddev" : 6241.831293
        },
        "clat_ns" : {
          "min" : 513731,
          "max" : 128935338,
          "mean" : 22985253.171550,
          "stddev" : 13960781.297586,
          "percentile" : {
            "1.000000" : 13172736,
            "5.000000" : 13434880,
            "10.000000" : 13565952,
            "20.000000" : 13828096,
            "30.000000" : 14090240,
            "40.000000" : 14352384,
            "50.000000" : 14745600,
            "60.000000" : 15269888,
            "70.000000" : 32374784,
            "80.000000" : 35913728,
            "90.000000" : 40632320,
            "95.000000" : 55836672,
            "99.000000" : 61603840,
            "99.500000" : 63700992,
            "99.900000" : 73924608,
            "99.950000" : 80216064,
            "99.990000" : 93847552
          },
          "bins" : {
            "514048" : 1,
            "1335296" : 1,
            "1433600" : 1,
            "2072576" : 1,
            "2441216" : 1,
            "2867200" : 1,
            "3260416" : 1,
            "3555328" : 1,
            "3948544" : 1,
            "4358144" : 1,
            "4751360" : 1,
            "5144576" : 1,
            "5472256" : 1,
            "5865472" : 1,
            "6258688" : 1,
            "6324224" : 1,
            "6455296" : 1,
            "6586368" : 1,
            "6717440" : 1,
            "6914048" : 2,
            "6979584" : 1,
            "7045120" : 3,
            "7110656" : 5,
            "7176192" : 3,
            "7241728" : 2,
            "7307264" : 7,
            "7372800" : 8,
            "7438336" : 9,
            "7569408" : 1,
            "7634944" : 1,
            "7700480" : 1,
            "7831552" : 1,
            "7897088" : 1,
            "7962624" : 4,
            "8028160" : 1,
            "8093696" : 1,
            "8159232" : 7,
            "8224768" : 2,
            "8290304" : 1,
            "8355840" : 2,
            "8454144" : 7,
            "8585216" : 2,
            "8716288" : 9,
            "8847360" : 26,
            "8978432" : 13,
            "9109504" : 5,
            "9240576" : 3,
            "9371648" : 1,
            "9502720" : 1,
            "9764864" : 2,
            "10027008" : 1,
            "10158080" : 1,
            "10551296" : 2,
            "10682368" : 1,
            "10944512" : 3,
            "11075584" : 1,
            "11337728" : 1,
            "11468800" : 2,
            "11730944" : 2,
            "11862016" : 1,
            "11993088" : 3,
            "12124160" : 4,
            "12255232" : 4,
            "12386304" : 23,
            "12517376" : 54,
            "12648448" : 121,
            "12779520" : 599,
            "12910592" : 2407,
            "13041664" : 6865,
            "13172736" : 15988,
            "13303808" : 33899,
            "13434880" : 63907,
            "13565952" : 95596,
            "13697024" : 108270,
            "13828096" : 105630,
            "13959168" : 100900,
            "14090240" : 95939,
            "14221312" : 93134,
            "14352384" : 85530,
            "14483456" : 74392,
            "14614528" : 59409,
            "14745600" : 51045,
            "14876672" : 48100,
            "15007744" : 49563,
            "15138816" : 49477,
            "15269888" : 47113,
            "15400960" : 39691,
            "15532032" : 31666,
            "15663104" : 23554,
            "15794176" : 16513,
            "15925248" : 11374,
            "16056320" : 7311,
            "16187392" : 5188,
            "16318464" : 3371,
            "16449536" : 2626,
            "16580608" : 1998,
            "16711680" : 1460,
            "16908288" : 2145,
            "17170432" : 1155,
            "17432576" : 633,
            "17694720" : 385,
            "17956864" : 135,
            "18219008" : 68,
            "18481152" : 41,
            "18743296" : 18,
            "19005440" : 29,
            "19267584" : 39,
            "19529728" : 49,
            "19791872" : 65,
            "20054016" : 53,
            "20316160" : 54,
            "20578304" : 57,
            "20840448" : 52,
            "21102592" : 44,
            "21364736" : 32,
            "21626880" : 21,
            "21889024" : 24,
            "22151168" : 17,
            "22413312" : 10,
            "22675456" : 7,
            "22937600" : 3,
            "23199744" : 3,
            "23461888" : 2,
            "23724032" : 3,
            "24248320" : 2,
            "24510464" : 14,
            "24772608" : 6,
            "25034752" : 12,
            "25296896" : 12,
            "25559040" : 19,
            "25821184" : 37,
            "26083328" : 71,
            "26345472" : 58,
            "26607616" : 118,
            "26869760" : 234,
            "27131904" : 896,
            "27394048" : 3586,
            "27656192" : 5363,
            "27918336" : 3109,
            "28180480" : 1484,
            "28442624" : 941,
            "28704768" : 1029,
            "28966912" : 1283,
            "29229056" : 1315,
            "29491200" : 555,
            "29753344" : 319,
            "30015488" : 277,
            "30277632" : 336,
            "30539776" : 418,
            "30801920" : 525,
            "31064064" : 714,
            "31326208" : 972,
            "31588352" : 1181,
            "31850496" : 1616,
            "32112640" : 2180,
            "32374784" : 3160,
            "32636928" : 4403,
            "32899072" : 6117,
            "33161216" : 8127,
            "33423360" : 10259,