{
  "fio version" : "fio-3.8",
  "timestamp" : 1546554968,
  "timestamp_ms" : 1546554968896,
  "time" : "Thu Jan  3 14:36:08 2019",
  "jobs" : [
    {
      "jobname" : "wipc",
      "groupid" : 0,
      "error" : 0,
      "eta" : 0,
      "elapsed" : 1397,
      "job options" : {
        "ioengine" : "libaio",
        "group_reporting" : "1",
        "direct" : "1",
        "rw" : "write",
        "bssplit" : "128KB",
        "numjobs" : "2",
        "iodepth" : "16",
        "size" : "75%",
        "io_size" : "128035676160B",
        "filename" : "/dev/sda"
      },
      "read" : {
        "io_bytes" : 0,
        "io_kbytes" : 0,
        "bw_bytes" : 0,
        "bw" : 0,
        "iops" : 0.000000,
        "runtime" : 0,
        "total_ios" : 0,
        "short_ios" : 0,
        "drop_ios" : 0,
        "slat_ns" : {
          "min" : 0,
          "max" : 0,
          "mean" : 0.000000,
          "stddev" : 0.000000
        },
        "clat_ns" : {
          "min" : 0,
          "max" : 0,
          "mean" : 0.000000,
          "stddev" : 0.000000,
          "percentile" : {
            "1.000000" : 0,
            "5.000000" : 0,
            "10.000000" : 0,
            "20.000000" : 0,
            "30.000000" : 0,
            "40.000000" : 0,
            "50.000000" : 0,
            "60.000000" : 0,
            "70.000000" : 0,
            "80.000000" : 0,
            "90.000000" : 0,
            "95.000000" : 0,
            "99.000000" : 0,
            "99.500000" : 0,
            "99.900000" : 0,
            "99.950000" : 0,
            "99.990000" : 0
          },
          "bins" : {

          }
        },
        "lat_ns" : {
          "min" : 0,
          "max" : 0,
          "mean" : 0.000000,
          "stddev" : 0.000000
        },
        "bw_min" : 0,
        "bw_max" : 0,
        "bw_agg" : 0.000000,
        "bw_mean" : 0.000000,
        "bw_dev" : 0.000000,
        "bw_samples" : 0,
        "iops_min" : 0,
        "iops_max" : 0,
        "iops_mean" : 0.000000,
        "iops_stddev" : 0.000000,
        "iops_samples" : 0
      },
      "write" : {
        "io_bytes" : 256071434240,
        "io_kbytes" : 250069760,
        "bw_bytes" : 183434361,
        "bw" : 179135,
        "iops" : 1399.493117,
        "runtime" : 1395984,
        "total_ios" : 1953670,
        "short_ios" : 0,
        "drop_ios" : 0,
        "slat_ns" : {
          "min" : 5330,
          "max" : 104373,
          "mean" : 11995.205651,
          "stddev" : 3196.875511
        },
        "clat_ns" : {
          "min" : 904511,
          "max" : 124845311,
          "mean" : 22846574.327811,
          "stddev" : 16029720.161160,
          "percentile" : {
            "1.000000" : 12779520,
            "5.000000" : 13041664,
            "10.000000" : 13172736,
            "20.000000" : 13434880,
            "30.000000" : 13697024,
            "40.000000" : 13828096,
            "50.000000" : 14221312,
            "60.000000" : 14614528,
            "70.000000" : 15269888,
            "80.000000" : 35913728,
            "90.000000" : 54788096,
            "95.000000" : 57409536,
            "99.000000" : 63176704,
            "99.500000" : 65273856,
            "99.900000" : 79167488,
            "99.950000" : 87556096,
            "99.990000" : 102236160
          },
          "bins" : {
            "905216" : 1,
            "1466368" : 2,
            "2146304" : 1,
            "2539520" : 1,
            "2932736" : 1,
            "3293184" : 1,
            "3653632" : 1,
            "4014080" : 1,
            "4423680" : 1,
            "4816896" : 1,
            "5144576" : 1,
            "5537792" : 1,
            "5865472" : 1,
            "6324224" : 1,
            "6586368" : 2,
            "6651904" : 1,
            "6979584" : 1,
            "7045120" : 3,
            "7241728" : 1,
            "7307264" : 1,
            "7372800" : 3,
            "7438336" : 10,
            "7503872" : 1,
            "7569408" : 1,
            "7634944" : 1,
            "7700480" : 2,
            "7766016" : 2,
            "7831552" : 2,
            "7897088" : 1,
            "7962624" : 1,
            "8093696" : 1,
            "8159232" : 1,
            "8454144" : 3,
            "8585216" : 5,
            "8716288" : 4,
            "8847360" : 12,
            "8978432" : 5,
            "9109504" : 6,
            "9240576" : 4,
            "9371648" : 10,
            "9502720" : 6,
            "9633792" : 1,
            "9764864" : 4,
            "9895936" : 1,
            "10027008" : 2,
            "10158080" : 7,
            "10289152" : 2,
            "10420224" : 6,
            "10551296" : 4,
            "10682368" : 4,
            "10813440" : 1,
            "10944512" : 5,
            "11206656" : 10,
            "11337728" : 38,
            "11468800" : 55,
            "11599872" : 91,
            "11730944" : 129,
            "11862016" : 119,
            "11993088" : 188,
            "12124160" : 281,
            "12255232" : 303,
            "12386304" : 475,
            "12517376" : 1273,
            "12648448" : 4362,
            "12779520" : 14609,
            "12910592" : 36129,
            "13041664" : 67395,
            "13172736" : 94926,
            "13303808" : 106010,
            "13434880" : 114690,
            "13565952" : 120182,
            "13697024" : 123585,
            "13828096" : 111460,
            "13959168" : 92317,
            "14090240" : 76096,
            "14221312" : 65859,
            "14352384" : 61101,
            "14483456" : 58542,
            "14614528" : 51574,
            "14745600" : 44619,
            "14876672" : 40769,
            "15007744" : 35512,
            "15138816" : 30640,
            "15269888" : 25914,
            "15400960" : 19197,
            "15532032" : 13376,
            "15663104" : 8133,
            "15794176" : 5023,
            "15925248" : 3273,
            "16056320" : 2146,
            "16187392" : 1704,
            "16318464" : 1132,
            "16449536" : 905,
            "16580608" : 611,
            "16711680" : 382,
            "16908288" : 531,
            "17170432" : 360,
            "17432576" : 249,
            "17694720" : 128,
            "17956864" : 70,
            "18219008" : 27,
            "18481152" : 24,
            "18743296" : 39,
            "19005440" : 52,
            "19267584" : 64,
            "19529728" : 96,
            "19791872" : 76,
            "20054016" : 69,
            "20316160" : 105,
            "20578304" : 150,
            "20840448" : 219,
            "21102592" : 230,
            "21364736" : 281,
            "21626880" : 315,
            "21889024" : 357,
            "22151168" : 363,
            "22413312" : 352,
            "22675456" : 287,
            "22937600" : 237,
            "23199744" : 201,
            "23461888" : 180,
            "23724032" : 130,
            "23986176" : 119,
            "24248320" : 110,
            "24510464" : 66,
            "24772608" : 46,
            "25034752" : 33,
            "25296896" : 42,
            "25559040" : 46,
            "25821184" : 56,
            "26083328" : 161,
            "26345472" : 621,
            "26607616" : 2426,
            "26869760" : 3950,
            "27131904" : 2918,
            "27394048" : 1838,
            "27656192" : 1632,
            "27918336" : 1312,
            "28180480" : 1549,
            "28442624" : 1776,
            "28704768" : 1017,
            "28966912" : 506,
            "29229056" : 382,
            "29491200" : 291,
            "29753344" : 234,
            "30015488" : 286,
            "30277632" : 332,
            "30539776" : 307,
            "30801920" : 377,
            "31064064" : 449,
            "31326208" : 572,
            "31588352" : 750,
            "31850496" : 1016,
            "32112640" : 1305,
            "32374784" : 1888,
            "32636928" : 2416,
            "32899072" : 3209,
            "33161216" : 3925,