{
  "fio version" : "fio-3.8",
  "timestamp" : 1552481085,
  "timestamp_ms" : 1552481085534,
  "time" : "Wed Mar 13 12:44:45 2019",
  "jobs" : [
    {
      "jobname" : "wipc",
      "groupid" : 0,
      "error" : 0,
      "eta" : 0,
      "elapsed" : 1440,
      "job options" : {
        "ioengine" : "libaio",
        "group_reporting" : "1",
        "direct" : "1",
        "rw" : "write",
        "bssplit" : "128KB",
        "numjobs" : "2",
        "iodepth" : "16",
        "size" : "75%",
        "io_size" : "128035676160B",
        "filename" : "/dev/sda"
      },
      "read" : {
        "io_bytes" : 0,
        "io_kbytes" : 0,
        "bw_bytes" : 0,
        "bw" : 0,
        "iops" : 0.000000,
        "runtime" : 0,
        "total_ios" : 0,
        "short_ios" : 0,
        "drop_ios" : 0,
        "slat_ns" : {
          "min" : 0,
          "max" : 0,
          "mean" : 0.000000,
          "stddev" : 0.000000
        },
        "clat_ns" : {
          "min" : 0,
          "max" : 0,
          "mean" : 0.000000,
          "stddev" : 0.000000,
          "percentile" : {
            "1.000000" : 0,
            "5.000000" : 0,
            "10.000000" : 0,
            "20.000000" : 0,
            "30.000000" : 0,
            "40.000000" : 0,
            "50.000000" : 0,
            "60.000000" : 0,
            "70.000000" : 0,
            "80.000000" : 0,
            "90.000000" : 0,
            "95.000000" : 0,
            "99.000000" : 0,
            "99.500000" : 0,
            "99.900000" : 0,
            "99.950000" : 0,
            "99.990000" : 0
          },
          "bins" : {

          }
        },
        "lat_ns" : {
          "min" : 0,
          "max" : 0,
          "mean" : 0.000000,
          "stddev" : 0.000000
        },
        "bw_min" : 0,
        "bw_max" : 0,
        "bw_agg" : 0.000000,
        "bw_mean" : 0.000000,
        "bw_dev" : 0.000000,
        "bw_samples" : 0,
        "iops_min" : 0,
        "iops_max" : 0,
        "iops_mean" : 0.000000,
        "iops_stddev" : 0.000000,
        "iops_samples" : 0
      },
      "write" : {
        "io_bytes" : 256071434240,
        "io_kbytes" : 250069760,
        "bw_bytes" : 177891747,
        "bw" : 173722,
        "iops" : 1357.206323,
        "runtime" : 1439479,
        "total_ios" : 1953670,
        "short_ios" : 0,
        "drop_ios" : 0,
        "slat_ns" : {
          "min" : 20417,
          "max" : 62573000,
          "mean" : 60909.754387,
          "stddev" : 129078.151511
        },
        "clat_ns" : {
          "min" : 1834583,
          "max" : 131745542,
          "mean" : 23501539.016703,
          "stddev" : 15690665.490567,
          "percentile" : {
            "1.000000" : 11862016,
            "5.000000" : 12648448,
            "10.000000" : 12779520,
            "20.000000" : 13172736,
            "30.000000" : 13434880,
            "40.000000" : 13697024,
            "50.000000" : 14221312,
            "60.000000" : 14876672,
            "70.000000" : 33423360,
            "80.000000" : 36962304,
            "90.000000" : 54788096,
            "95.000000" : 57409536,
            "99.000000" : 64225280,
            "99.500000" : 66322432,
            "99.900000" : 77070336,
            "99.950000" : 85458944,
            "99.990000" : 100139008
          },
          "bins" : {
            "1826816" : 1,
            "1843200" : 1,
            "1859584" : 2,
            "1875968" : 2,
            "1892352" : 4,
            "1908736" : 8,
            "1925120" : 5,
            "1941504" : 6,
            "1957888" : 4,
            "1974272" : 5,
            "2244608" : 1,
            "2572288" : 2,
            "2605056" : 3,
            "2637824" : 1,
            "2670592" : 1,
            "2801664" : 1,
            "2932736" : 2,
            "2965504" : 2,
            "3555328" : 1,
            "3653632" : 1,
            "3686400" : 3,
            "3719168" : 1,
            "3784704" : 1,
            "3817472" : 1,
            "3883008" : 1,
            "3948544" : 1,
            "4014080" : 2,
            "4046848" : 1,
            "4145152" : 2,
            "4292608" : 5,
            "4358144" : 3,
            "4423680" : 2,
            "4489216" : 11,
            "4554752" : 11,
            "4620288" : 7,
            "4685824" : 3,
            "4751360" : 2,
            "4816896" : 4,
            "4882432" : 6,
            "4947968" : 1,
            "5013504" : 2,
            "5079040" : 5,
            "5144576" : 2,
            "5210112" : 5,
            "5275648" : 7,
            "5341184" : 7,
            "5406720" : 9,
            "5472256" : 10,
            "5537792" : 8,
            "5603328" : 9,
            "5668864" : 31,
            "5734400" : 10,
            "5799936" : 18,
            "5865472" : 36,
            "5931008" : 67,
            "5996544" : 40,
            "6062080" : 75,
            "6127616" : 88,
            "6193152" : 124,
            "6258688" : 162,
            "6324224" : 138,
            "6389760" : 154,
            "6455296" : 207,
            "6520832" : 226,
            "6586368" : 175,
            "6651904" : 189,
            "6717440" : 175,
            "6782976" : 146,
            "6848512" : 159,
            "6914048" : 133,
            "6979584" : 141,
            "7045120" : 136,
            "7110656" : 148,
            "7176192" : 115,
            "7241728" : 89,
            "7307264" : 95,
            "7372800" : 112,
            "7438336" : 78,
            "7503872" : 88,
            "7569408" : 65,
            "7634944" : 58,
            "7700480" : 98,
            "7766016" : 102,
            "7831552" : 55,
            "7897088" : 65,
            "7962624" : 86,
            "8028160" : 100,
            "8093696" : 104,
            "8159232" : 120,
            "8224768" : 102,
            "8290304" : 99,
            "8355840" : 72,
            "8454144" : 185,
            "8585216" : 205,
            "8716288" : 184,
            "8847360" : 151,
            "8978432" : 155,
            "9109504" : 163,
            "9240576" : 218,
            "9371648" : 184,
            "9502720" : 221,
            "9633792" : 242,
            "9764864" : 266,
            "9895936" : 258,
            "10027008" : 266,
            "10158080" : 331,
            "10289152" : 396,
            "10420224" : 420,
            "10551296" : 499,
            "10682368" : 533,
            "10813440" : 655,
            "10944512" : 698,
            "11075584" : 747,
            "11206656" : 801,
            "11337728" : 941,
            "11468800" : 1202,
            "11599872" : 1361,
            "11730944" : 1727,
            "11862016" : 2107,
            "11993088" : 2941,
            "12124160" : 5145,
            "12255232" : 9916,
            "12386304" : 19442,
            "12517376" : 33330,
            "12648448" : 50135,
            "12779520" : 68843,
            "12910592" : 83358,
            "13041664" : 91704,
            "13172736" : 92853,
            "13303808" : 90957,
            "13434880" : 85183,
            "13565952" : 78883,
            "13697024" : 69857,
            "13828096" : 62458,
            "13959168" : 55324,
            "14090240" : 50949,
            "14221312" : 45884,
            "14352384" : 42088,
            "14483456" : 40096,
            "14614528" : 36727,
            "14745600" : 33114,
            "14876672" : 29321,
            "15007744" : 25385,
            "15138816" : 20551,
            "15269888" : 16922,
            "15400960" : 13103,
            "15532032" : 10595,
            "15663104" : 8346,
            "15794176" : 6546,
            "15925248" : 5094,
            "16056320" : 3685,
            "16187392" : 3174,
            "16318464" : 2550,
            "16449536" : 1895,
            "16580608" : 1561,
            "16711680" : 1185,
            "16908288" : 1719,
            "17170432" : 1153,
            "17432576" : 934,
            "17694720" : 679,