{
  "fio version" : "fio-3.8",
  "timestamp" : 1541903311,
  "timestamp_ms" : 1541903311054,
  "time" : "Sat Nov 10 18:28:31 2018",
  "jobs" : [
    {
      "jobname" : "wipc",
      "groupid" : 0,
      "error" : 0,
      "eta" : 0,
      "elapsed" : 1447,
      "job options" : {
        "ioengine" : "libaio",
        "group_reporting" : "1",
        "direct" : "1",
        "rw" : "write",
        "bssplit" : "128KB",
        "numjobs" : "2",
        "iodepth" : "16",
        "size" : "75%",
        "io_size" : "128035676160B",
        "filename" : "/dev/sdb"
      },
      "read" : {
        "io_bytes" : 0,
        "io_kbytes" : 0,
        "bw_bytes" : 0,
        "bw" : 0,
        "iops" : 0.000000,
        "runtime" : 0,
        "total_ios" : 0,
        "short_ios" : 0,
        "drop_ios" : 0,
        "slat_ns" : {
          "min" : 0,
          "max" : 0,
          "mean" : 0.000000,
          "stddev" : 0.000000
        },
        "clat_ns" : {
          "min" : 0,
          "max" : 0,
          "mean" : 0.000000,
          "stddev" : 0.000000,
          "percentile" : {
            "1.000000" : 0,
            "5.000000" : 0,
            "10.000000" : 0,
            "20.000000" : 0,
            "30.000000" : 0,
            "40.000000" : 0,
            "50.000000" : 0,
            "60.000000" : 0,
            "70.000000" : 0,
            "80.000000" : 0,
            "90.000000" : 0,
            "95.000000" : 0,
            "99.000000" : 0,
            "99.500000" : 0,
            "99.900000" : 0,
            "99.950000" : 0,
            "99.990000" : 0
          },
          "bins" : {

          }
        },
        "lat_ns" : {
          "min" : 0,
          "max" : 0,
          "mean" : 0.000000,
          "stddev" : 0.000000
        },
        "bw_min" : 0,
        "bw_max" : 0,
        "bw_agg" : 0.000000,
        "bw_mean" : 0.000000,
        "bw_dev" : 0.000000,
        "bw_samples" : 0,
        "iops_min" : 0,
        "iops_max" : 0,
        "iops_mean" : 0.000000,
        "iops_stddev" : 0.000000,
        "iops_samples" : 0
      },
      "write" : {
        "io_bytes" : 256071434240,
        "io_kbytes" : 250069760,
        "bw_bytes" : 177042374,
        "bw" : 172892,
        "iops" : 1350.726121,
        "runtime" : 1446385,
        "total_ios" : 1953670,
        "short_ios" : 0,
        "drop_ios" : 0,
        "slat_ns" : {
          "min" : 5353,
          "max" : 322167,
          "mean" : 10958.255157,
          "stddev" : 3592.299553
        },
        "clat_ns" : {
          "min" : 860089,
          "max" : 127485772,
          "mean" : 23673812.608150,
          "stddev" : 16119818.959468,
          "percentile" : {
            "1.000000" : 12648448,
            "5.000000" : 12779520,
            "10.000000" : 12910592,
            "20.000000" : 13041664,
            "30.000000" : 13172736,
            "40.000000" : 13303808,
            "50.000000" : 13565952,
            "60.000000" : 14090240,
            "70.000000" : 33423360,
            "80.000000" : 36962304,
            "90.000000" : 54788096,
            "95.000000" : 57409536,
            "99.000000" : 63176704,
            "99.500000" : 65273856,
            "99.900000" : 79167488,
            "99.950000" : 87556096,
            "99.990000" : 102236160
          },
          "bins" : {
            "856064" : 1,
            "1318912" : 1,
            "1335296" : 1,
            "1974272" : 1,
            "2375680" : 1,
            "2703360" : 1,
            "3129344" : 1,
            "3522560" : 1,
            "3817472" : 1,
            "4227072" : 1,
            "4554752" : 1,
            "4947968" : 1,
            "5275648" : 1,
            "5668864" : 1,
            "6062080" : 1,
            "6127616" : 1,
            "6389760" : 1,
            "6651904" : 10,
            "6717440" : 7,
            "6782976" : 1,
            "6848512" : 3,
            "6914048" : 3,
            "6979584" : 2,
            "7045120" : 9,
            "7110656" : 6,
            "7176192" : 14,
            "7241728" : 23,
            "7307264" : 11,
            "7372800" : 15,
            "7438336" : 7,
            "7503872" : 4,
            "7569408" : 3,
            "7634944" : 4,
            "7700480" : 2,
            "7766016" : 3,
            "7831552" : 2,
            "8028160" : 2,
            "8093696" : 1,
            "8224768" : 2,
            "8355840" : 1,
            "8454144" : 12,
            "8585216" : 4,
            "8716288" : 1,
            "8978432" : 4,
            "9371648" : 1,
            "9502720" : 1,
            "9633792" : 4,
            "9764864" : 1,
            "9895936" : 4,
            "10027008" : 3,
            "10289152" : 1,
            "10420224" : 6,
            "10551296" : 6,
            "10682368" : 1,
            "10813440" : 3,
            "10944512" : 5,
            "11075584" : 20,
            "11206656" : 86,
            "11337728" : 190,
            "11468800" : 188,
            "11599872" : 206,
            "11730944" : 233,
            "11862016" : 291,
            "11993088" : 548,
            "12124160" : 791,
            "12255232" : 1327,
            "12386304" : 3274,
            "12517376" : 10485,
            "12648448" : 33766,
            "12779520" : 85709,
            "12910592" : 146385,
            "13041664" : 180632,
            "13172736" : 176021,
            "13303808" : 151479,
            "13434880" : 112925,
            "13565952" : 90885,
            "13697024" : 76633,
            "13828096" : 55423,
            "13959168" : 37470,
            "14090240" : 27577,
            "14221312" : 22008,
            "14352384" : 15778,
            "14483456" : 12639,
            "14614528" : 10604,
            "14745600" : 9798,
            "14876672" : 8494,
            "15007744" : 7300,
            "15138816" : 6829,
            "15269888" : 6301,
            "15400960" : 5399,
            "15532032" : 3977,
            "15663104" : 3212,
            "15794176" : 2265,
            "15925248" : 1894,
            "16056320" : 1482,
            "16187392" : 1067,
            "16318464" : 982,
            "16449536" : 826,
            "16580608" : 733,
            "16711680" : 571,
            "16908288" : 798,
            "17170432" : 392,
            "17432576" : 181,
            "17694720" : 86,
            "17956864" : 59,
            "18219008" : 40,
            "18481152" : 44,
            "18743296" : 88,
            "19005440" : 82,
            "19267584" : 114,
            "19529728" : 132,
            "19791872" : 101,
            "20054016" : 59,
            "20316160" : 80,
            "20578304" : 45,
            "20840448" : 29,
            "21102592" : 14,
            "21364736" : 10,
            "21626880" : 17,
            "21889024" : 18,
            "22151168" : 21,
            "22413312" : 7,
            "22675456" : 33,
            "22937600" : 8,
            "23199744" : 12,
            "23461888" : 8,
            "23724032" : 2,
            "23986176" : 1,
            "24248320" : 1,
            "24510464" : 4,
            "24772608" : 2,
            "25034752" : 7,
            "25296896" : 16,
            "25559040" : 99,
            "25821184" : 302,
            "26083328" : 1242,
            "26345472" : 4848,
            "26607616" : 4554,
            "26869760" : 2568,
            "27131904" : 1488,
            "27394048" : 1049,
            "27656192" : 922,
            "27918336" : 589,
            "28180480" : 352,
            "28442624" : 265,
            "28704768" : 211,
            "28966912" : 189,
            "29229056" : 209,
            "29491200" : 266,
            "29753344" : 277,
            "30015488" : 309,
            "30277632" : 380,
            "30539776" : 429,
            "30801920" : 483,
            "31064064" : 641,
            "31326208" : 853,
            "31588352" : 1194,
            "31850496" : 1682,
            "32112640" : 2018,
            "32374784" : 2697,