{
  "fio version" : "fio-3.8",
  "timestamp" : 1546144560,
  "timestamp_ms" : 1546144560939,
  "time" : "Sat Dec 29 20:36:00 2018",
  "jobs" : [
    {
      "jobname" : "wipc",
      "groupid" : 0,
      "error" : 0,
      "eta" : 0,
      "elapsed" : 1380,
      "job options" : {
        "ioengine" : "libaio",
        "group_reporting" : "1",
        "direct" : "1",
        "rw" : "write",
        "bssplit" : "128KB",
        "numjobs" : "2",
        "iodepth" : "16",
        "size" : "75%",
        "io_size" : "128035676160B",
        "filename" : "/dev/sdb"
      },
      "read" : {
        "io_bytes" : 0,
        "io_kbytes" : 0,
        "bw_bytes" : 0,
        "bw" : 0,
        "iops" : 0.000000,
        "runtime" : 0,
        "total_ios" : 0,
        "short_ios" : 0,
        "drop_ios" : 0,
        "slat_ns" : {
          "min" : 0,
          "max" : 0,
          "mean" : 0.000000,
          "stddev" : 0.000000
        },
        "clat_ns" : {
          "min" : 0,
          "max" : 0,
          "mean" : 0.000000,
          "stddev" : 0.000000,
          "percentile" : {
            "1.000000" : 0,
            "5.000000" : 0,
            "10.000000" : 0,
            "20.000000" : 0,
            "30.000000" : 0,
            "40.000000" : 0,
            "50.000000" : 0,
            "60.000000" : 0,
            "70.000000" : 0,
            "80.000000" : 0,
            "90.000000" : 0,
            "95.000000" : 0,
            "99.000000" : 0,
            "99.500000" : 0,
            "99.900000" : 0,
            "99.950000" : 0,
            "99.990000" : 0
          },
          "bins" : {

          }
        },
        "lat_ns" : {
          "min" : 0,
          "max" : 0,
          "mean" : 0.000000,
          "stddev" : 0.000000
        },
        "bw_min" : 0,
        "bw_max" : 0,
        "bw_agg" : 0.000000,
        "bw_mean" : 0.000000,
        "bw_dev" : 0.000000,
        "bw_samples" : 0,
        "iops_min" : 0,
        "iops_max" : 0,
        "iops_mean" : 0.000000,
        "iops_stddev" : 0.000000,
        "iops_samples" : 0
      },
      "write" : {
        "io_bytes" : 256071434240,
        "io_kbytes" : 250069760,
        "bw_bytes" : 185635551,
        "bw" : 181284,
        "iops" : 1416.286860,
        "runtime" : 1379431,
        "total_ios" : 1953670,
        "short_ios" : 0,
        "drop_ios" : 0,
        "slat_ns" : {
          "min" : 5744,
          "max" : 289854,
          "mean" : 15799.847280,
          "stddev" : 5330.329166
        },
        "clat_ns" : {
          "min" : 492708,
          "max" : 117425173,
          "mean" : 22567256.817809,
          "stddev" : 14493640.778668,
          "percentile" : {
            "1.000000" : 12910592,
            "5.000000" : 13172736,
            "10.000000" : 13434880,
            "20.000000" : 13697024,
            "30.000000" : 13828096,
            "40.000000" : 14221312,
            "50.000000" : 14483456,
            "60.000000" : 15007744,
            "70.000000" : 16187392,
            "80.000000" : 35389440,
            "90.000000" : 52166656,
            "95.000000" : 56360960,
            "99.000000" : 62128128,
            "99.500000" : 64225280,
            "99.900000" : 72876032,
            "99.950000" : 78118912,
            "99.990000" : 92798976
          },
          "bins" : {
            "493568" : 1,
            "1302528" : 1,
            "1400832" : 1,
            "2056192" : 1,
            "2441216" : 1,
            "2834432" : 1,
            "3293184" : 1,
            "3653632" : 1,
            "4014080" : 1,
            "4358144" : 1,
            "4751360" : 1,
            "5406720" : 1,
            "5734400" : 1,
            "6127616" : 1,
            "6324224" : 1,
            "6520832" : 3,
            "6586368" : 1,
            "6651904" : 1,
            "6717440" : 4,
            "6782976" : 3,
            "6848512" : 3,
            "6914048" : 5,
            "6979584" : 11,
            "7045120" : 22,
            "7110656" : 18,
            "7176192" : 13,
            "7241728" : 14,
            "7307264" : 14,
            "7372800" : 17,
            "7438336" : 22,
            "7503872" : 20,
            "7569408" : 15,
            "7634944" : 22,
            "7700480" : 25,
            "7766016" : 19,
            "7831552" : 9,
            "7897088" : 6,
            "7962624" : 16,
            "8028160" : 18,
            "8093696" : 13,
            "8159232" : 15,
            "8224768" : 10,
            "8290304" : 9,
            "8355840" : 9,
            "8454144" : 33,
            "8585216" : 31,
            "8716288" : 16,
            "8847360" : 9,
            "8978432" : 4,
            "9109504" : 5,
            "9240576" : 3,
            "9371648" : 1,
            "9764864" : 1,
            "10027008" : 1,
            "10158080" : 2,
            "10420224" : 2,
            "10682368" : 2,
            "10813440" : 2,
            "10944512" : 1,
            "11075584" : 1,
            "11337728" : 2,
            "11468800" : 2,
            "11730944" : 3,
            "11862016" : 3,
            "11993088" : 17,
            "12124160" : 44,
            "12255232" : 74,
            "12386304" : 166,
            "12517376" : 351,
            "12648448" : 1239,
            "12779520" : 4811,
            "12910592" : 14834,
            "13041664" : 32308,
            "13172736" : 54466,
            "13303808" : 78985,
            "13434880" : 95667,
            "13565952" : 102467,
            "13697024" : 105594,
            "13828096" : 104928,
            "13959168" : 94638,
            "14090240" : 83284,
            "14221312" : 73481,
            "14352384" : 68889,
            "14483456" : 65446,
            "14614528" : 60620,
            "14745600" : 55092,
            "14876672" : 49077,
            "15007744" : 42494,
            "15138816" : 38006,
            "15269888" : 33486,
            "15400960" : 28255,
            "15532032" : 23535,
            "15663104" : 18798,
            "15794176" : 15080,
            "15925248" : 11248,
            "16056320" : 8565,
            "16187392" : 6681,
            "16318464" : 4816,
            "16449536" : 3847,
            "16580608" : 3248,
            "16711680" : 2806,
            "16908288" : 3857,
            "17170432" : 2415,
            "17432576" : 1293,
            "17694720" : 577,
            "17956864" : 277,
            "18219008" : 122,
            "18481152" : 55,
            "18743296" : 53,
            "19005440" : 39,
            "19267584" : 58,
            "19529728" : 85,
            "19791872" : 80,
            "20054016" : 67,
            "20316160" : 65,
            "20578304" : 56,
            "20840448" : 54,
            "21102592" : 72,
            "21364736" : 50,
            "21626880" : 39,
            "21889024" : 21,
            "22151168" : 22,
            "22413312" : 16,
            "22675456" : 20,
            "22937600" : 20,
            "23199744" : 5,
            "23461888" : 7,
            "23986176" : 1,
            "24248320" : 2,
            "24510464" : 1,
            "24772608" : 9,
            "25034752" : 2,
            "25296896" : 15,
            "25559040" : 29,
            "25821184" : 39,
            "26083328" : 40,
            "26345472" : 109,
            "26607616" : 431,
            "26869760" : 2144,
            "27131904" : 4126,
            "27394048" : 2851,
            "27656192" : 1748,
            "27918336" : 1457,
            "28180480" : 1042,
            "28442624" : 1810,
            "28704768" : 1916,
            "28966912" : 1197,
            "29229056" : 659,
            "29491200" : 467,
            "29753344" : 303,
            "30015488" : 297,
            "30277632" : 317,
            "30539776" : 477,
            "30801920" : 621,
            "31064064" : 675,
            "31326208" : 965,
            "31588352" : 1271,
            "31850496" : 1682,
            "32112640" : 2294,