{
  "fio version" : "fio-3.8",
  "timestamp" : 1545053145,
  "timestamp_ms" : 1545053145320,
  "time" : "Mon Dec 17 05:25:45 2018",
  "jobs" : [
    {
      "jobname" : "wipc",
      "groupid" : 0,
      "error" : 0,
      "eta" : 0,
      "elapsed" : 1555,
      "job options" : {
        "ioengine" : "libaio",
        "group_reporting" : "1",
        "direct" : "1",
        "rw" : "write",
        "bssplit" : "128KB",
        "numjobs" : "2",
        "iodepth" : "16",
        "size" : "100%",
        "io_size" : "128035676160B",
        "filename" : "/dev/sdd"
      },
      "read" : {
        "io_bytes" : 0,
        "io_kbytes" : 0,
        "bw_bytes" : 0,
        "bw" : 0,
        "iops" : 0.000000,
        "runtime" : 0,
        "total_ios" : 0,
        "short_ios" : 0,
        "drop_ios" : 0,
        "slat_ns" : {
          "min" : 0,
          "max" : 0,
          "mean" : 0.000000,
          "stddev" : 0.000000
        },
        "clat_ns" : {
          "min" : 0,
          "max" : 0,
          "mean" : 0.000000,
          "stddev" : 0.000000,
          "percentile" : {
            "1.000000" : 0,
            "5.000000" : 0,
            "10.000000" : 0,
            "20.000000" : 0,
            "30.000000" : 0,
            "40.000000" : 0,
            "50.000000" : 0,
            "60.000000" : 0,
            "70.000000" : 0,
            "80.000000" : 0,
            "90.000000" : 0,
            "95.000000" : 0,
            "99.000000" : 0,
            "99.500000" : 0,
            "99.900000" : 0,
            "99.950000" : 0,
            "99.990000" : 0
          },
          "bins" : {

          }
        },
        "lat_ns" : {
          "min" : 0,
          "max" : 0,
          "mean" : 0.000000,
          "stddev" : 0.000000
        },
        "bw_min" : 0,
        "bw_max" : 0,
        "bw_agg" : 0.000000,
        "bw_mean" : 0.000000,
        "bw_dev" : 0.000000,
        "bw_samples" : 0,
        "iops_min" : 0,
        "iops_max" : 0,
        "iops_mean" : 0.000000,
        "iops_stddev" : 0.000000,
        "iops_samples" : 0
      },
      "write" : {
        "io_bytes" : 256071172096,
        "io_kbytes" : 250069504,
        "bw_bytes" : 164732565,
        "bw" : 160871,
        "iops" : 1256.809734,
        "runtime" : 1554466,
        "total_ios" : 1953668,
        "short_ios" : 0,
        "drop_ios" : 0,
        "slat_ns" : {
          "min" : 5534,
          "max" : 375605,
          "mean" : 15156.807643,
          "stddev" : 5288.650722
        },
        "clat_ns" : {
          "min" : 828046,
          "max" : 95227336,
          "mean" : 25442655.175026,
          "stddev" : 17926470.099349,
          "percentile" : {
            "1.000000" : 13172736,
            "5.000000" : 13434880,
            "10.000000" : 13565952,
            "20.000000" : 13959168,
            "30.000000" : 14221312,
            "40.000000" : 14483456,
            "50.000000" : 14876672,
            "60.000000" : 15400960,
            "70.000000" : 17170432,
            "80.000000" : 43778048,
            "90.000000" : 57933824,
            "95.000000" : 60555264,
            "99.000000" : 65273856,
            "99.500000" : 66846720,
            "99.900000" : 73924608,
            "99.950000" : 78118912,
            "99.990000" : 83361792
          },
          "bins" : {
            "831488" : 1,
            "1302528" : 1,
            "1417216" : 1,
            "2088960" : 1,
            "2473984" : 1,
            "2899968" : 1,
            "3293184" : 1,
            "3620864" : 1,
            "4046848" : 1,
            "4423680" : 1,
            "4816896" : 1,
            "5144576" : 1,
            "5537792" : 1,
            "5931008" : 1,
            "6193152" : 1,
            "6258688" : 1,
            "6324224" : 1,
            "6520832" : 1,
            "6586368" : 8,
            "6651904" : 3,
            "6717440" : 5,
            "6782976" : 12,
            "6848512" : 13,
            "6914048" : 7,
            "6979584" : 7,
            "7045120" : 7,
            "7110656" : 11,
            "7176192" : 14,
            "7241728" : 1,
            "7307264" : 4,
            "7372800" : 2,
            "7438336" : 2,
            "7503872" : 2,
            "7569408" : 2,
            "7634944" : 1,
            "7700480" : 1,
            "7766016" : 2,
            "7831552" : 1,
            "7897088" : 3,
            "7962624" : 1,
            "8159232" : 2,
            "8454144" : 3,
            "8585216" : 1,
            "8847360" : 1,
            "8978432" : 2,
            "9109504" : 3,
            "9371648" : 1,
            "9502720" : 1,
            "9895936" : 2,
            "10027008" : 1,
            "10289152" : 2,
            "10682368" : 1,
            "11075584" : 2,
            "11206656" : 1,
            "11468800" : 1,
            "11599872" : 1,
            "11862016" : 2,
            "11993088" : 6,
            "12124160" : 11,
            "12255232" : 43,
            "12386304" : 84,
            "12517376" : 163,
            "12648448" : 377,
            "12779520" : 992,
            "12910592" : 2713,
            "13041664" : 6872,
            "13172736" : 16549,
            "13303808" : 35109,
            "13434880" : 59321,
            "13565952" : 77662,
            "13697024" : 87679,
            "13828096" : 93674,
            "13959168" : 99057,
            "14090240" : 93763,
            "14221312" : 89876,
            "14352384" : 84693,
            "14483456" : 77278,
            "14614528" : 71581,
            "14745600" : 66499,
            "14876672" : 62506,
            "15007744" : 54703,
            "15138816" : 47887,
            "15269888" : 41318,
            "15400960" : 37575,
            "15532032" : 33438,
            "15663104" : 28654,
            "15794176" : 24158,
            "15925248" : 20240,
            "16056320" : 15237,
            "16187392" : 11105,
            "16318464" : 7924,
            "16449536" : 5659,
            "16580608" : 3968,
            "16711680" : 2998,
            "16908288" : 4031,
            "17170432" : 2429,
            "17432576" : 1556,
            "17694720" : 855,
            "17956864" : 369,
            "18219008" : 214,
            "18481152" : 82,
            "18743296" : 66,
            "19005440" : 26,
            "19267584" : 19,
            "19529728" : 32,
            "19791872" : 55,
            "20054016" : 56,
            "20316160" : 49,
            "20578304" : 44,
            "20840448" : 54,
            "21102592" : 92,
            "21364736" : 71,
            "21626880" : 65,
            "21889024" : 76,
            "22151168" : 103,
            "22413312" : 112,
            "22675456" : 107,
            "22937600" : 78,
            "23199744" : 53,
            "23461888" : 46,
            "23724032" : 34,
            "23986176" : 39,
            "24248320" : 30,
            "24510464" : 16,
            "24772608" : 4,
            "25034752" : 3,
            "25296896" : 3,
            "25559040" : 9,
            "25821184" : 13,
            "26083328" : 25,
            "26345472" : 63,
            "26607616" : 135,
            "26869760" : 807,
            "27131904" : 2715,
            "27394048" : 3967,
            "27656192" : 3549,
            "27918336" : 2280,
            "28180480" : 1221,
            "28442624" : 758,
            "28704768" : 753,
            "28966912" : 683,
            "29229056" : 562,
            "29491200" : 247,
            "29753344" : 185,
            "30015488" : 158,
            "30277632" : 149,
            "30539776" : 179,
            "30801920" : 214,
            "31064064" : 223,
            "31326208" : 297,
            "31588352" : 277,
            "31850496" : 353,
            "32112640" : 406,
            "32374784" : 513,
            "32636928" : 625,
            "32899072" : 663,
            "33161216" : 780,
            "33423360" : 945,
            "33816576" : 2827,
            "34340864" : 4736,