{
  "fio version" : "fio-3.8",
  "timestamp" : 1545396377,
  "timestamp_ms" : 1545396377900,
  "time" : "Fri Dec 21 04:46:17 2018",
  "jobs" : [
    {
      "jobname" : "wipc",
      "groupid" : 0,
      "error" : 0,
      "eta" : 0,
      "elapsed" : 1551,
      "job options" : {
        "ioengine" : "libaio",
        "group_reporting" : "1",
        "direct" : "1",
        "rw" : "write",
        "bssplit" : "128KB",
        "numjobs" : "2",
        "iodepth" : "16",
        "size" : "100%",
        "io_size" : "128035676160B",
        "filename" : "/dev/sdd"
      },
      "read" : {
        "io_bytes" : 0,
        "io_kbytes" : 0,
        "bw_bytes" : 0,
        "bw" : 0,
        "iops" : 0.000000,
        "runtime" : 0,
        "total_ios" : 0,
        "short_ios" : 0,
        "drop_ios" : 0,
        "slat_ns" : {
          "min" : 0,
          "max" : 0,
          "mean" : 0.000000,
          "stddev" : 0.000000
        },
        "clat_ns" : {
          "min" : 0,
          "max" : 0,
          "mean" : 0.000000,
          "stddev" : 0.000000,
          "percentile" : {
            "1.000000" : 0,
            "5.000000" : 0,
            "10.000000" : 0,
            "20.000000" : 0,
            "30.000000" : 0,
            "40.000000" : 0,
            "50.000000" : 0,
            "60.000000" : 0,
            "70.000000" : 0,
            "80.000000" : 0,
            "90.000000" : 0,
            "95.000000" : 0,
            "99.000000" : 0,
            "99.500000" : 0,
            "99.900000" : 0,
            "99.950000" : 0,
            "99.990000" : 0
          },
          "bins" : {

          }
        },
        "lat_ns" : {
          "min" : 0,
          "max" : 0,
          "mean" : 0.000000,
          "stddev" : 0.000000
        },
        "bw_min" : 0,
        "bw_max" : 0,
        "bw_agg" : 0.000000,
        "bw_mean" : 0.000000,
        "bw_dev" : 0.000000,
        "bw_samples" : 0,
        "iops_min" : 0,
        "iops_max" : 0,
        "iops_mean" : 0.000000,
        "iops_stddev" : 0.000000,
        "iops_samples" : 0
      },
      "write" : {
        "io_bytes" : 256071172096,
        "io_kbytes" : 250069504,
        "bw_bytes" : 165206461,
        "bw" : 161334,
        "iops" : 1260.425275,
        "runtime" : 1550007,
        "total_ios" : 1953668,
        "short_ios" : 0,
        "drop_ios" : 0,
        "slat_ns" : {
          "min" : 5414,
          "max" : 364683,
          "mean" : 14927.760421,
          "stddev" : 4857.164172
        },
        "clat_ns" : {
          "min" : 855142,
          "max" : 89566557,
          "mean" : 25354632.717604,
          "stddev" : 16579634.301929,
          "percentile" : {
            "1.000000" : 13172736,
            "5.000000" : 13434880,
            "10.000000" : 13565952,
            "20.000000" : 13828096,
            "30.000000" : 14090240,
            "40.000000" : 14483456,
            "50.000000" : 14876672,
            "60.000000" : 15663104,
            "70.000000" : 35389440,
            "80.000000" : 38535168,
            "90.000000" : 56360960,
            "95.000000" : 58982400,
            "99.000000" : 64225280,
            "99.500000" : 66322432,
            "99.900000" : 72876032,
            "99.950000" : 76021760,
            "99.990000" : 81264640
          },
          "bins" : {
            "856064" : 1,
            "1384448" : 1,
            "1400832" : 1,
            "2113536" : 1,
            "2506752" : 1,
            "2867200" : 1,
            "3358720" : 1,
            "3719168" : 1,
            "4046848" : 1,
            "4423680" : 1,
            "4816896" : 1,
            "5144576" : 1,
            "5734400" : 1,
            "6062080" : 1,
            "6324224" : 1,
            "6455296" : 1,
            "6586368" : 1,
            "6651904" : 1,
            "6717440" : 2,
            "6782976" : 2,
            "6848512" : 7,
            "6914048" : 2,
            "6979584" : 7,
            "7045120" : 8,
            "7110656" : 4,
            "7176192" : 4,
            "7241728" : 7,
            "7307264" : 3,
            "7372800" : 23,
            "7438336" : 8,
            "7503872" : 12,
            "7569408" : 13,
            "7634944" : 15,
            "7700480" : 24,
            "7766016" : 10,
            "7831552" : 2,
            "7897088" : 2,
            "7962624" : 2,
            "8093696" : 13,
            "8159232" : 17,
            "8224768" : 8,
            "8290304" : 2,
            "8355840" : 1,
            "8454144" : 5,
            "8585216" : 2,
            "8716288" : 5,
            "8847360" : 4,
            "8978432" : 2,
            "9240576" : 2,
            "9371648" : 1,
            "9633792" : 2,
            "9895936" : 1,
            "10027008" : 2,
            "10289152" : 1,
            "10420224" : 1,
            "10551296" : 1,
            "10813440" : 1,
            "10944512" : 1,
            "11206656" : 1,
            "11730944" : 2,
            "11862016" : 7,
            "11993088" : 22,
            "12124160" : 44,
            "12255232" : 100,
            "12386304" : 190,
            "12517376" : 259,
            "12648448" : 561,
            "12779520" : 1183,
            "12910592" : 3478,
            "13041664" : 9371,
            "13172736" : 25283,
            "13303808" : 49563,
            "13434880" : 71274,
            "13565952" : 85076,
            "13697024" : 92542,
            "13828096" : 96290,
            "13959168" : 94501,
            "14090240" : 86200,
            "14221312" : 77252,
            "14352384" : 69011,
            "14483456" : 62832,
            "14614528" : 60151,
            "14745600" : 55201,
            "14876672" : 50330,
            "15007744" : 44510,
            "15138816" : 38605,
            "15269888" : 35290,
            "15400960" : 31328,
            "15532032" : 27697,
            "15663104" : 23947,
            "15794176" : 19319,
            "15925248" : 15997,
            "16056320" : 12995,
            "16187392" : 9941,
            "16318464" : 7192,
            "16449536" : 5441,
            "16580608" : 4044,
            "16711680" : 3315,
            "16908288" : 4890,
            "17170432" : 3243,
            "17432576" : 2117,
            "17694720" : 1252,
            "17956864" : 710,
            "18219008" : 317,
            "18481152" : 104,
            "18743296" : 52,
            "19005440" : 30,
            "19267584" : 28,
            "19529728" : 30,
            "19791872" : 32,
            "20054016" : 45,
            "20316160" : 29,
            "20578304" : 38,
            "20840448" : 52,
            "21102592" : 93,
            "21364736" : 50,
            "21626880" : 46,
            "21889024" : 52,
            "22151168" : 110,
            "22413312" : 98,
            "22675456" : 68,
            "22937600" : 60,
            "23199744" : 41,
            "23461888" : 56,
            "23724032" : 44,
            "23986176" : 44,
            "24248320" : 24,
            "24510464" : 16,
            "24772608" : 11,
            "25034752" : 20,
            "25296896" : 63,
            "25559040" : 117,
            "25821184" : 120,
            "26083328" : 117,
            "26345472" : 184,
            "26607616" : 424,
            "26869760" : 1387,
            "27131904" : 3191,
            "27394048" : 3296,
            "27656192" : 2589,
            "27918336" : 2158,
            "28180480" : 1617,
            "28442624" : 1196,
            "28704768" : 770,
            "28966912" : 606,
            "29229056" : 365,
            "29491200" : 266,
            "29753344" : 199,
            "30015488" : 223,
            "30277632" : 202,
            "30539776" : 232,
            "30801920" : 262,
            "31064064" : 312,
            "31326208" : 412,
            "31588352" : 444,
            "31850496" : 574,
            "32112640" : 709,
            "32374784" : 914,
            "32636928" : 1089,