{
  "fio version" : "fio-3.8",
  "timestamp" : 1545389301,
  "timestamp_ms" : 1545389301694,
  "time" : "Fri Dec 21 02:48:21 2018",
  "jobs" : [
    {
      "jobname" : "wipc",
      "groupid" : 0,
      "error" : 0,
      "eta" : 0,
      "elapsed" : 1553,
      "job options" : {
        "ioengine" : "libaio",
        "group_reporting" : "1",
        "direct" : "1",
        "rw" : "write",
        "bssplit" : "128KB",
        "numjobs" : "2",
        "iodepth" : "16",
        "size" : "100%",
        "io_size" : "128035676160B",
        "filename" : "/dev/sdd"
      },
      "read" : {
        "io_bytes" : 0,
        "io_kbytes" : 0,
        "bw_bytes" : 0,
        "bw" : 0,
        "iops" : 0.000000,
        "runtime" : 0,
        "total_ios" : 0,
        "short_ios" : 0,
        "drop_ios" : 0,
        "slat_ns" : {
          "min" : 0,
          "max" : 0,
          "mean" : 0.000000,
          "stddev" : 0.000000
        },
        "clat_ns" : {
          "min" : 0,
          "max" : 0,
          "mean" : 0.000000,
          "stddev" : 0.000000,
          "percentile" : {
            "1.000000" : 0,
            "5.000000" : 0,
            "10.000000" : 0,
            "20.000000" : 0,
            "30.000000" : 0,
            "40.000000" : 0,
            "50.000000" : 0,
            "60.000000" : 0,
            "70.000000" : 0,
            "80.000000" : 0,
            "90.000000" : 0,
            "95.000000" : 0,
            "99.000000" : 0,
            "99.500000" : 0,
            "99.900000" : 0,
            "99.950000" : 0,
            "99.990000" : 0
          },
          "bins" : {

          }
        },
        "lat_ns" : {
          "min" : 0,
          "max" : 0,
          "mean" : 0.000000,
          "stddev" : 0.000000
        },
        "bw_min" : 0,
        "bw_max" : 0,
        "bw_agg" : 0.000000,
        "bw_mean" : 0.000000,
        "bw_dev" : 0.000000,
        "bw_samples" : 0,
        "iops_min" : 0,
        "iops_max" : 0,
        "iops_mean" : 0.000000,
        "iops_stddev" : 0.000000,
        "iops_samples" : 0
      },
      "write" : {
        "io_bytes" : 256071172096,
        "io_kbytes" : 250069504,
        "bw_bytes" : 164984106,
        "bw" : 161117,
        "iops" : 1258.728842,
        "runtime" : 1552096,
        "total_ios" : 1953668,
        "short_ios" : 0,
        "drop_ios" : 0,
        "slat_ns" : {
          "min" : 5519,
          "max" : 306065,
          "mean" : 16352.280462,
          "stddev" : 4965.454612
        },
        "clat_ns" : {
          "min" : 848537,
          "max" : 93105274,
          "mean" : 25401844.578784,
          "stddev" : 17157504.686490,
          "percentile" : {
            "1.000000" : 13172736,
            "5.000000" : 13434880,
            "10.000000" : 13565952,
            "20.000000" : 13828096,
            "30.000000" : 14090240,
            "40.000000" : 14483456,
            "50.000000" : 14876672,
            "60.000000" : 15532032,
            "70.000000" : 34865152,
            "80.000000" : 39059456,
            "90.000000" : 57409536,
            "95.000000" : 59506688,
            "99.000000" : 64749568,
            "99.500000" : 66322432,
            "99.900000" : 73924608,
            "99.950000" : 76021760,
            "99.990000" : 82313216
          },
          "bins" : {
            "847872" : 1,
            "1351680" : 1,
            "1400832" : 1,
            "2088960" : 1,
            "2473984" : 1,
            "2867200" : 1,
            "3325952" : 1,
            "3653632" : 1,
            "4079616" : 1,
            "4423680" : 1,
            "4816896" : 1,
            "5275648" : 1,
            "5603328" : 1,
            "5996544" : 1,
            "6455296" : 1,
            "6848512" : 1,
            "7241728" : 1,
            "7569408" : 1,
            "8028160" : 1,
            "8454144" : 1,
            "8847360" : 1,
            "9240576" : 1,
            "10027008" : 1,
            "10420224" : 1,
            "10813440" : 1,
            "11206656" : 1,
            "11337728" : 2,
            "11468800" : 5,
            "11599872" : 19,
            "11730944" : 46,
            "11862016" : 57,
            "11993088" : 81,
            "12124160" : 147,
            "12255232" : 136,
            "12386304" : 221,
            "12517376" : 346,
            "12648448" : 525,
            "12779520" : 1264,
            "12910592" : 3665,
            "13041664" : 11044,
            "13172736" : 25489,
            "13303808" : 46695,
            "13434880" : 68224,
            "13565952" : 83232,
            "13697024" : 92432,
            "13828096" : 94521,
            "13959168" : 92496,
            "14090240" : 86034,
            "14221312" : 76809,
            "14352384" : 69096,
            "14483456" : 63979,
            "14614528" : 61372,
            "14745600" : 57672,
            "14876672" : 54823,
            "15007744" : 49433,
            "15138816" : 43451,
            "15269888" : 38257,
            "15400960" : 33312,
            "15532032" : 29275,
            "15663104" : 25697,
            "15794176" : 21966,
            "15925248" : 18725,
            "16056320" : 15394,
            "16187392" : 12427,
            "16318464" : 9651,
            "16449536" : 7315,
            "16580608" : 5703,
            "16711680" : 4196,
            "16908288" : 5587,
            "17170432" : 4051,
            "17432576" : 3024,
            "17694720" : 1837,
            "17956864" : 920,
            "18219008" : 428,
            "18481152" : 166,
            "18743296" : 101,
            "19005440" : 61,
            "19267584" : 41,
            "19529728" : 56,
            "19791872" : 58,
            "20054016" : 76,
            "20316160" : 68,
            "20578304" : 55,
            "20840448" : 75,
            "21102592" : 108,
            "21364736" : 107,
            "21626880" : 92,
            "21889024" : 78,
            "22151168" : 73,
            "22413312" : 50,
            "22675456" : 53,
            "22937600" : 42,
            "23199744" : 13,
            "23461888" : 4,
            "23724032" : 2,
            "23986176" : 11,
            "24248320" : 19,
            "24510464" : 26,
            "24772608" : 5,
            "25034752" : 20,
            "25296896" : 50,
            "25559040" : 150,
            "25821184" : 149,
            "26083328" : 87,
            "26345472" : 38,
            "26607616" : 207,
            "26869760" : 822,
            "27131904" : 2190,
            "27394048" : 2962,
            "27656192" : 2553,
            "27918336" : 2056,
            "28180480" : 1739,
            "28442624" : 1457,
            "28704768" : 1246,
            "28966912" : 825,
            "29229056" : 515,
            "29491200" : 392,
            "29753344" : 279,
            "30015488" : 236,
            "30277632" : 163,
            "30539776" : 202,
            "30801920" : 222,
            "31064064" : 284,
            "31326208" : 315,
            "31588352" : 320,
            "31850496" : 446,
            "32112640" : 518,
            "32374784" : 694,
            "32636928" : 855,
            "32899072" : 1104,
            "33161216" : 1430,
            "33423360" : 1900,
            "33816576" : 5959,
            "34340864" : 9960,
            "34865152" : 14038,
            "35389440" : 17995,
            "35913728" : 23170,
            "36438016" : 27987,
            "36962304" : 28606,
            "37486592" : 26359,
            "38010880" : 23593,
            "38535168" : 21264,
            "39059456" : 16012,
            "39583744" : 10490,
            "40108032" : 7870,
            "40632320" : 6322,
            "41156608" : 5398,
            "41680896" : 4914,
            "42205184" : 4493,
            "42729472" : 3904,
            "43253760" : 3357,
            "43778048" : 2509,
            "44302336" : 1856,
            "44826624" : 1240,
            "45350912" : 759,