{
  "fio version" : "fio-3.8",
  "timestamp" : 1552276785,
  "timestamp_ms" : 1552276785982,
  "time" : "Sun Mar 10 20:59:45 2019",
  "jobs" : [
    {
      "jobname" : "wipc",
      "groupid" : 0,
      "error" : 0,
      "eta" : 0,
      "elapsed" : 1404,
      "job options" : {
        "ioengine" : "libaio",
        "group_reporting" : "1",
        "direct" : "1",
        "rw" : "write",
        "bssplit" : "128KB",
        "numjobs" : "2",
        "iodepth" : "16",
        "size" : "75%",
        "io_size" : "128035676160B",
        "filename" : "/dev/sdb"
      },
      "read" : {
        "io_bytes" : 0,
        "io_kbytes" : 0,
        "bw_bytes" : 0,
        "bw" : 0,
        "iops" : 0.000000,
        "runtime" : 0,
        "total_ios" : 0,
        "short_ios" : 0,
        "drop_ios" : 0,
        "slat_ns" : {
          "min" : 0,
          "max" : 0,
          "mean" : 0.000000,
          "stddev" : 0.000000
        },
        "clat_ns" : {
          "min" : 0,
          "max" : 0,
          "mean" : 0.000000,
          "stddev" : 0.000000,
          "percentile" : {
            "1.000000" : 0,
            "5.000000" : 0,
            "10.000000" : 0,
            "20.000000" : 0,
            "30.000000" : 0,
            "40.000000" : 0,
            "50.000000" : 0,
            "60.000000" : 0,
            "70.000000" : 0,
            "80.000000" : 0,
            "90.000000" : 0,
            "95.000000" : 0,
            "99.000000" : 0,
            "99.500000" : 0,
            "99.900000" : 0,
            "99.950000" : 0,
            "99.990000" : 0
          },
          "bins" : {

          }
        },
        "lat_ns" : {
          "min" : 0,
          "max" : 0,
          "mean" : 0.000000,
          "stddev" : 0.000000
        },
        "bw_min" : 0,
        "bw_max" : 0,
        "bw_agg" : 0.000000,
        "bw_mean" : 0.000000,
        "bw_dev" : 0.000000,
        "bw_samples" : 0,
        "iops_min" : 0,
        "iops_max" : 0,
        "iops_mean" : 0.000000,
        "iops_stddev" : 0.000000,
        "iops_samples" : 0
      },
      "write" : {
        "io_bytes" : 256071434240,
        "io_kbytes" : 250069760,
        "bw_bytes" : 182411876,
        "bw" : 178136,
        "iops" : 1391.692175,
        "runtime" : 1403809,
        "total_ios" : 1953670,
        "short_ios" : 0,
        "drop_ios" : 0,
        "slat_ns" : {
          "min" : 5628,
          "max" : 326462,
          "mean" : 16434.565418,
          "stddev" : 5243.669734
        },
        "clat_ns" : {
          "min" : 528036,
          "max" : 117071348,
          "mean" : 22962929.081856,
          "stddev" : 15270260.177114,
          "percentile" : {
            "1.000000" : 13041664,
            "5.000000" : 13303808,
            "10.000000" : 13434880,
            "20.000000" : 13697024,
            "30.000000" : 13959168,
            "40.000000" : 14221312,
            "50.000000" : 14614528,
            "60.000000" : 15138816,
            "70.000000" : 15925248,
            "80.000000" : 35913728,
            "90.000000" : 54263808,
            "95.000000" : 56885248,
            "99.000000" : 62652416,
            "99.500000" : 64749568,
            "99.900000" : 76021760,
            "99.950000" : 83361792,
            "99.990000" : 98041856
          },
          "bins" : {
            "528384" : 1,
            "1400832" : 1,
            "1466368" : 1,
            "2211840" : 1,
            "2605056" : 1,
            "3031040" : 1,
            "3489792" : 1,
            "3948544" : 1,
            "4227072" : 1,
            "4620288" : 1,
            "5013504" : 1,
            "5603328" : 1,
            "5931008" : 1,
            "6324224" : 1,
            "6717440" : 1,
            "7110656" : 1,
            "7503872" : 1,
            "7962624" : 1,
            "8355840" : 1,
            "8716288" : 1,
            "9109504" : 1,
            "9502720" : 1,
            "10027008" : 1,
            "10420224" : 1,
            "10813440" : 1,
            "11337728" : 2,
            "11468800" : 1,
            "11730944" : 9,
            "11862016" : 22,
            "11993088" : 64,
            "12124160" : 79,
            "12255232" : 114,
            "12386304" : 132,
            "12517376" : 178,
            "12648448" : 470,
            "12779520" : 2057,
            "12910592" : 7551,
            "13041664" : 19199,
            "13172736" : 36170,
            "13303808" : 59427,
            "13434880" : 83366,
            "13565952" : 96842,
            "13697024" : 101526,
            "13828096" : 99650,
            "13959168" : 97481,
            "14090240" : 93254,
            "14221312" : 87747,
            "14352384" : 77958,
            "14483456" : 68429,
            "14614528" : 62749,
            "14745600" : 59152,
            "14876672" : 55509,
            "15007744" : 50430,
            "15138816" : 45850,
            "15269888" : 40508,
            "15400960" : 35823,
            "15532032" : 30066,
            "15663104" : 24596,
            "15794176" : 19044,
            "15925248" : 14040,
            "16056320" : 10803,
            "16187392" : 8100,
            "16318464" : 6321,
            "16449536" : 4806,
            "16580608" : 3788,
            "16711680" : 2940,
            "16908288" : 4109,
            "17170432" : 2855,
            "17432576" : 1514,
            "17694720" : 728,
            "17956864" : 323,
            "18219008" : 161,
            "18481152" : 56,
            "18743296" : 28,
            "19005440" : 17,
            "19267584" : 35,
            "19529728" : 35,
            "19791872" : 29,
            "20054016" : 48,
            "20316160" : 57,
            "20578304" : 66,
            "20840448" : 66,
            "21102592" : 72,
            "21364736" : 45,
            "21626880" : 63,
            "21889024" : 45,
            "22151168" : 32,
            "22413312" : 33,
            "22675456" : 50,
            "22937600" : 14,
            "23199744" : 12,
            "23461888" : 11,
            "23724032" : 6,
            "23986176" : 11,
            "24248320" : 3,
            "24510464" : 5,
            "24772608" : 13,
            "25034752" : 15,
            "25296896" : 20,
            "25559040" : 17,
            "25821184" : 46,
            "26083328" : 73,
            "26345472" : 102,
            "26607616" : 220,
            "26869760" : 797,
            "27131904" : 3165,
            "27394048" : 4200,
            "27656192" : 3807,
            "27918336" : 2747,
            "28180480" : 1692,
            "28442624" : 1010,
            "28704768" : 782,
            "28966912" : 669,
            "29229056" : 478,
            "29491200" : 343,
            "29753344" : 338,
            "30015488" : 268,
            "30277632" : 297,
            "30539776" : 304,
            "30801920" : 370,
            "31064064" : 439,
            "31326208" : 574,
            "31588352" : 802,
            "31850496" : 1015,
            "32112640" : 1401,
            "32374784" : 1796,
            "32636928" : 2384,
            "32899072" : 3387,
            "33161216" : 4418,
            "33423360" : 5555,
            "33816576" : 14738,
            "34340864" : 19080,
            "34865152" : 23434,
            "35389440" : 26944,
            "35913728" : 27263,
            "36438016" : 24958,
            "36962304" : 21970,
            "37486592" : 18895,
            "38010880" : 14504,
            "38535168" : 10408,
            "39059456" : 7773,
            "39583744" : 6626,
            "40108032" : 5755,
            "40632320" : 5005,
            "41156608" : 4501,
            "41680896" : 3596,
            "42205184" : 2866,
            "42729472" : 2169,
            "43253760" : 1553,
            "43778048" : 1167,
            "44302336" : 724,
            "44826624" : 512,
            "45350912" : 463,
            "45875200" : 328,
            "46399488" : 347,
            "46923776" : 296,