{
  "fio version" : "fio-3.8",
  "timestamp" : 1545863119,
  "timestamp_ms" : 1545863119273,
  "time" : "Wed Dec 26 14:25:19 2018",
  "jobs" : [
    {
      "jobname" : "wipc",
      "groupid" : 0,
      "error" : 0,
      "eta" : 0,
      "elapsed" : 1551,
      "job options" : {
        "ioengine" : "libaio",
        "group_reporting" : "1",
        "direct" : "1",
        "rw" : "write",
        "bssplit" : "128KB",
        "numjobs" : "2",
        "iodepth" : "16",
        "size" : "100%",
        "io_size" : "128035676160B",
        "filename" : "/dev/sdc"
      },
      "read" : {
        "io_bytes" : 0,
        "io_kbytes" : 0,
        "bw_bytes" : 0,
        "bw" : 0,
        "iops" : 0.000000,
        "runtime" : 0,
        "total_ios" : 0,
        "short_ios" : 0,
        "drop_ios" : 0,
        "slat_ns" : {
          "min" : 0,
          "max" : 0,
          "mean" : 0.000000,
          "stddev" : 0.000000
        },
        "clat_ns" : {
          "min" : 0,
          "max" : 0,
          "mean" : 0.000000,
          "stddev" : 0.000000,
          "percentile" : {
            "1.000000" : 0,
            "5.000000" : 0,
            "10.000000" : 0,
            "20.000000" : 0,
            "30.000000" : 0,
            "40.000000" : 0,
            "50.000000" : 0,
            "60.000000" : 0,
            "70.000000" : 0,
            "80.000000" : 0,
            "90.000000" : 0,
            "95.000000" : 0,
            "99.000000" : 0,
            "99.500000" : 0,
            "99.900000" : 0,
            "99.950000" : 0,
            "99.990000" : 0
          },
          "bins" : {

          }
        },
        "lat_ns" : {
          "min" : 0,
          "max" : 0,
          "mean" : 0.000000,
          "stddev" : 0.000000
        },
        "bw_min" : 0,
        "bw_max" : 0,
        "bw_agg" : 0.000000,
        "bw_mean" : 0.000000,
        "bw_dev" : 0.000000,
        "bw_samples" : 0,
        "iops_min" : 0,
        "iops_max" : 0,
        "iops_mean" : 0.000000,
        "iops_stddev" : 0.000000,
        "iops_samples" : 0
      },
      "write" : {
        "io_bytes" : 256071172096,
        "io_kbytes" : 250069504,
        "bw_bytes" : 165141364,
        "bw" : 161270,
        "iops" : 1259.928622,
        "runtime" : 1550618,
        "total_ios" : 1953668,
        "short_ios" : 0,
        "drop_ios" : 0,
        "slat_ns" : {
          "min" : 5381,
          "max" : 380390,
          "mean" : 15876.415137,
          "stddev" : 5097.832717
        },
        "clat_ns" : {
          "min" : 837383,
          "max" : 105828340,
          "mean" : 25379160.962405,
          "stddev" : 15847042.342168,
          "percentile" : {
            "1.000000" : 13172736,
            "5.000000" : 13434880,
            "10.000000" : 13565952,
            "20.000000" : 13828096,
            "30.000000" : 14090240,
            "40.000000" : 14352384,
            "50.000000" : 14876672,
            "60.000000" : 15663104,
            "70.000000" : 35913728,
            "80.000000" : 38010880,
            "90.000000" : 55836672,
            "95.000000" : 58458112,
            "99.000000" : 63700992,
            "99.500000" : 65798144,
            "99.900000" : 71827456,
            "99.950000" : 74973184,
            "99.990000" : 80216064
          },
          "bins" : {
            "839680" : 1,
            "1335296" : 1,
            "1384448" : 1,
            "2039808" : 1,
            "2408448" : 1,
            "2736128" : 1,
            "3129344" : 1,
            "3457024" : 1,
            "3850240" : 1,
            "4177920" : 1,
            "4554752" : 1,
            "4882432" : 1,
            "5275648" : 1,
            "5603328" : 1,
            "5996544" : 1,
            "6324224" : 1,
            "6717440" : 1,
            "7110656" : 1,
            "7438336" : 1,
            "7831552" : 1,
            "8224768" : 1,
            "8585216" : 1,
            "9109504" : 1,
            "9502720" : 1,
            "9895936" : 1,
            "10158080" : 1,
            "10551296" : 1,
            "11075584" : 1,
            "11206656" : 1,
            "11468800" : 2,
            "11599872" : 1,
            "11730944" : 2,
            "11862016" : 8,
            "11993088" : 21,
            "12124160" : 32,
            "12255232" : 111,
            "12386304" : 157,
            "12517376" : 267,
            "12648448" : 662,
            "12779520" : 1598,
            "12910592" : 4224,
            "13041664" : 10433,
            "13172736" : 24008,
            "13303808" : 45643,
            "13434880" : 68543,
            "13565952" : 83467,
            "13697024" : 97006,
            "13828096" : 101981,
            "13959168" : 101640,
            "14090240" : 96598,
            "14221312" : 86400,
            "14352384" : 73287,
            "14483456" : 64667,
            "14614528" : 56924,
            "14745600" : 52847,
            "14876672" : 45715,
            "15007744" : 39485,
            "15138816" : 34221,
            "15269888" : 29406,
            "15400960" : 26284,
            "15532032" : 22200,
            "15663104" : 18960,
            "15794176" : 13255,
            "15925248" : 9376,
            "16056320" : 6339,
            "16187392" : 3974,
            "16318464" : 2547,
            "16449536" : 1439,
            "16580608" : 930,
            "16711680" : 538,
            "16908288" : 490,
            "17170432" : 200,
            "17432576" : 153,
            "17694720" : 152,
            "17956864" : 97,
            "18219008" : 74,
            "18481152" : 49,
            "18743296" : 25,
            "19005440" : 9,
            "19267584" : 23,
            "19529728" : 34,
            "19791872" : 45,
            "20054016" : 61,
            "20316160" : 67,
            "20578304" : 67,
            "20840448" : 57,
            "21102592" : 56,
            "21364736" : 32,
            "21626880" : 35,
            "21889024" : 24,
            "22151168" : 19,
            "22413312" : 5,
            "22675456" : 11,
            "23986176" : 2,
            "24510464" : 2,
            "24772608" : 1,
            "25034752" : 1,
            "25296896" : 2,
            "25559040" : 6,
            "25821184" : 28,
            "26083328" : 56,
            "26345472" : 74,
            "26607616" : 159,
            "26869760" : 967,
            "27131904" : 2923,
            "27394048" : 4734,
            "27656192" : 3481,
            "27918336" : 2015,
            "28180480" : 943,
            "28442624" : 543,
            "28704768" : 562,
            "28966912" : 405,
            "29229056" : 214,
            "29491200" : 166,
            "29753344" : 158,
            "30015488" : 133,
            "30277632" : 199,
            "30539776" : 246,
            "30801920" : 291,
            "31064064" : 363,
            "31326208" : 398,
            "31588352" : 548,
            "31850496" : 605,
            "32112640" : 784,
            "32374784" : 1055,
            "32636928" : 1409,
            "32899072" : 1817,
            "33161216" : 2399,
            "33423360" : 3568,
            "33816576" : 11446,
            "34340864" : 18887,
            "34865152" : 26252,
            "35389440" : 33389,
            "35913728" : 41724,
            "36438016" : 50165,
            "36962304" : 49506,
            "37486592" : 43946,
            "38010880" : 38423,
            "38535168" : 33064,
            "39059456" : 23475,
            "39583744" : 16272,
            "40108032" : 12115,
            "40632320" : 9972,
            "41156608" : 8731,
            "41680896" : 8184,
            "42205184" : 7571,
            "42729472" : 6450,
            "43253760" : 4923,
            "43778048" : 3444,
            "44302336" : 2202,
            "44826624" : 1382,
            "45350912" : 712,
            "45875200" : 343,
            "46399488" : 156,
            "46923776" : 139,
            "47448064" : 144,