{
  "fio version" : "fio-3.8",
  "timestamp" : 1542860192,
  "timestamp_ms" : 1542860192934,
  "time" : "Wed Nov 21 20:16:32 2018",
  "jobs" : [
    {
      "jobname" : "wipc",
      "groupid" : 0,
      "error" : 0,
      "eta" : 0,
      "elapsed" : 1492,
      "job options" : {
        "ioengine" : "libaio",
        "group_reporting" : "1",
        "direct" : "1",
        "rw" : "write",
        "bssplit" : "128KB",
        "numjobs" : "2",
        "iodepth" : "16",
        "size" : "100%",
        "io_size" : "128035676160B",
        "filename" : "/dev/sdb"
      },
      "read" : {
        "io_bytes" : 0,
        "io_kbytes" : 0,
        "bw_bytes" : 0,
        "bw" : 0,
        "iops" : 0.000000,
        "runtime" : 0,
        "total_ios" : 0,
        "short_ios" : 0,
        "drop_ios" : 0,
        "slat_ns" : {
          "min" : 0,
          "max" : 0,
          "mean" : 0.000000,
          "stddev" : 0.000000
        },
        "clat_ns" : {
          "min" : 0,
          "max" : 0,
          "mean" : 0.000000,
          "stddev" : 0.000000,
          "percentile" : {
            "1.000000" : 0,
            "5.000000" : 0,
            "10.000000" : 0,
            "20.000000" : 0,
            "30.000000" : 0,
            "40.000000" : 0,
            "50.000000" : 0,
            "60.000000" : 0,
            "70.000000" : 0,
            "80.000000" : 0,
            "90.000000" : 0,
            "95.000000" : 0,
            "99.000000" : 0,
            "99.500000" : 0,
            "99.900000" : 0,
            "99.950000" : 0,
            "99.990000" : 0
          },
          "bins" : {

          }
        },
        "lat_ns" : {
          "min" : 0,
          "max" : 0,
          "mean" : 0.000000,
          "stddev" : 0.000000
        },
        "bw_min" : 0,
        "bw_max" : 0,
        "bw_agg" : 0.000000,
        "bw_mean" : 0.000000,
        "bw_dev" : 0.000000,
        "bw_samples" : 0,
        "iops_min" : 0,
        "iops_max" : 0,
        "iops_mean" : 0.000000,
        "iops_stddev" : 0.000000,
        "iops_samples" : 0
      },
      "write" : {
        "io_bytes" : 256071172096,
        "io_kbytes" : 250069504,
        "bw_bytes" : 171722353,
        "bw" : 167697,
        "iops" : 1310.137588,
        "runtime" : 1491193,
        "total_ios" : 1953668,
        "short_ios" : 0,
        "drop_ios" : 0,
        "slat_ns" : {
          "min" : 5362,
          "max" : 506135,
          "mean" : 13158.699037,
          "stddev" : 3751.182167
        },
        "clat_ns" : {
          "min" : 803562,
          "max" : 102029301,
          "mean" : 24396540.935054,
          "stddev" : 16184022.909689,
          "percentile" : {
            "1.000000" : 12648448,
            "5.000000" : 12910592,
            "10.000000" : 13041664,
            "20.000000" : 13303808,
            "30.000000" : 13565952,
            "40.000000" : 13959168,
            "50.000000" : 14352384,
            "60.000000" : 14876672,
            "70.000000" : 33816576,
            "80.000000" : 36962304,
            "90.000000" : 54788096,
            "95.000000" : 56885248,
            "99.000000" : 62128128,
            "99.500000" : 63700992,
            "99.900000" : 71827456,
            "99.950000" : 73924608,
            "99.990000" : 80216064
          },
          "bins" : {
            "806912" : 1,
            "1269760" : 1,
            "1351680" : 1,
            "1662976" : 1,
            "2310144" : 1,
            "2703360" : 1,
            "3096576" : 1,
            "3489792" : 1,
            "3850240" : 1,
            "4227072" : 1,
            "4554752" : 1,
            "4882432" : 1,
            "5341184" : 1,
            "5734400" : 1,
            "5996544" : 1,
            "6389760" : 1,
            "6717440" : 1,
            "7110656" : 1,
            "7438336" : 1,
            "7766016" : 1,
            "8159232" : 1,
            "8454144" : 1,
            "9371648" : 1,
            "9764864" : 1,
            "10158080" : 1,
            "10551296" : 1,
            "11337728" : 2,
            "11468800" : 4,
            "11599872" : 10,
            "11730944" : 28,
            "11862016" : 54,
            "11993088" : 130,
            "12124160" : 237,
            "12255232" : 385,
            "12386304" : 1533,
            "12517376" : 5550,
            "12648448" : 17790,
            "12779520" : 38330,
            "12910592" : 65323,
            "13041664" : 86624,
            "13172736" : 94621,
            "13303808" : 96797,
            "13434880" : 99197,
            "13565952" : 97485,
            "13697024" : 92450,
            "13828096" : 78687,
            "13959168" : 64288,
            "14090240" : 60742,
            "14221312" : 61778,
            "14352384" : 58129,
            "14483456" : 50389,
            "14614528" : 40156,
            "14745600" : 35632,
            "14876672" : 32347,
            "15007744" : 28135,
            "15138816" : 23194,
            "15269888" : 17978,
            "15400960" : 13808,
            "15532032" : 9502,
            "15663104" : 6646,
            "15794176" : 5030,
            "15925248" : 3622,
            "16056320" : 2761,
            "16187392" : 2159,
            "16318464" : 1687,
            "16449536" : 1376,
            "16580608" : 1181,
            "16711680" : 867,
            "16908288" : 1386,
            "17170432" : 710,
            "17432576" : 336,
            "17694720" : 151,
            "17956864" : 71,
            "18219008" : 58,
            "18481152" : 36,
            "18743296" : 38,
            "19005440" : 66,
            "19267584" : 88,
            "19529728" : 113,
            "19791872" : 117,
            "20054016" : 124,
            "20316160" : 122,
            "20578304" : 105,
            "20840448" : 89,
            "21102592" : 58,
            "21364736" : 72,
            "21626880" : 50,
            "21889024" : 31,
            "22151168" : 18,
            "22413312" : 12,
            "22675456" : 4,
            "22937600" : 5,
            "23199744" : 1,
            "23461888" : 6,
            "23724032" : 4,
            "23986176" : 2,
            "24248320" : 1,
            "24510464" : 6,
            "24772608" : 7,
            "25034752" : 8,
            "25296896" : 26,
            "25559040" : 55,
            "25821184" : 77,
            "26083328" : 123,
            "26345472" : 252,
            "26607616" : 802,
            "26869760" : 2013,
            "27131904" : 2812,
            "27394048" : 1841,
            "27656192" : 1235,
            "27918336" : 1218,
            "28180480" : 1485,
            "28442624" : 1953,
            "28704768" : 1582,
            "28966912" : 1092,
            "29229056" : 793,
            "29491200" : 634,
            "29753344" : 596,
            "30015488" : 711,
            "30277632" : 700,
            "30539776" : 676,
            "30801920" : 676,
            "31064064" : 822,
            "31326208" : 1027,
            "31588352" : 1347,
            "31850496" : 1934,
            "32112640" : 2681,
            "32374784" : 3781,
            "32636928" : 4809,
            "32899072" : 6224,
            "33161216" : 7443,
            "33423360" : 9075,
            "33816576" : 22584,
            "34340864" : 29833,
            "34865152" : 35146,
            "35389440" : 35398,
            "35913728" : 32066,
            "36438016" : 28593,
            "36962304" : 23253,
            "37486592" : 15862,
            "38010880" : 10607,
            "38535168" : 8454,
            "39059456" : 7110,
            "39583744" : 6248,
            "40108032" : 5749,
            "40632320" : 5311,
            "41156608" : 4375,
            "41680896" : 3151,
            "42205184" : 2099,
            "42729472" : 1257,
            "43253760" : 826,
            "43778048" : 529,
            "44302336" : 502,
            "44826624" : 467,
            "45350912" : 413,
            "45875200" : 438,