{
  "fio version" : "fio-3.8",
  "timestamp" : 1552222446,
  "timestamp_ms" : 1552222446166,
  "time" : "Sun Mar 10 05:54:06 2019",
  "jobs" : [
    {
      "jobname" : "wipc",
      "groupid" : 0,
      "error" : 0,
      "eta" : 0,
      "elapsed" : 1413,
      "job options" : {
        "ioengine" : "libaio",
        "group_reporting" : "1",
        "direct" : "1",
        "rw" : "write",
        "bssplit" : "128KB",
        "numjobs" : "2",
        "iodepth" : "16",
        "size" : "75%",
        "io_size" : "128035676160B",
        "filename" : "/dev/sda"
      },
      "read" : {
        "io_bytes" : 0,
        "io_kbytes" : 0,
        "bw_bytes" : 0,
        "bw" : 0,
        "iops" : 0.000000,
        "runtime" : 0,
        "total_ios" : 0,
        "short_ios" : 0,
        "drop_ios" : 0,
        "slat_ns" : {
          "min" : 0,
          "max" : 0,
          "mean" : 0.000000,
          "stddev" : 0.000000
        },
        "clat_ns" : {
          "min" : 0,
          "max" : 0,
          "mean" : 0.000000,
          "stddev" : 0.000000,
          "percentile" : {
            "1.000000" : 0,
            "5.000000" : 0,
            "10.000000" : 0,
            "20.000000" : 0,
            "30.000000" : 0,
            "40.000000" : 0,
            "50.000000" : 0,
            "60.000000" : 0,
            "70.000000" : 0,
            "80.000000" : 0,
            "90.000000" : 0,
            "95.000000" : 0,
            "99.000000" : 0,
            "99.500000" : 0,
            "99.900000" : 0,
            "99.950000" : 0,
            "99.990000" : 0
          },
          "bins" : {

          }
        },
        "lat_ns" : {
          "min" : 0,
          "max" : 0,
          "mean" : 0.000000,
          "stddev" : 0.000000
        },
        "bw_min" : 0,
        "bw_max" : 0,
        "bw_agg" : 0.000000,
        "bw_mean" : 0.000000,
        "bw_dev" : 0.000000,
        "bw_samples" : 0,
        "iops_min" : 0,
        "iops_max" : 0,
        "iops_mean" : 0.000000,
        "iops_stddev" : 0.000000,
        "iops_samples" : 0
      },
      "write" : {
        "io_bytes" : 256071434240,
        "io_kbytes" : 250069760,
        "bw_bytes" : 181347156,
        "bw" : 177096,
        "iops" : 1383.569007,
        "runtime" : 1412051,
        "total_ios" : 1953670,
        "short_ios" : 0,
        "drop_ios" : 0,
        "slat_ns" : {
          "min" : 5295,
          "max" : 330311,
          "mean" : 13537.846757,
          "stddev" : 2798.801180
        },
        "clat_ns" : {
          "min" : 917355,
          "max" : 116951115,
          "mean" : 23102266.619360,
          "stddev" : 15513408.832387,
          "percentile" : {
            "1.000000" : 12910592,
            "5.000000" : 13172736,
            "10.000000" : 13303808,
            "20.000000" : 13565952,
            "30.000000" : 13828096,
            "40.000000" : 14090240,
            "50.000000" : 14483456,
            "60.000000" : 14876672,
            "70.000000" : 15925248,
            "80.000000" : 36438016,
            "90.000000" : 54263808,
            "95.000000" : 56885248,
            "99.000000" : 62652416,
            "99.500000" : 64749568,
            "99.900000" : 77070336,
            "99.950000" : 83361792,
            "99.990000" : 96993280
          },
          "bins" : {
            "913408" : 1,
            "1384448" : 1,
            "1449984" : 1,
            "2211840" : 1,
            "2506752" : 1,
            "2932736" : 1,
            "3358720" : 1,
            "3719168" : 1,
            "4079616" : 1,
            "4489216" : 1,
            "4882432" : 1,
            "5275648" : 1,
            "5668864" : 1,
            "5996544" : 1,
            "6324224" : 1,
            "6717440" : 1,
            "7176192" : 1,
            "7503872" : 2,
            "7700480" : 3,
            "7897088" : 2,
            "8159232" : 1,
            "8290304" : 2,
            "8585216" : 1,
            "8716288" : 1,
            "8978432" : 2,
            "9109504" : 1,
            "9371648" : 2,
            "9502720" : 1,
            "9633792" : 1,
            "9764864" : 2,
            "9895936" : 1,
            "10027008" : 1,
            "10158080" : 1,
            "10289152" : 1,
            "10420224" : 1,
            "10551296" : 4,
            "10813440" : 2,
            "10944512" : 1,
            "11206656" : 1,
            "11337728" : 1,
            "11468800" : 1,
            "11599872" : 1,
            "11730944" : 2,
            "11862016" : 5,
            "11993088" : 21,
            "12124160" : 48,
            "12255232" : 57,
            "12386304" : 179,
            "12517376" : 454,
            "12648448" : 1786,
            "12779520" : 7008,
            "12910592" : 23706,
            "13041664" : 51686,
            "13172736" : 79784,
            "13303808" : 95916,
            "13434880" : 102084,
            "13565952" : 102498,
            "13697024" : 104766,
            "13828096" : 102156,
            "13959168" : 93035,
            "14090240" : 75103,
            "14221312" : 61216,
            "14352384" : 56239,
            "14483456" : 58132,
            "14614528" : 59767,
            "14745600" : 56516,
            "14876672" : 50137,
            "15007744" : 43000,
            "15138816" : 36549,
            "15269888" : 31408,
            "15400960" : 25259,
            "15532032" : 19898,
            "15663104" : 14833,
            "15794176" : 10453,
            "15925248" : 7738,
            "16056320" : 5959,
            "16187392" : 4309,
            "16318464" : 3499,
            "16449536" : 2797,
            "16580608" : 2567,
            "16711680" : 1934,
            "16908288" : 2952,
            "17170432" : 1560,
            "17432576" : 700,
            "17694720" : 239,
            "17956864" : 142,
            "18219008" : 114,
            "18481152" : 68,
            "18743296" : 34,
            "19005440" : 49,
            "19267584" : 37,
            "19529728" : 60,
            "19791872" : 56,
            "20054016" : 58,
            "20316160" : 64,
            "20578304" : 62,
            "20840448" : 55,
            "21102592" : 57,
            "21364736" : 54,
            "21626880" : 47,
            "21889024" : 20,
            "22151168" : 30,
            "22413312" : 22,
            "22675456" : 16,
            "22937600" : 12,
            "23199744" : 40,
            "23461888" : 3,
            "23724032" : 7,
            "23986176" : 6,
            "24248320" : 6,
            "24510464" : 3,
            "24772608" : 9,
            "25034752" : 6,
            "25296896" : 12,
            "25559040" : 33,
            "25821184" : 52,
            "26083328" : 158,
            "26345472" : 216,
            "26607616" : 736,
            "26869760" : 2367,
            "27131904" : 4354,
            "27394048" : 3123,
            "27656192" : 1916,
            "27918336" : 1466,
            "28180480" : 1352,
            "28442624" : 1738,
            "28704768" : 1174,
            "28966912" : 554,
            "29229056" : 288,
            "29491200" : 199,
            "29753344" : 209,
            "30015488" : 252,
            "30277632" : 295,
            "30539776" : 337,
            "30801920" : 439,
            "31064064" : 525,
            "31326208" : 689,
            "31588352" : 833,
            "31850496" : 1121,
            "32112640" : 1489,
            "32374784" : 2045,
            "32636928" : 2679,
            "32899072" : 3375,
            "33161216" : 4567,
            "33423360" : 5481,
            "33816576" : 13834,
            "34340864" : 17273,
            "34865152" : 22840,
            "35389440" : 27839,
            "35913728" : 27690,
            "36438016" : 24414,
            "36962304" : 24727,
            "37486592" : 21838,
            "38010880" : 14762,
            "38535168" : 10236,
            "39059456" : 8250,
            "39583744" : 6545,