{
  "fio version" : "fio-3.8",
  "timestamp" : 1553208456,
  "timestamp_ms" : 1553208456882,
  "time" : "Thu Mar 21 15:47:36 2019",
  "jobs" : [
    {
      "jobname" : "wipc",
      "groupid" : 0,
      "error" : 0,
      "eta" : 0,
      "elapsed" : 1404,
      "job options" : {
        "ioengine" : "libaio",
        "group_reporting" : "1",
        "direct" : "1",
        "rw" : "write",
        "bssplit" : "128KB",
        "numjobs" : "2",
        "iodepth" : "16",
        "size" : "75%",
        "io_size" : "128035676160B",
        "filename" : "/dev/sdg"
      },
      "read" : {
        "io_bytes" : 0,
        "io_kbytes" : 0,
        "bw_bytes" : 0,
        "bw" : 0,
        "iops" : 0.000000,
        "runtime" : 0,
        "total_ios" : 0,
        "short_ios" : 0,
        "drop_ios" : 0,
        "slat_ns" : {
          "min" : 0,
          "max" : 0,
          "mean" : 0.000000,
          "stddev" : 0.000000
        },
        "clat_ns" : {
          "min" : 0,
          "max" : 0,
          "mean" : 0.000000,
          "stddev" : 0.000000,
          "percentile" : {
            "1.000000" : 0,
            "5.000000" : 0,
            "10.000000" : 0,
            "20.000000" : 0,
            "30.000000" : 0,
            "40.000000" : 0,
            "50.000000" : 0,
            "60.000000" : 0,
            "70.000000" : 0,
            "80.000000" : 0,
            "90.000000" : 0,
            "95.000000" : 0,
            "99.000000" : 0,
            "99.500000" : 0,
            "99.900000" : 0,
            "99.950000" : 0,
            "99.990000" : 0
          },
          "bins" : {

          }
        },
        "lat_ns" : {
          "min" : 0,
          "max" : 0,
          "mean" : 0.000000,
          "stddev" : 0.000000
        },
        "bw_min" : 0,
        "bw_max" : 0,
        "bw_agg" : 0.000000,
        "bw_mean" : 0.000000,
        "bw_dev" : 0.000000,
        "bw_samples" : 0,
        "iops_min" : 0,
        "iops_max" : 0,
        "iops_mean" : 0.000000,
        "iops_stddev" : 0.000000,
        "iops_samples" : 0
      },
      "write" : {
        "io_bytes" : 256071434240,
        "io_kbytes" : 250069760,
        "bw_bytes" : 182426171,
        "bw" : 178150,
        "iops" : 1391.801234,
        "runtime" : 1403699,
        "total_ios" : 1953670,
        "short_ios" : 0,
        "drop_ios" : 0,
        "slat_ns" : {
          "min" : 5878,
          "max" : 352921,
          "mean" : 17493.748270,
          "stddev" : 5269.741636
        },
        "clat_ns" : {
          "min" : 846989,
          "max" : 127672535,
          "mean" : 22969294.138151,
          "stddev" : 15468533.258527,
          "percentile" : {
            "1.000000" : 12648448,
            "5.000000" : 12910592,
            "10.000000" : 13041664,
            "20.000000" : 13303808,
            "30.000000" : 13565952,
            "40.000000" : 13828096,
            "50.000000" : 14221312,
            "60.000000" : 14614528,
            "70.000000" : 15794176,
            "80.000000" : 35389440,
            "90.000000" : 53739520,
            "95.000000" : 55836672,
            "99.000000" : 61603840,
            "99.500000" : 64225280,
            "99.900000" : 80216064,
            "99.950000" : 88604672,
            "99.990000" : 106430464
          },
          "bins" : {
            "847872" : 1,
            "1368064" : 1,
            "1384448" : 1,
            "2072576" : 1,
            "2441216" : 1,
            "2801664" : 1,
            "3227648" : 1,
            "3588096" : 1,
            "3948544" : 1,
            "4292608" : 1,
            "4685824" : 1,
            "5144576" : 1,
            "5537792" : 1,
            "5865472" : 1,
            "6193152" : 1,
            "6651904" : 1,
            "6979584" : 1,
            "7372800" : 1,
            "7700480" : 1,
            "8093696" : 1,
            "8454144" : 1,
            "8847360" : 1,
            "9502720" : 1,
            "9895936" : 1,
            "10289152" : 1,
            "10682368" : 1,
            "11206656" : 1,
            "11337728" : 11,
            "11468800" : 34,
            "11599872" : 40,
            "11730944" : 96,
            "11862016" : 130,
            "11993088" : 145,
            "12124160" : 205,
            "12255232" : 345,
            "12386304" : 1074,
            "12517376" : 5185,
            "12648448" : 18500,
            "12779520" : 45590,
            "12910592" : 75456,
            "13041664" : 93138,
            "13172736" : 99756,
            "13303808" : 101487,
            "13434880" : 102041,
            "13565952" : 100094,
            "13697024" : 93545,
            "13828096" : 82648,
            "13959168" : 71234,
            "14090240" : 64144,
            "14221312" : 62500,
            "14352384" : 61067,
            "14483456" : 57429,
            "14614528" : 49438,
            "14745600" : 40957,
            "14876672" : 34691,
            "15007744" : 29382,
            "15138816" : 23835,
            "15269888" : 18553,
            "15400960" : 14190,
            "15532032" : 9681,
            "15663104" : 6835,
            "15794176" : 4545,
            "15925248" : 3020,
            "16056320" : 2320,
            "16187392" : 1637,
            "16318464" : 1360,
            "16449536" : 1010,
            "16580608" : 822,
            "16711680" : 690,
            "16908288" : 1034,
            "17170432" : 676,
            "17432576" : 318,
            "17694720" : 139,
            "17956864" : 98,
            "18219008" : 61,
            "18481152" : 39,
            "18743296" : 34,
            "19005440" : 62,
            "19267584" : 78,
            "19529728" : 61,
            "19791872" : 66,
            "20054016" : 69,
            "20316160" : 87,
            "20578304" : 84,
            "20840448" : 57,
            "21102592" : 64,
            "21364736" : 55,
            "21626880" : 66,
            "21889024" : 55,
            "22151168" : 13,
            "22413312" : 9,
            "22675456" : 6,
            "22937600" : 7,
            "23199744" : 5,
            "23461888" : 10,
            "23724032" : 11,
            "23986176" : 17,
            "24248320" : 21,
            "24510464" : 17,
            "24772608" : 10,
            "25034752" : 31,
            "25296896" : 39,
            "25559040" : 35,
            "25821184" : 28,
            "26083328" : 48,
            "26345472" : 45,
            "26607616" : 71,
            "26869760" : 154,
            "27131904" : 266,
            "27394048" : 236,
            "27656192" : 171,
            "27918336" : 194,
            "28180480" : 525,
            "28442624" : 1519,
            "28704768" : 3204,
            "28966912" : 3341,
            "29229056" : 2636,
            "29491200" : 2226,
            "29753344" : 2077,
            "30015488" : 1979,
            "30277632" : 1792,
            "30539776" : 1282,
            "30801920" : 1293,
            "31064064" : 1633,
            "31326208" : 2023,
            "31588352" : 2763,
            "31850496" : 3553,
            "32112640" : 4499,
            "32374784" : 5680,
            "32636928" : 6733,
            "32899072" : 8338,
            "33161216" : 9474,
            "33423360" : 10590,
            "33816576" : 23880,
            "34340864" : 29002,
            "34865152" : 29691,
            "35389440" : 26226,
            "35913728" : 23817,
            "36438016" : 20458,
            "36962304" : 14780,
            "37486592" : 10081,
            "38010880" : 7914,
            "38535168" : 6463,
            "39059456" : 5613,
            "39583744" : 5157,
            "40108032" : 4336,
            "40632320" : 3273,
            "41156608" : 2339,
            "41680896" : 1604,
            "42205184" : 929,
            "42729472" : 495,
            "43253760" : 276,
            "43778048" : 228,
            "44302336" : 209,
            "44826624" : 260,
            "45350912" : 453,