{
  "fio version" : "fio-3.8",
  "timestamp" : 1546158525,
  "timestamp_ms" : 1546158525196,
  "time" : "Sun Dec 30 00:28:45 2018",
  "jobs" : [
    {
      "jobname" : "wipc",
      "groupid" : 0,
      "error" : 0,
      "eta" : 0,
      "elapsed" : 1423,
      "job options" : {
        "ioengine" : "libaio",
        "group_reporting" : "1",
        "direct" : "1",
        "rw" : "write",
        "bssplit" : "128KB",
        "numjobs" : "2",
        "iodepth" : "16",
        "size" : "75%",
        "io_size" : "128035676160B",
        "filename" : "/dev/sdf"
      },
      "read" : {
        "io_bytes" : 0,
        "io_kbytes" : 0,
        "bw_bytes" : 0,
        "bw" : 0,
        "iops" : 0.000000,
        "runtime" : 0,
        "total_ios" : 0,
        "short_ios" : 0,
        "drop_ios" : 0,
        "slat_ns" : {
          "min" : 0,
          "max" : 0,
          "mean" : 0.000000,
          "stddev" : 0.000000
        },
        "clat_ns" : {
          "min" : 0,
          "max" : 0,
          "mean" : 0.000000,
          "stddev" : 0.000000,
          "percentile" : {
            "1.000000" : 0,
            "5.000000" : 0,
            "10.000000" : 0,
            "20.000000" : 0,
            "30.000000" : 0,
            "40.000000" : 0,
            "50.000000" : 0,
            "60.000000" : 0,
            "70.000000" : 0,
            "80.000000" : 0,
            "90.000000" : 0,
            "95.000000" : 0,
            "99.000000" : 0,
            "99.500000" : 0,
            "99.900000" : 0,
            "99.950000" : 0,
            "99.990000" : 0
          },
          "bins" : {

          }
        },
        "lat_ns" : {
          "min" : 0,
          "max" : 0,
          "mean" : 0.000000,
          "stddev" : 0.000000
        },
        "bw_min" : 0,
        "bw_max" : 0,
        "bw_agg" : 0.000000,
        "bw_mean" : 0.000000,
        "bw_dev" : 0.000000,
        "bw_samples" : 0,
        "iops_min" : 0,
        "iops_max" : 0,
        "iops_mean" : 0.000000,
        "iops_stddev" : 0.000000,
        "iops_samples" : 0
      },
      "write" : {
        "io_bytes" : 256071434240,
        "io_kbytes" : 250069760,
        "bw_bytes" : 180053546,
        "bw" : 175833,
        "iops" : 1373.699546,
        "runtime" : 1422196,
        "total_ios" : 1953670,
        "short_ios" : 0,
        "drop_ios" : 0,
        "slat_ns" : {
          "min" : 7063,
          "max" : 153140,
          "mean" : 16158.478741,
          "stddev" : 4533.454918
        },
        "clat_ns" : {
          "min" : 524326,
          "max" : 123370332,
          "mean" : 23273184.038167,
          "stddev" : 14987465.181789,
          "percentile" : {
            "1.000000" : 12910592,
            "5.000000" : 13041664,
            "10.000000" : 13303808,
            "20.000000" : 13565952,
            "30.000000" : 13697024,
            "40.000000" : 13959168,
            "50.000000" : 14352384,
            "60.000000" : 14876672,
            "70.000000" : 32374784,
            "80.000000" : 36438016,
            "90.000000" : 53215232,
            "95.000000" : 56360960,
            "99.000000" : 62128128,
            "99.500000" : 64225280,
            "99.900000" : 76021760,
            "99.950000" : 83361792,
            "99.990000" : 96993280
          },
          "bins" : {
            "528384" : 1,
            "1368064" : 1,
            "1384448" : 1,
            "2113536" : 1,
            "2473984" : 1,
            "2834432" : 1,
            "3293184" : 1,
            "3653632" : 1,
            "4014080" : 1,
            "4358144" : 1,
            "4751360" : 1,
            "5079040" : 1,
            "5537792" : 1,
            "5931008" : 1,
            "6258688" : 1,
            "6651904" : 1,
            "7045120" : 1,
            "7372800" : 1,
            "7766016" : 1,
            "8093696" : 1,
            "8454144" : 1,
            "8847360" : 1,
            "9764864" : 1,
            "10027008" : 1,
            "10420224" : 1,
            "10813440" : 1,
            "11599872" : 4,
            "11730944" : 5,
            "11862016" : 18,
            "11993088" : 64,
            "12124160" : 140,
            "12255232" : 193,
            "12386304" : 349,
            "12517376" : 832,
            "12648448" : 2871,
            "12779520" : 10338,
            "12910592" : 29592,
            "13041664" : 58728,
            "13172736" : 86210,
            "13303808" : 99352,
            "13434880" : 101235,
            "13565952" : 103507,
            "13697024" : 112114,
            "13828096" : 107044,
            "13959168" : 89866,
            "14090240" : 68989,
            "14221312" : 57216,
            "14352384" : 56779,
            "14483456" : 57798,
            "14614528" : 55624,
            "14745600" : 46613,
            "14876672" : 39758,
            "15007744" : 34855,
            "15138816" : 30969,
            "15269888" : 25334,
            "15400960" : 19182,
            "15532032" : 13075,
            "15663104" : 8520,
            "15794176" : 5496,
            "15925248" : 3907,
            "16056320" : 2665,
            "16187392" : 2000,
            "16318464" : 1339,
            "16449536" : 1171,
            "16580608" : 953,
            "16711680" : 706,
            "16908288" : 787,
            "17170432" : 483,
            "17432576" : 267,
            "17694720" : 150,
            "17956864" : 74,
            "18219008" : 47,
            "18481152" : 46,
            "18743296" : 63,
            "19005440" : 57,
            "19267584" : 61,
            "19529728" : 73,
            "19791872" : 85,
            "20054016" : 68,
            "20316160" : 75,
            "20578304" : 69,
            "20840448" : 46,
            "21102592" : 38,
            "21364736" : 32,
            "21626880" : 38,
            "21889024" : 18,
            "22151168" : 9,
            "22413312" : 15,
            "22675456" : 4,
            "22937600" : 2,
            "23199744" : 8,
            "23461888" : 5,
            "23724032" : 5,
            "23986176" : 12,
            "24248320" : 11,
            "24510464" : 27,
            "24772608" : 6,
            "25034752" : 8,
            "25296896" : 12,
            "25559040" : 49,
            "25821184" : 55,
            "26083328" : 96,
            "26345472" : 216,
            "26607616" : 901,
            "26869760" : 3425,
            "27131904" : 3913,
            "27394048" : 2756,
            "27656192" : 1446,
            "27918336" : 877,
            "28180480" : 1058,
            "28442624" : 1711,
            "28704768" : 1322,
            "28966912" : 702,
            "29229056" : 288,
            "29491200" : 272,
            "29753344" : 228,
            "30015488" : 246,
            "30277632" : 315,
            "30539776" : 390,
            "30801920" : 550,
            "31064064" : 779,
            "31326208" : 955,
            "31588352" : 1137,
            "31850496" : 1435,
            "32112640" : 2069,
            "32374784" : 2783,
            "32636928" : 3820,
            "32899072" : 5465,
            "33161216" : 7110,
            "33423360" : 8664,
            "33816576" : 22332,
            "34340864" : 28217,
            "34865152" : 35022,
            "35389440" : 41261,
            "35913728" : 39210,
            "36438016" : 33993,
            "36962304" : 30896,
            "37486592" : 25179,
            "38010880" : 17264,
            "38535168" : 11943,
            "39059456" : 9688,
            "39583744" : 8404,
            "40108032" : 7630,
            "40632320" : 6906,
            "41156608" : 6109,
            "41680896" : 4664,
            "42205184" : 3609,
            "42729472" : 2603,
            "43253760" : 1806,
            "43778048" : 1198,
            "44302336" : 651,
            "44826624" : 551,
            "45350912" : 398,
            "45875200" : 331,
            "46399488" : 351,
            "46923776" : 349,