{
  "fio version" : "fio-3.8",
  "timestamp" : 1542170145,
  "timestamp_ms" : 1542170145359,
  "time" : "Tue Nov 13 20:35:45 2018",
  "jobs" : [
    {
      "jobname" : "wipc",
      "groupid" : 0,
      "error" : 0,
      "eta" : 0,
      "elapsed" : 410,
      "job options" : {
        "ioengine" : "libaio",
        "group_reporting" : "1",
        "direct" : "1",
        "rw" : "write",
        "bssplit" : "128KB",
        "numjobs" : "1",
        "iodepth" : "32",
        "size" : "100%",
        "io_size" : "128035676160B",
        "filename" : "/dev/sdb"
      },
      "read" : {
        "io_bytes" : 0,
        "io_kbytes" : 0,
        "bw_bytes" : 0,
        "bw" : 0,
        "iops" : 0.000000,
        "runtime" : 0,
        "total_ios" : 0,
        "short_ios" : 0,
        "drop_ios" : 0,
        "slat_ns" : {
          "min" : 0,
          "max" : 0,
          "mean" : 0.000000,
          "stddev" : 0.000000
        },
        "clat_ns" : {
          "min" : 0,
          "max" : 0,
          "mean" : 0.000000,
          "stddev" : 0.000000,
          "percentile" : {
            "1.000000" : 0,
            "5.000000" : 0,
            "10.000000" : 0,
            "20.000000" : 0,
            "30.000000" : 0,
            "40.000000" : 0,
            "50.000000" : 0,
            "60.000000" : 0,
            "70.000000" : 0,
            "80.000000" : 0,
            "90.000000" : 0,
            "95.000000" : 0,
            "99.000000" : 0,
            "99.500000" : 0,
            "99.900000" : 0,
            "99.950000" : 0,
            "99.990000" : 0
          },
          "bins" : {

          }
        },
        "lat_ns" : {
          "min" : 0,
          "max" : 0,
          "mean" : 0.000000,
          "stddev" : 0.000000
        },
        "bw_min" : 0,
        "bw_max" : 0,
        "bw_agg" : 0.000000,
        "bw_mean" : 0.000000,
        "bw_dev" : 0.000000,
        "bw_samples" : 0,
        "iops_min" : 0,
        "iops_max" : 0,
        "iops_mean" : 0.000000,
        "iops_stddev" : 0.000000,
        "iops_samples" : 0
      },
      "write" : {
        "io_bytes" : 128035586048,
        "io_kbytes" : 125034752,
        "bw_bytes" : 312580774,
        "bw" : 305254,
        "iops" : 2384.802055,
        "runtime" : 409608,
        "total_ios" : 976834,
        "short_ios" : 0,
        "drop_ios" : 0,
        "slat_ns" : {
          "min" : 5278,
          "max" : 326553,
          "mean" : 8728.614146,
          "stddev" : 1516.580148
        },
        "clat_ns" : {
          "min" : 495995,
          "max" : 43205659,
          "mean" : 13407326.495483,
          "stddev" : 1771165.876756,
          "percentile" : {
            "1.000000" : 12517376,
            "5.000000" : 12648448,
            "10.000000" : 12779520,
            "20.000000" : 12910592,
            "30.000000" : 13041664,
            "40.000000" : 13041664,
            "50.000000" : 13172736,
            "60.000000" : 13172736,
            "70.000000" : 13303808,
            "80.000000" : 13434880,
            "90.000000" : 13697024,
            "95.000000" : 14090240,
            "99.000000" : 26345472,
            "99.500000" : 26869760,
            "99.900000" : 27918336,
            "99.950000" : 28180480,
            "99.990000" : 30277632
          },
          "bins" : {
            "497664" : 1,
            "1253376" : 1,
            "1286144" : 1,
            "1957888" : 1,
            "2310144" : 1,
            "2703360" : 1,
            "3162112" : 1,
            "3555328" : 1,
            "3850240" : 1,
            "4227072" : 1,
            "4620288" : 1,
            "5275648" : 1,
            "5603328" : 1,
            "5931008" : 1,
            "6258688" : 1,
            "6651904" : 1,
            "6979584" : 1,
            "7372800" : 1,
            "7700480" : 1,
            "8028160" : 1,
            "8454144" : 1,
            "8716288" : 1,
            "9371648" : 1,
            "9764864" : 1,
            "10027008" : 1,
            "10420224" : 1,
            "11075584" : 27,
            "11206656" : 97,
            "11337728" : 201,
            "11468800" : 151,
            "11599872" : 158,
            "11730944" : 228,
            "11862016" : 209,
            "11993088" : 556,
            "12124160" : 871,
            "12255232" : 1251,
            "12386304" : 3758,
            "12517376" : 11968,
            "12648448" : 39553,
            "12779520" : 92063,
            "12910592" : 139031,
            "13041664" : 160224,
            "13172736" : 156348,
            "13303808" : 121427,
            "13434880" : 81117,
            "13565952" : 52156,
            "13697024" : 31866,
            "13828096" : 20208,
            "13959168" : 13239,
            "14090240" : 9121,
            "14221312" : 6134,
            "14352384" : 3975,
            "14483456" : 3292,
            "14614528" : 2845,
            "14745600" : 2383,
            "14876672" : 2073,
            "15007744" : 1590,
            "15138816" : 1107,
            "15269888" : 698,
            "15400960" : 344,
            "15532032" : 279,
            "15663104" : 73,
            "15794176" : 70,
            "15925248" : 40,
            "16056320" : 34,
            "16187392" : 2,
            "16318464" : 7,
            "16449536" : 10,
            "16580608" : 1,
            "16711680" : 3,
            "16908288" : 1,
            "17432576" : 1,
            "17694720" : 1,
            "18481152" : 1,
            "18743296" : 3,
            "19005440" : 19,
            "19267584" : 20,
            "19529728" : 8,
            "20054016" : 17,
            "20316160" : 20,
            "20578304" : 5,
            "20840448" : 2,
            "21102592" : 3,
            "21364736" : 6,
            "21626880" : 1,
            "21889024" : 1,
            "22413312" : 1,
            "22675456" : 1,
            "23199744" : 1,
            "23461888" : 1,
            "23724032" : 1,
            "24510464" : 4,
            "24772608" : 3,
            "25296896" : 15,
            "25559040" : 100,
            "25821184" : 295,
            "26083328" : 1250,
            "26345472" : 4623,
            "26607616" : 4180,
            "26869760" : 1874,
            "27131904" : 1035,
            "27394048" : 807,
            "27656192" : 695,
            "27918336" : 414,
            "28180480" : 218,
            "28442624" : 111,
            "28704768" : 60,
            "28966912" : 38,
            "29229056" : 13,
            "29491200" : 11,
            "29753344" : 7,
            "30015488" : 33,
            "30277632" : 29,
            "30539776" : 6,
            "31064064" : 11,
            "31588352" : 7,
            "31850496" : 2,
            "32374784" : 1,
            "35389440" : 19,
            "35913728" : 11,
            "36438016" : 1,
            "36962304" : 1,
            "41156608" : 16,
            "41680896" : 7,
            "42205184" : 7,
            "42729472" : 1,
            "43253760" : 1
          }
        },
        "lat_ns" : {
          "min" : 541899,
          "max" : 43214384,
          "mean" : 13416264.374668,
          "stddev" : 1771149.203733
        },
        "bw_min" : 287232,
        "bw_max" : 319744,
        "bw_agg" : 99.996295,
        "bw_mean" : 305242.689866,
        "bw_dev" : 5417.779930,
        "bw_samples" : 819,
        "iops_min" : 2244,
        "iops_max" : 2498,
        "iops_mean" : 2384.704518,
        "iops_stddev" : 42.328360,
        "iops_samples" : 819
      },
      "trim" : {
        "io_bytes" : 0,
        "io_kbytes" : 0,
        "bw_bytes" : 0,
        "bw" : 0,
        "iops" : 0.000000,
        "runtime" : 0,
        "total_ios" : 0,
        "short_ios" : 0,
        "drop_ios" : 0,
        "slat_ns" : {
          "min" : 0,
          "max" : 0,
          "mean" : 0.000000,
          "stddev" : 0.000000
        },
        "clat_ns" : {
          "min" : 0,
          "max" : 0,
          "mean" : 0.000000,