{
  "fio version" : "fio-3.8",
  "timestamp" : 1546091165,
  "timestamp_ms" : 1546091165734,
  "time" : "Sat Dec 29 05:46:05 2018",
  "jobs" : [
    {
      "jobname" : "wipc",
      "groupid" : 0,
      "error" : 0,
      "eta" : 0,
      "elapsed" : 1523,
      "job options" : {
        "ioengine" : "libaio",
        "group_reporting" : "1",
        "direct" : "1",
        "rw" : "write",
        "bssplit" : "128KB",
        "numjobs" : "2",
        "iodepth" : "16",
        "size" : "100%",
        "io_size" : "128035676160B",
        "filename" : "/dev/sdf"
      },
      "read" : {
        "io_bytes" : 0,
        "io_kbytes" : 0,
        "bw_bytes" : 0,
        "bw" : 0,
        "iops" : 0.000000,
        "runtime" : 0,
        "total_ios" : 0,
        "short_ios" : 0,
        "drop_ios" : 0,
        "slat_ns" : {
          "min" : 0,
          "max" : 0,
          "mean" : 0.000000,
          "stddev" : 0.000000
        },
        "clat_ns" : {
          "min" : 0,
          "max" : 0,
          "mean" : 0.000000,
          "stddev" : 0.000000,
          "percentile" : {
            "1.000000" : 0,
            "5.000000" : 0,
            "10.000000" : 0,
            "20.000000" : 0,
            "30.000000" : 0,
            "40.000000" : 0,
            "50.000000" : 0,
            "60.000000" : 0,
            "70.000000" : 0,
            "80.000000" : 0,
            "90.000000" : 0,
            "95.000000" : 0,
            "99.000000" : 0,
            "99.500000" : 0,
            "99.900000" : 0,
            "99.950000" : 0,
            "99.990000" : 0
          },
          "bins" : {

          }
        },
        "lat_ns" : {
          "min" : 0,
          "max" : 0,
          "mean" : 0.000000,
          "stddev" : 0.000000
        },
        "bw_min" : 0,
        "bw_max" : 0,
        "bw_agg" : 0.000000,
        "bw_mean" : 0.000000,
        "bw_dev" : 0.000000,
        "bw_samples" : 0,
        "iops_min" : 0,
        "iops_max" : 0,
        "iops_mean" : 0.000000,
        "iops_stddev" : 0.000000,
        "iops_samples" : 0
      },
      "write" : {
        "io_bytes" : 256071172096,
        "io_kbytes" : 250069504,
        "bw_bytes" : 168168823,
        "bw" : 164227,
        "iops" : 1283.026303,
        "runtime" : 1522703,
        "total_ios" : 1953668,
        "short_ios" : 0,
        "drop_ios" : 0,
        "slat_ns" : {
          "min" : 6032,
          "max" : 345951,
          "mean" : 16346.059064,
          "stddev" : 5339.382801
        },
        "clat_ns" : {
          "min" : 838831,
          "max" : 89570816,
          "mean" : 24898171.385628,
          "stddev" : 16414103.260083,
          "percentile" : {
            "1.000000" : 12910592,
            "5.000000" : 13172736,
            "10.000000" : 13303808,
            "20.000000" : 13565952,
            "30.000000" : 13828096,
            "40.000000" : 14221312,
            "50.000000" : 14745600,
            "60.000000" : 15269888,
            "70.000000" : 34340864,
            "80.000000" : 38010880,
            "90.000000" : 55312384,
            "95.000000" : 57933824,
            "99.000000" : 63176704,
            "99.500000" : 64749568,
            "99.900000" : 71827456,
            "99.950000" : 73924608,
            "99.990000" : 78118912
          },
          "bins" : {
            "839680" : 1,
            "1335296" : 1,
            "1400832" : 1,
            "2113536" : 1,
            "2441216" : 1,
            "2801664" : 1,
            "3325952" : 1,
            "3719168" : 1,
            "4112384" : 1,
            "4423680" : 1,
            "4816896" : 1,
            "5406720" : 1,
            "5734400" : 1,
            "6127616" : 1,
            "6455296" : 1,
            "6586368" : 3,
            "6651904" : 1,
            "6782976" : 1,
            "6848512" : 2,
            "6914048" : 10,
            "6979584" : 71,
            "7045120" : 76,
            "7110656" : 71,
            "7176192" : 56,
            "7241728" : 49,
            "7307264" : 61,
            "7372800" : 43,
            "7438336" : 35,
            "7503872" : 33,
            "7569408" : 47,
            "7634944" : 50,
            "7700480" : 16,
            "7766016" : 13,
            "7831552" : 12,
            "7897088" : 14,
            "7962624" : 7,
            "8028160" : 10,
            "8093696" : 7,
            "8159232" : 11,
            "8224768" : 11,
            "8290304" : 11,
            "8355840" : 21,
            "8454144" : 38,
            "8585216" : 47,
            "8716288" : 24,
            "8847360" : 9,
            "8978432" : 17,
            "9109504" : 13,
            "9240576" : 5,
            "9371648" : 1,
            "9633792" : 1,
            "9764864" : 2,
            "9895936" : 1,
            "10158080" : 3,
            "10289152" : 1,
            "10551296" : 1,
            "10682368" : 1,
            "10944512" : 1,
            "11075584" : 1,
            "11468800" : 9,
            "11599872" : 20,
            "11730944" : 59,
            "11862016" : 105,
            "11993088" : 142,
            "12124160" : 142,
            "12255232" : 168,
            "12386304" : 255,
            "12517376" : 472,
            "12648448" : 1797,
            "12779520" : 6373,
            "12910592" : 20832,
            "13041664" : 45895,
            "13172736" : 71762,
            "13303808" : 88938,
            "13434880" : 90874,
            "13565952" : 90297,
            "13697024" : 91335,
            "13828096" : 91576,
            "13959168" : 81451,
            "14090240" : 66696,
            "14221312" : 54257,
            "14352384" : 51298,
            "14483456" : 56414,
            "14614528" : 59081,
            "14745600" : 54231,
            "14876672" : 44888,
            "15007744" : 38849,
            "15138816" : 34564,
            "15269888" : 29323,
            "15400960" : 24487,
            "15532032" : 20351,
            "15663104" : 17162,
            "15794176" : 13172,
            "15925248" : 10330,
            "16056320" : 8206,
            "16187392" : 5970,
            "16318464" : 4799,
            "16449536" : 3748,
            "16580608" : 2755,
            "16711680" : 2680,
            "16908288" : 4296,
            "17170432" : 2685,
            "17432576" : 1331,
            "17694720" : 562,
            "17956864" : 247,
            "18219008" : 109,
            "18481152" : 91,
            "18743296" : 78,
            "19005440" : 88,
            "19267584" : 100,
            "19529728" : 105,
            "19791872" : 111,
            "20054016" : 97,
            "20316160" : 106,
            "20578304" : 136,
            "20840448" : 134,
            "21102592" : 111,
            "21364736" : 107,
            "21626880" : 70,
            "21889024" : 61,
            "22151168" : 48,
            "22413312" : 35,
            "22675456" : 22,
            "22937600" : 23,
            "23199744" : 14,
            "23461888" : 8,
            "23724032" : 12,
            "23986176" : 14,
            "24248320" : 12,
            "24510464" : 10,
            "24772608" : 11,
            "25034752" : 7,
            "25296896" : 33,
            "25559040" : 54,
            "25821184" : 121,
            "26083328" : 241,
            "26345472" : 304,
            "26607616" : 787,
            "26869760" : 3816,
            "27131904" : 4863,
            "27394048" : 2333,
            "27656192" : 1631,
            "27918336" : 1201,
            "28180480" : 807,
            "28442624" : 791,
            "28704768" : 560,
            "28966912" : 281,
            "29229056" : 245,
            "29491200" : 209,
            "29753344" : 191,
            "30015488" : 189,
            "30277632" : 228,
            "30539776" : 252,
            "30801920" : 378,
            "31064064" : 444,
            "31326208" : 612,
            "31588352" : 818,
            "31850496" : 921,
            "32112640" : 1245,