{
  "fio version" : "fio-3.8",
  "timestamp" : 1546084032,
  "timestamp_ms" : 1546084032220,
  "time" : "Sat Dec 29 03:47:12 2018",
  "jobs" : [
    {
      "jobname" : "wipc",
      "groupid" : 0,
      "error" : 0,
      "eta" : 0,
      "elapsed" : 1510,
      "job options" : {
        "ioengine" : "libaio",
        "group_reporting" : "1",
        "direct" : "1",
        "rw" : "write",
        "bssplit" : "128KB",
        "numjobs" : "2",
        "iodepth" : "16",
        "size" : "100%",
        "io_size" : "128035676160B",
        "filename" : "/dev/sdf"
      },
      "read" : {
        "io_bytes" : 0,
        "io_kbytes" : 0,
        "bw_bytes" : 0,
        "bw" : 0,
        "iops" : 0.000000,
        "runtime" : 0,
        "total_ios" : 0,
        "short_ios" : 0,
        "drop_ios" : 0,
        "slat_ns" : {
          "min" : 0,
          "max" : 0,
          "mean" : 0.000000,
          "stddev" : 0.000000
        },
        "clat_ns" : {
          "min" : 0,
          "max" : 0,
          "mean" : 0.000000,
          "stddev" : 0.000000,
          "percentile" : {
            "1.000000" : 0,
            "5.000000" : 0,
            "10.000000" : 0,
            "20.000000" : 0,
            "30.000000" : 0,
            "40.000000" : 0,
            "50.000000" : 0,
            "60.000000" : 0,
            "70.000000" : 0,
            "80.000000" : 0,
            "90.000000" : 0,
            "95.000000" : 0,
            "99.000000" : 0,
            "99.500000" : 0,
            "99.900000" : 0,
            "99.950000" : 0,
            "99.990000" : 0
          },
          "bins" : {

          }
        },
        "lat_ns" : {
          "min" : 0,
          "max" : 0,
          "mean" : 0.000000,
          "stddev" : 0.000000
        },
        "bw_min" : 0,
        "bw_max" : 0,
        "bw_agg" : 0.000000,
        "bw_mean" : 0.000000,
        "bw_dev" : 0.000000,
        "bw_samples" : 0,
        "iops_min" : 0,
        "iops_max" : 0,
        "iops_mean" : 0.000000,
        "iops_stddev" : 0.000000,
        "iops_samples" : 0
      },
      "write" : {
        "io_bytes" : 256071172096,
        "io_kbytes" : 250069504,
        "bw_bytes" : 169704373,
        "bw" : 165726,
        "iops" : 1294.741621,
        "runtime" : 1508925,
        "total_ios" : 1953668,
        "short_ios" : 0,
        "drop_ios" : 0,
        "slat_ns" : {
          "min" : 5902,
          "max" : 4021759,
          "mean" : 16054.101227,
          "stddev" : 5522.142078
        },
        "clat_ns" : {
          "min" : 903938,
          "max" : 108629998,
          "mean" : 24695941.181387,
          "stddev" : 16343684.604518,
          "percentile" : {
            "1.000000" : 12910592,
            "5.000000" : 13041664,
            "10.000000" : 13172736,
            "20.000000" : 13434880,
            "30.000000" : 13697024,
            "40.000000" : 13959168,
            "50.000000" : 14352384,
            "60.000000" : 15007744,
            "70.000000" : 34340864,
            "80.000000" : 37486592,
            "90.000000" : 55312384,
            "95.000000" : 57933824,
            "99.000000" : 63176704,
            "99.500000" : 64749568,
            "99.900000" : 73924608,
            "99.950000" : 78118912,
            "99.990000" : 84410368
          },
          "bins" : {
            "905216" : 1,
            "1318912" : 1,
            "1384448" : 1,
            "2113536" : 1,
            "2473984" : 1,
            "2801664" : 1,
            "3293184" : 1,
            "3653632" : 1,
            "4014080" : 1,
            "4358144" : 1,
            "4751360" : 1,
            "5275648" : 1,
            "5668864" : 1,
            "5996544" : 1,
            "6324224" : 1,
            "6717440" : 1,
            "7110656" : 1,
            "7438336" : 1,
            "7831552" : 1,
            "8159232" : 1,
            "8585216" : 1,
            "8847360" : 1,
            "9764864" : 1,
            "10158080" : 1,
            "10420224" : 1,
            "10813440" : 1,
            "11599872" : 6,
            "11730944" : 20,
            "11862016" : 45,
            "11993088" : 62,
            "12124160" : 147,
            "12255232" : 227,
            "12386304" : 401,
            "12517376" : 1086,
            "12648448" : 3648,
            "12779520" : 11803,
            "12910592" : 32235,
            "13041664" : 63532,
            "13172736" : 92278,
            "13303808" : 105712,
            "13434880" : 107763,
            "13565952" : 105843,
            "13697024" : 103801,
            "13828096" : 98625,
            "13959168" : 86765,
            "14090240" : 70398,
            "14221312" : 56178,
            "14352384" : 50310,
            "14483456" : 50131,
            "14614528" : 49536,
            "14745600" : 42082,
            "14876672" : 35218,
            "15007744" : 29820,
            "15138816" : 25744,
            "15269888" : 20011,
            "15400960" : 14978,
            "15532032" : 10550,
            "15663104" : 6881,
            "15794176" : 4087,
            "15925248" : 2206,
            "16056320" : 1287,
            "16187392" : 739,
            "16318464" : 427,
            "16449536" : 251,
            "16580608" : 163,
            "16711680" : 96,
            "16908288" : 166,
            "17170432" : 166,
            "17432576" : 183,
            "17694720" : 114,
            "17956864" : 44,
            "18219008" : 1,
            "18481152" : 8,
            "18743296" : 11,
            "19005440" : 29,
            "19267584" : 46,
            "19529728" : 51,
            "19791872" : 63,
            "20054016" : 64,
            "20316160" : 52,
            "20578304" : 56,
            "20840448" : 52,
            "21102592" : 36,
            "21364736" : 21,
            "21626880" : 29,
            "21889024" : 20,
            "22151168" : 11,
            "22413312" : 4,
            "23986176" : 1,
            "24248320" : 2,
            "24510464" : 4,
            "24772608" : 3,
            "25034752" : 2,
            "25296896" : 5,
            "25559040" : 8,
            "25821184" : 22,
            "26083328" : 46,
            "26345472" : 214,
            "26607616" : 1252,
            "26869760" : 3271,
            "27131904" : 4234,
            "27394048" : 2645,
            "27656192" : 1294,
            "27918336" : 1137,
            "28180480" : 851,
            "28442624" : 1189,
            "28704768" : 1198,
            "28966912" : 724,
            "29229056" : 280,
            "29491200" : 257,
            "29753344" : 206,
            "30015488" : 239,
            "30277632" : 290,
            "30539776" : 328,
            "30801920" : 468,
            "31064064" : 584,
            "31326208" : 757,
            "31588352" : 976,
            "31850496" : 1231,
            "32112640" : 1776,
            "32374784" : 2253,
            "32636928" : 3128,
            "32899072" : 4378,
            "33161216" : 6146,
            "33423360" : 8070,
            "33816576" : 20552,
            "34340864" : 25602,
            "34865152" : 32457,
            "35389440" : 38927,
            "35913728" : 38062,
            "36438016" : 33280,
            "36962304" : 28430,
            "37486592" : 23384,
            "38010880" : 16456,
            "38535168" : 11216,
            "39059456" : 8938,
            "39583744" : 7523,
            "40108032" : 6842,
            "40632320" : 6258,
            "41156608" : 5544,
            "41680896" : 4511,
            "42205184" : 3335,
            "42729472" : 2229,
            "43253760" : 1508,
            "43778048" : 871,
            "44302336" : 431,
            "44826624" : 283,
            "45350912" : 172,
            "45875200" : 154,
            "46399488" : 171,
            "46923776" : 187,
            "47448064" : 264,
            "47972352" : 365,
            "48496640" : 338,
            "49020928" : 373,
            "49545216" : 386,