{
  "fio version" : "fio-3.8",
  "timestamp" : 1542622140,
  "timestamp_ms" : 1542622140437,
  "time" : "Mon Nov 19 02:09:00 2018",
  "jobs" : [
    {
      "jobname" : "wipc",
      "groupid" : 0,
      "error" : 0,
      "eta" : 0,
      "elapsed" : 1496,
      "job options" : {
        "ioengine" : "libaio",
        "group_reporting" : "1",
        "direct" : "1",
        "rw" : "write",
        "bssplit" : "128KB",
        "numjobs" : "2",
        "iodepth" : "16",
        "size" : "100%",
        "io_size" : "128035676160B",
        "filename" : "/dev/sdb"
      },
      "read" : {
        "io_bytes" : 0,
        "io_kbytes" : 0,
        "bw_bytes" : 0,
        "bw" : 0,
        "iops" : 0.000000,
        "runtime" : 0,
        "total_ios" : 0,
        "short_ios" : 0,
        "drop_ios" : 0,
        "slat_ns" : {
          "min" : 0,
          "max" : 0,
          "mean" : 0.000000,
          "stddev" : 0.000000
        },
        "clat_ns" : {
          "min" : 0,
          "max" : 0,
          "mean" : 0.000000,
          "stddev" : 0.000000,
          "percentile" : {
            "1.000000" : 0,
            "5.000000" : 0,
            "10.000000" : 0,
            "20.000000" : 0,
            "30.000000" : 0,
            "40.000000" : 0,
            "50.000000" : 0,
            "60.000000" : 0,
            "70.000000" : 0,
            "80.000000" : 0,
            "90.000000" : 0,
            "95.000000" : 0,
            "99.000000" : 0,
            "99.500000" : 0,
            "99.900000" : 0,
            "99.950000" : 0,
            "99.990000" : 0
          },
          "bins" : {

          }
        },
        "lat_ns" : {
          "min" : 0,
          "max" : 0,
          "mean" : 0.000000,
          "stddev" : 0.000000
        },
        "bw_min" : 0,
        "bw_max" : 0,
        "bw_agg" : 0.000000,
        "bw_mean" : 0.000000,
        "bw_dev" : 0.000000,
        "bw_samples" : 0,
        "iops_min" : 0,
        "iops_max" : 0,
        "iops_mean" : 0.000000,
        "iops_stddev" : 0.000000,
        "iops_samples" : 0
      },
      "write" : {
        "io_bytes" : 256071172096,
        "io_kbytes" : 250069504,
        "bw_bytes" : 171241538,
        "bw" : 167228,
        "iops" : 1306.469259,
        "runtime" : 1495380,
        "total_ios" : 1953668,
        "short_ios" : 0,
        "drop_ios" : 0,
        "slat_ns" : {
          "min" : 5445,
          "max" : 502584,
          "mean" : 13590.609789,
          "stddev" : 3716.922138
        },
        "clat_ns" : {
          "min" : 892007,
          "max" : 91134587,
          "mean" : 24476437.377340,
          "stddev" : 16082511.198288,
          "percentile" : {
            "1.000000" : 12779520,
            "5.000000" : 13041664,
            "10.000000" : 13172736,
            "20.000000" : 13434880,
            "30.000000" : 13697024,
            "40.000000" : 13959168,
            "50.000000" : 14352384,
            "60.000000" : 15007744,
            "70.000000" : 33816576,
            "80.000000" : 36962304,
            "90.000000" : 54788096,
            "95.000000" : 56885248,
            "99.000000" : 62128128,
            "99.500000" : 63700992,
            "99.900000" : 70778880,
            "99.950000" : 72876032,
            "99.990000" : 80216064
          },
          "bins" : {
            "888832" : 1,
            "1351680" : 1,
            "1368064" : 1,
            "2088960" : 1,
            "2408448" : 1,
            "2867200" : 1,
            "3260416" : 1,
            "3653632" : 1,
            "4014080" : 1,
            "4358144" : 1,
            "4751360" : 1,
            "5210112" : 1,
            "5472256" : 1,
            "5931008" : 1,
            "6127616" : 1,
            "6193152" : 1,
            "6324224" : 1,
            "6520832" : 3,
            "6586368" : 1,
            "6651904" : 3,
            "6717440" : 12,
            "6782976" : 23,
            "6848512" : 4,
            "6914048" : 1,
            "6979584" : 1,
            "7045120" : 2,
            "7176192" : 5,
            "7241728" : 6,
            "7307264" : 1,
            "7372800" : 4,
            "7634944" : 3,
            "7700480" : 2,
            "7766016" : 2,
            "8093696" : 1,
            "8224768" : 1,
            "8454144" : 1,
            "8716288" : 1,
            "8978432" : 1,
            "9109504" : 1,
            "9240576" : 1,
            "9502720" : 2,
            "9895936" : 2,
            "10158080" : 1,
            "10420224" : 1,
            "10682368" : 3,
            "10813440" : 1,
            "11075584" : 3,
            "11468800" : 2,
            "11599872" : 1,
            "11730944" : 5,
            "11862016" : 34,
            "11993088" : 74,
            "12124160" : 145,
            "12255232" : 295,
            "12386304" : 886,
            "12517376" : 2765,
            "12648448" : 10031,
            "12779520" : 26680,
            "12910592" : 53784,
            "13041664" : 80262,
            "13172736" : 93995,
            "13303808" : 102066,
            "13434880" : 103697,
            "13565952" : 101154,
            "13697024" : 98694,
            "13828096" : 86704,
            "13959168" : 68073,
            "14090240" : 58169,
            "14221312" : 55713,
            "14352384" : 56687,
            "14483456" : 51767,
            "14614528" : 43771,
            "14745600" : 37458,
            "14876672" : 33606,
            "15007744" : 29383,
            "15138816" : 24063,
            "15269888" : 18421,
            "15400960" : 13550,
            "15532032" : 9914,
            "15663104" : 7055,
            "15794176" : 5156,
            "15925248" : 3402,
            "16056320" : 2486,
            "16187392" : 1839,
            "16318464" : 1368,
            "16449536" : 978,
            "16580608" : 971,
            "16711680" : 677,
            "16908288" : 913,
            "17170432" : 569,
            "17432576" : 251,
            "17694720" : 85,
            "17956864" : 50,
            "18219008" : 27,
            "18481152" : 25,
            "18743296" : 29,
            "19005440" : 45,
            "19267584" : 32,
            "19529728" : 34,
            "19791872" : 25,
            "20054016" : 39,
            "20316160" : 52,
            "20578304" : 77,
            "20840448" : 43,
            "21102592" : 52,
            "21364736" : 67,
            "21626880" : 95,
            "21889024" : 55,
            "22151168" : 43,
            "22413312" : 32,
            "22675456" : 22,
            "22937600" : 39,
            "23199744" : 20,
            "23461888" : 18,
            "23724032" : 14,
            "23986176" : 21,
            "24248320" : 12,
            "24510464" : 2,
            "24772608" : 2,
            "25034752" : 1,
            "25296896" : 3,
            "25559040" : 6,
            "25821184" : 11,
            "26083328" : 67,
            "26345472" : 346,
            "26607616" : 2397,
            "26869760" : 4931,
            "27131904" : 3283,
            "27394048" : 1611,
            "27656192" : 1028,
            "27918336" : 889,
            "28180480" : 1135,
            "28442624" : 1121,
            "28704768" : 632,
            "28966912" : 412,
            "29229056" : 303,
            "29491200" : 251,
            "29753344" : 278,
            "30015488" : 334,
            "30277632" : 401,
            "30539776" : 473,
            "30801920" : 574,
            "31064064" : 747,
            "31326208" : 987,
            "31588352" : 1333,
            "31850496" : 1692,
            "32112640" : 2498,
            "32374784" : 3313,
            "32636928" : 4491,
            "32899072" : 6008,
            "33161216" : 7401,
            "33423360" : 8702,
            "33816576" : 22544,
            "34340864" : 29911,
            "34865152" : 37299,
            "35389440" : 40063,
            "35913728" : 36238,
            "36438016" : 31828,