{
  "fio version" : "fio-3.8",
  "timestamp" : 1543218455,
  "timestamp_ms" : 1543218455970,
  "time" : "Sun Nov 25 23:47:35 2018",
  "jobs" : [
    {
      "jobname" : "wipc",
      "groupid" : 0,
      "error" : 0,
      "eta" : 0,
      "elapsed" : 1523,
      "job options" : {
        "ioengine" : "libaio",
        "group_reporting" : "1",
        "direct" : "1",
        "rw" : "write",
        "bssplit" : "128KB",
        "numjobs" : "2",
        "iodepth" : "16",
        "size" : "100%",
        "io_size" : "128035676160B",
        "filename" : "/dev/sdb"
      },
      "read" : {
        "io_bytes" : 0,
        "io_kbytes" : 0,
        "bw_bytes" : 0,
        "bw" : 0,
        "iops" : 0.000000,
        "runtime" : 0,
        "total_ios" : 0,
        "short_ios" : 0,
        "drop_ios" : 0,
        "slat_ns" : {
          "min" : 0,
          "max" : 0,
          "mean" : 0.000000,
          "stddev" : 0.000000
        },
        "clat_ns" : {
          "min" : 0,
          "max" : 0,
          "mean" : 0.000000,
          "stddev" : 0.000000,
          "percentile" : {
            "1.000000" : 0,
            "5.000000" : 0,
            "10.000000" : 0,
            "20.000000" : 0,
            "30.000000" : 0,
            "40.000000" : 0,
            "50.000000" : 0,
            "60.000000" : 0,
            "70.000000" : 0,
            "80.000000" : 0,
            "90.000000" : 0,
            "95.000000" : 0,
            "99.000000" : 0,
            "99.500000" : 0,
            "99.900000" : 0,
            "99.950000" : 0,
            "99.990000" : 0
          },
          "bins" : {

          }
        },
        "lat_ns" : {
          "min" : 0,
          "max" : 0,
          "mean" : 0.000000,
          "stddev" : 0.000000
        },
        "bw_min" : 0,
        "bw_max" : 0,
        "bw_agg" : 0.000000,
        "bw_mean" : 0.000000,
        "bw_dev" : 0.000000,
        "bw_samples" : 0,
        "iops_min" : 0,
        "iops_max" : 0,
        "iops_mean" : 0.000000,
        "iops_stddev" : 0.000000,
        "iops_samples" : 0
      },
      "write" : {
        "io_bytes" : 256071172096,
        "io_kbytes" : 250069504,
        "bw_bytes" : 168210028,
        "bw" : 164267,
        "iops" : 1283.340669,
        "runtime" : 1522330,
        "total_ios" : 1953668,
        "short_ios" : 0,
        "drop_ios" : 0,
        "slat_ns" : {
          "min" : 5333,
          "max" : 521283,
          "mean" : 13042.534954,
          "stddev" : 3491.218773
        },
        "clat_ns" : {
          "min" : 906907,
          "max" : 110539161,
          "mean" : 24909080.823592,
          "stddev" : 17231556.318784,
          "percentile" : {
            "1.000000" : 12910592,
            "5.000000" : 13172736,
            "10.000000" : 13303808,
            "20.000000" : 13565952,
            "30.000000" : 13828096,
            "40.000000" : 14090240,
            "50.000000" : 14614528,
            "60.000000" : 15138816,
            "70.000000" : 31588352,
            "80.000000" : 39583744,
            "90.000000" : 56360960,
            "95.000000" : 58982400,
            "99.000000" : 63700992,
            "99.500000" : 65273856,
            "99.900000" : 72876032,
            "99.950000" : 74973184,
            "99.990000" : 81264640
          },
          "bins" : {
            "905216" : 1,
            "1368064" : 1,
            "1482752" : 1,
            "2179072" : 1,
            "2539520" : 1,
            "2834432" : 1,
            "3325952" : 1,
            "3719168" : 1,
            "4079616" : 1,
            "4489216" : 1,
            "4882432" : 1,
            "5341184" : 1,
            "5734400" : 1,
            "6062080" : 1,
            "6455296" : 1,
            "6848512" : 1,
            "7241728" : 1,
            "7634944" : 1,
            "7962624" : 1,
            "8355840" : 1,
            "8716288" : 1,
            "9109504" : 1,
            "9895936" : 1,
            "10289152" : 1,
            "10551296" : 1,
            "10944512" : 1,
            "11206656" : 1,
            "11599872" : 8,
            "11730944" : 4,
            "11862016" : 25,
            "11993088" : 39,
            "12124160" : 86,
            "12255232" : 160,
            "12386304" : 325,
            "12517376" : 622,
            "12648448" : 1467,
            "12779520" : 5022,
            "12910592" : 15484,
            "13041664" : 38769,
            "13172736" : 67195,
            "13303808" : 91669,
            "13434880" : 98166,
            "13565952" : 94753,
            "13697024" : 100821,
            "13828096" : 102323,
            "13959168" : 94250,
            "14090240" : 79303,
            "14221312" : 62947,
            "14352384" : 58101,
            "14483456" : 59611,
            "14614528" : 57928,
            "14745600" : 50409,
            "14876672" : 43858,
            "15007744" : 39767,
            "15138816" : 36535,
            "15269888" : 32503,
            "15400960" : 26365,
            "15532032" : 21228,
            "15663104" : 15563,
            "15794176" : 11073,
            "15925248" : 8207,
            "16056320" : 6861,
            "16187392" : 5276,
            "16318464" : 3988,
            "16449536" : 3166,
            "16580608" : 2639,
            "16711680" : 2203,
            "16908288" : 3098,
            "17170432" : 1651,
            "17432576" : 895,
            "17694720" : 442,
            "17956864" : 226,
            "18219008" : 176,
            "18481152" : 117,
            "18743296" : 115,
            "19005440" : 158,
            "19267584" : 163,
            "19529728" : 126,
            "19791872" : 90,
            "20054016" : 76,
            "20316160" : 68,
            "20578304" : 52,
            "20840448" : 36,
            "21102592" : 18,
            "21364736" : 12,
            "21626880" : 4,
            "21889024" : 21,
            "22151168" : 10,
            "22675456" : 8,
            "22937600" : 1,
            "23724032" : 1,
            "23986176" : 1,
            "24248320" : 1,
            "24510464" : 1,
            "24772608" : 4,
            "25034752" : 8,
            "25296896" : 43,
            "25559040" : 76,
            "25821184" : 111,
            "26083328" : 185,
            "26345472" : 240,
            "26607616" : 544,
            "26869760" : 2774,
            "27131904" : 4592,
            "27394048" : 3103,
            "27656192" : 2344,
            "27918336" : 1281,
            "28180480" : 830,
            "28442624" : 642,
            "28704768" : 727,
            "28966912" : 618,
            "29229056" : 390,
            "29491200" : 187,
            "29753344" : 155,
            "30015488" : 237,
            "30277632" : 281,
            "30539776" : 373,
            "30801920" : 434,
            "31064064" : 499,
            "31326208" : 513,
            "31588352" : 628,
            "31850496" : 763,
            "32112640" : 1090,
            "32374784" : 1227,
            "32636928" : 1725,
            "32899072" : 2367,
            "33161216" : 3133,
            "33423360" : 3856,
            "33816576" : 10517,
            "34340864" : 14387,
            "34865152" : 18864,
            "35389440" : 22913,
            "35913728" : 24696,
            "36438016" : 23048,
            "36962304" : 20057,
            "37486592" : 16765,
            "38010880" : 12821,
            "38535168" : 9397,
            "39059456" : 6946,
            "39583744" : 5486,
            "40108032" : 4851,
            "40632320" : 4444,
            "41156608" : 3804,
            "41680896" : 3350,
            "42205184" : 2693,
            "42729472" : 2388,
            "43253760" : 1661,
            "43778048" : 1222,
            "44302336" : 814,
            "44826624" : 572,
            "45350912" : 472,
            "45875200" : 352,
            "46399488" : 338,
            "46923776" : 293,
            "47448064" : 332,
            "47972352" : 387,