{
  "fio version" : "fio-3.8",
  "timestamp" : 1543315302,
  "timestamp_ms" : 1543315302672,
  "time" : "Tue Nov 27 02:41:42 2018",
  "jobs" : [
    {
      "jobname" : "wipc",
      "groupid" : 0,
      "error" : 0,
      "eta" : 0,
      "elapsed" : 1510,
      "job options" : {
        "ioengine" : "libaio",
        "group_reporting" : "1",
        "direct" : "1",
        "rw" : "write",
        "bssplit" : "128KB",
        "numjobs" : "2",
        "iodepth" : "16",
        "size" : "100%",
        "io_size" : "128035676160B",
        "filename" : "/dev/sda"
      },
      "read" : {
        "io_bytes" : 0,
        "io_kbytes" : 0,
        "bw_bytes" : 0,
        "bw" : 0,
        "iops" : 0.000000,
        "runtime" : 0,
        "total_ios" : 0,
        "short_ios" : 0,
        "drop_ios" : 0,
        "slat_ns" : {
          "min" : 0,
          "max" : 0,
          "mean" : 0.000000,
          "stddev" : 0.000000
        },
        "clat_ns" : {
          "min" : 0,
          "max" : 0,
          "mean" : 0.000000,
          "stddev" : 0.000000,
          "percentile" : {
            "1.000000" : 0,
            "5.000000" : 0,
            "10.000000" : 0,
            "20.000000" : 0,
            "30.000000" : 0,
            "40.000000" : 0,
            "50.000000" : 0,
            "60.000000" : 0,
            "70.000000" : 0,
            "80.000000" : 0,
            "90.000000" : 0,
            "95.000000" : 0,
            "99.000000" : 0,
            "99.500000" : 0,
            "99.900000" : 0,
            "99.950000" : 0,
            "99.990000" : 0
          },
          "bins" : {

          }
        },
        "lat_ns" : {
          "min" : 0,
          "max" : 0,
          "mean" : 0.000000,
          "stddev" : 0.000000
        },
        "bw_min" : 0,
        "bw_max" : 0,
        "bw_agg" : 0.000000,
        "bw_mean" : 0.000000,
        "bw_dev" : 0.000000,
        "bw_samples" : 0,
        "iops_min" : 0,
        "iops_max" : 0,
        "iops_mean" : 0.000000,
        "iops_stddev" : 0.000000,
        "iops_samples" : 0
      },
      "write" : {
        "io_bytes" : 256071172096,
        "io_kbytes" : 250069504,
        "bw_bytes" : 169643101,
        "bw" : 165667,
        "iops" : 1294.274149,
        "runtime" : 1509470,
        "total_ios" : 1953668,
        "short_ios" : 0,
        "drop_ios" : 0,
        "slat_ns" : {
          "min" : 5389,
          "max" : 332033,
          "mean" : 12446.889973,
          "stddev" : 3280.850519
        },
        "clat_ns" : {
          "min" : 525851,
          "max" : 92802522,
          "mean" : 24696308.351844,
          "stddev" : 16868210.013392,
          "percentile" : {
            "1.000000" : 12779520,
            "5.000000" : 13041664,
            "10.000000" : 13172736,
            "20.000000" : 13434880,
            "30.000000" : 13697024,
            "40.000000" : 13959168,
            "50.000000" : 14352384,
            "60.000000" : 15007744,
            "70.000000" : 33816576,
            "80.000000" : 38535168,
            "90.000000" : 55836672,
            "95.000000" : 58458112,
            "99.000000" : 63176704,
            "99.500000" : 64749568,
            "99.900000" : 70778880,
            "99.950000" : 72876032,
            "99.990000" : 78118912
          },
          "bins" : {
            "528384" : 1,
            "1400832" : 2,
            "2039808" : 1,
            "2473984" : 1,
            "2768896" : 1,
            "3325952" : 1,
            "3719168" : 1,
            "4046848" : 1,
            "4489216" : 1,
            "4751360" : 1,
            "5406720" : 1,
            "5668864" : 1,
            "6062080" : 5,
            "6127616" : 1,
            "6193152" : 2,
            "6258688" : 4,
            "6324224" : 6,
            "6389760" : 3,
            "6455296" : 9,
            "6520832" : 14,
            "6586368" : 5,
            "6651904" : 11,
            "6717440" : 19,
            "6782976" : 13,
            "6848512" : 19,
            "6914048" : 9,
            "6979584" : 23,
            "7045120" : 22,
            "7110656" : 16,
            "7176192" : 23,
            "7241728" : 10,
            "7307264" : 3,
            "7372800" : 4,
            "7438336" : 8,
            "7503872" : 7,
            "7569408" : 6,
            "7634944" : 6,
            "7700480" : 1,
            "7766016" : 6,
            "7831552" : 5,
            "7897088" : 6,
            "7962624" : 2,
            "8093696" : 3,
            "8159232" : 9,
            "8224768" : 2,
            "8290304" : 4,
            "8355840" : 2,
            "8454144" : 6,
            "8585216" : 5,
            "8716288" : 2,
            "8847360" : 8,
            "8978432" : 12,
            "9109504" : 3,
            "9240576" : 2,
            "9371648" : 1,
            "9633792" : 1,
            "9895936" : 1,
            "10027008" : 1,
            "10289152" : 1,
            "10420224" : 1,
            "10551296" : 2,
            "11075584" : 2,
            "11337728" : 1,
            "11468800" : 1,
            "11599872" : 1,
            "11730944" : 28,
            "11862016" : 73,
            "11993088" : 100,
            "12124160" : 217,
            "12255232" : 434,
            "12386304" : 720,
            "12517376" : 1724,
            "12648448" : 6030,
            "12779520" : 19224,
            "12910592" : 46376,
            "13041664" : 70669,
            "13172736" : 85040,
            "13303808" : 99224,
            "13434880" : 101178,
            "13565952" : 102710,
            "13697024" : 101971,
            "13828096" : 85761,
            "13959168" : 71678,
            "14090240" : 67427,
            "14221312" : 65831,
            "14352384" : 61558,
            "14483456" : 51740,
            "14614528" : 41573,
            "14745600" : 38942,
            "14876672" : 37222,
            "15007744" : 34006,
            "15138816" : 29102,
            "15269888" : 26078,
            "15400960" : 19878,
            "15532032" : 15319,
            "15663104" : 11114,
            "15794176" : 7916,
            "15925248" : 6336,
            "16056320" : 4754,
            "16187392" : 3508,
            "16318464" : 2878,
            "16449536" : 2376,
            "16580608" : 2109,
            "16711680" : 1573,
            "16908288" : 2125,
            "17170432" : 1267,
            "17432576" : 617,
            "17694720" : 308,
            "17956864" : 183,
            "18219008" : 160,
            "18481152" : 185,
            "18743296" : 164,
            "19005440" : 166,
            "19267584" : 98,
            "19529728" : 159,
            "19791872" : 154,
            "20054016" : 200,
            "20316160" : 109,
            "20578304" : 84,
            "20840448" : 74,
            "21102592" : 72,
            "21364736" : 64,
            "21626880" : 61,
            "21889024" : 44,
            "22151168" : 29,
            "22413312" : 21,
            "22675456" : 14,
            "22937600" : 25,
            "23199744" : 13,
            "23461888" : 11,
            "23724032" : 19,
            "23986176" : 16,
            "24248320" : 5,
            "24510464" : 4,
            "24772608" : 15,
            "25034752" : 38,
            "25296896" : 41,
            "25559040" : 69,
            "25821184" : 187,
            "26083328" : 369,
            "26345472" : 770,
            "26607616" : 3242,
            "26869760" : 3647,
            "27131904" : 1983,
            "27394048" : 1373,
            "27656192" : 1171,
            "27918336" : 1079,
            "28180480" : 1272,
            "28442624" : 1280,
            "28704768" : 822,
            "28966912" : 339,
            "29229056" : 207,
            "29491200" : 189,
            "29753344" : 246,
            "30015488" : 292,
            "30277632" : 326,
            "30539776" : 380,
            "30801920" : 381,
            "31064064" : 458,
            "31326208" : 468,