{
  "fio version" : "fio-3.8",
  "timestamp" : 1543142035,
  "timestamp_ms" : 1543142035146,
  "time" : "Sun Nov 25 02:33:55 2018",
  "jobs" : [
    {
      "jobname" : "wipc",
      "groupid" : 0,
      "error" : 0,
      "eta" : 0,
      "elapsed" : 1374,
      "job options" : {
        "ioengine" : "libaio",
        "group_reporting" : "1",
        "direct" : "1",
        "rw" : "write",
        "bssplit" : "128KB",
        "numjobs" : "2",
        "iodepth" : "16",
        "size" : "75%",
        "io_size" : "128035676160B",
        "filename" : "/dev/sda"
      },
      "read" : {
        "io_bytes" : 0,
        "io_kbytes" : 0,
        "bw_bytes" : 0,
        "bw" : 0,
        "iops" : 0.000000,
        "runtime" : 0,
        "total_ios" : 0,
        "short_ios" : 0,
        "drop_ios" : 0,
        "slat_ns" : {
          "min" : 0,
          "max" : 0,
          "mean" : 0.000000,
          "stddev" : 0.000000
        },
        "clat_ns" : {
          "min" : 0,
          "max" : 0,
          "mean" : 0.000000,
          "stddev" : 0.000000,
          "percentile" : {
            "1.000000" : 0,
            "5.000000" : 0,
            "10.000000" : 0,
            "20.000000" : 0,
            "30.000000" : 0,
            "40.000000" : 0,
            "50.000000" : 0,
            "60.000000" : 0,
            "70.000000" : 0,
            "80.000000" : 0,
            "90.000000" : 0,
            "95.000000" : 0,
            "99.000000" : 0,
            "99.500000" : 0,
            "99.900000" : 0,
            "99.950000" : 0,
            "99.990000" : 0
          },
          "bins" : {

          }
        },
        "lat_ns" : {
          "min" : 0,
          "max" : 0,
          "mean" : 0.000000,
          "stddev" : 0.000000
        },
        "bw_min" : 0,
        "bw_max" : 0,
        "bw_agg" : 0.000000,
        "bw_mean" : 0.000000,
        "bw_dev" : 0.000000,
        "bw_samples" : 0,
        "iops_min" : 0,
        "iops_max" : 0,
        "iops_mean" : 0.000000,
        "iops_stddev" : 0.000000,
        "iops_samples" : 0
      },
      "write" : {
        "io_bytes" : 256071434240,
        "io_kbytes" : 250069760,
        "bw_bytes" : 186513336,
        "bw" : 182141,
        "iops" : 1422.983832,
        "runtime" : 1372939,
        "total_ios" : 1953670,
        "short_ios" : 0,
        "drop_ios" : 0,
        "slat_ns" : {
          "min" : 5379,
          "max" : 343085,
          "mean" : 12802.957538,
          "stddev" : 3821.363367
        },
        "clat_ns" : {
          "min" : 496064,
          "max" : 119246700,
          "mean" : 22463921.620690,
          "stddev" : 15034928.848343,
          "percentile" : {
            "1.000000" : 12779520,
            "5.000000" : 13041664,
            "10.000000" : 13172736,
            "20.000000" : 13434880,
            "30.000000" : 13697024,
            "40.000000" : 13959168,
            "50.000000" : 14221312,
            "60.000000" : 14745600,
            "70.000000" : 15532032,
            "80.000000" : 35913728,
            "90.000000" : 54263808,
            "95.000000" : 56885248,
            "99.000000" : 62652416,
            "99.500000" : 64749568,
            "99.900000" : 72876032,
            "99.950000" : 79167488,
            "99.990000" : 93847552
          },
          "bins" : {
            "497664" : 1,
            "1351680" : 2,
            "2072576" : 1,
            "2408448" : 1,
            "2801664" : 1,
            "3194880" : 1,
            "3588096" : 1,
            "3948544" : 1,
            "4227072" : 1,
            "4685824" : 1,
            "5013504" : 1,
            "5406720" : 1,
            "5734400" : 1,
            "6127616" : 1,
            "6389760" : 1,
            "6455296" : 1,
            "6848512" : 2,
            "7110656" : 1,
            "7176192" : 1,
            "7503872" : 1,
            "7569408" : 2,
            "7962624" : 2,
            "8290304" : 2,
            "8454144" : 1,
            "8585216" : 2,
            "8847360" : 1,
            "9109504" : 1,
            "9502720" : 1,
            "9633792" : 1,
            "9764864" : 1,
            "10027008" : 1,
            "10158080" : 1,
            "10420224" : 1,
            "10551296" : 1,
            "10682368" : 1,
            "10813440" : 1,
            "11075584" : 2,
            "11206656" : 1,
            "11468800" : 4,
            "11599872" : 7,
            "11730944" : 33,
            "11862016" : 105,
            "11993088" : 133,
            "12124160" : 188,
            "12255232" : 499,
            "12386304" : 796,
            "12517376" : 1569,
            "12648448" : 4381,
            "12779520" : 13466,
            "12910592" : 36290,
            "13041664" : 67261,
            "13172736" : 89262,
            "13303808" : 103815,
            "13434880" : 110769,
            "13565952" : 116075,
            "13697024" : 118938,
            "13828096" : 103452,
            "13959168" : 85879,
            "14090240" : 74947,
            "14221312" : 66708,
            "14352384" : 62193,
            "14483456" : 56169,
            "14614528" : 45934,
            "14745600" : 42046,
            "14876672" : 39694,
            "15007744" : 37144,
            "15138816" : 33301,
            "15269888" : 26218,
            "15400960" : 20038,
            "15532032" : 15111,
            "15663104" : 10980,
            "15794176" : 7945,
            "15925248" : 6161,
            "16056320" : 4742,
            "16187392" : 3605,
            "16318464" : 2888,
            "16449536" : 2308,
            "16580608" : 1989,
            "16711680" : 1621,
            "16908288" : 2105,
            "17170432" : 1324,
            "17432576" : 741,
            "17694720" : 409,
            "17956864" : 208,
            "18219008" : 154,
            "18481152" : 124,
            "18743296" : 108,
            "19005440" : 112,
            "19267584" : 94,
            "19529728" : 93,
            "19791872" : 96,
            "20054016" : 107,
            "20316160" : 60,
            "20578304" : 54,
            "20840448" : 41,
            "21102592" : 30,
            "21364736" : 34,
            "21626880" : 51,
            "21889024" : 37,
            "22151168" : 21,
            "22413312" : 18,
            "22675456" : 15,
            "22937600" : 11,
            "23199744" : 12,
            "23461888" : 5,
            "23724032" : 13,
            "23986176" : 15,
            "24248320" : 13,
            "24510464" : 6,
            "24772608" : 16,
            "25034752" : 25,
            "25296896" : 49,
            "25559040" : 50,
            "25821184" : 178,
            "26083328" : 348,
            "26345472" : 762,
            "26607616" : 3005,
            "26869760" : 3893,
            "27131904" : 2273,
            "27394048" : 1457,
            "27656192" : 1473,
            "27918336" : 1253,
            "28180480" : 1626,
            "28442624" : 1590,
            "28704768" : 983,
            "28966912" : 578,
            "29229056" : 301,
            "29491200" : 194,
            "29753344" : 196,
            "30015488" : 261,
            "30277632" : 289,
            "30539776" : 345,
            "30801920" : 356,
            "31064064" : 428,
            "31326208" : 500,
            "31588352" : 547,
            "31850496" : 701,
            "32112640" : 980,
            "32374784" : 1272,
            "32636928" : 1801,
            "32899072" : 2341,
            "33161216" : 3226,
            "33423360" : 4199,
            "33816576" : 11694,
            "34340864" : 16658,
            "34865152" : 22952,
            "35389440" : 28205,
            "35913728" : 31900,
            "36438016" : 31292,
            "36962304" : 27385,
            "37486592" : 23143,
            "38010880" : 17324,
            "38535168" : 11432,
            "39059456" : 8474,
            "39583744" : 7314,
            "40108032" : 6274,