{
  "fio version" : "fio-3.8",
  "timestamp" : 1547026341,
  "timestamp_ms" : 1547026341382,
  "time" : "Wed Jan  9 01:32:21 2019",
  "jobs" : [
    {
      "jobname" : "wipc",
      "groupid" : 0,
      "error" : 0,
      "eta" : 0,
      "elapsed" : 1417,
      "job options" : {
        "ioengine" : "libaio",
        "group_reporting" : "1",
        "direct" : "1",
        "rw" : "write",
        "bssplit" : "128KB",
        "numjobs" : "2",
        "iodepth" : "16",
        "size" : "75%",
        "io_size" : "128035676160B",
        "filename" : "/dev/sda"
      },
      "read" : {
        "io_bytes" : 0,
        "io_kbytes" : 0,
        "bw_bytes" : 0,
        "bw" : 0,
        "iops" : 0.000000,
        "runtime" : 0,
        "total_ios" : 0,
        "short_ios" : 0,
        "drop_ios" : 0,
        "slat_ns" : {
          "min" : 0,
          "max" : 0,
          "mean" : 0.000000,
          "stddev" : 0.000000
        },
        "clat_ns" : {
          "min" : 0,
          "max" : 0,
          "mean" : 0.000000,
          "stddev" : 0.000000,
          "percentile" : {
            "1.000000" : 0,
            "5.000000" : 0,
            "10.000000" : 0,
            "20.000000" : 0,
            "30.000000" : 0,
            "40.000000" : 0,
            "50.000000" : 0,
            "60.000000" : 0,
            "70.000000" : 0,
            "80.000000" : 0,
            "90.000000" : 0,
            "95.000000" : 0,
            "99.000000" : 0,
            "99.500000" : 0,
            "99.900000" : 0,
            "99.950000" : 0,
            "99.990000" : 0
          },
          "bins" : {

          }
        },
        "lat_ns" : {
          "min" : 0,
          "max" : 0,
          "mean" : 0.000000,
          "stddev" : 0.000000
        },
        "bw_min" : 0,
        "bw_max" : 0,
        "bw_agg" : 0.000000,
        "bw_mean" : 0.000000,
        "bw_dev" : 0.000000,
        "bw_samples" : 0,
        "iops_min" : 0,
        "iops_max" : 0,
        "iops_mean" : 0.000000,
        "iops_stddev" : 0.000000,
        "iops_samples" : 0
      },
      "write" : {
        "io_bytes" : 256071434240,
        "io_kbytes" : 250069760,
        "bw_bytes" : 180833107,
        "bw" : 176594,
        "iops" : 1379.647121,
        "runtime" : 1416065,
        "total_ios" : 1953670,
        "short_ios" : 0,
        "drop_ios" : 0,
        "slat_ns" : {
          "min" : 5357,
          "max" : 340445,
          "mean" : 12537.743892,
          "stddev" : 3385.448554
        },
        "clat_ns" : {
          "min" : 885806,
          "max" : 122661795,
          "mean" : 23176376.531183,
          "stddev" : 16145389.618475,
          "percentile" : {
            "1.000000" : 12779520,
            "5.000000" : 13041664,
            "10.000000" : 13172736,
            "20.000000" : 13434880,
            "30.000000" : 13565952,
            "40.000000" : 13828096,
            "50.000000" : 14221312,
            "60.000000" : 14614528,
            "70.000000" : 15400960,
            "80.000000" : 36438016,
            "90.000000" : 54788096,
            "95.000000" : 57409536,
            "99.000000" : 62652416,
            "99.500000" : 64749568,
            "99.900000" : 78118912,
            "99.950000" : 88604672,
            "99.990000" : 101187584
          },
          "bins" : {
            "888832" : 1,
            "1318912" : 1,
            "1433600" : 1,
            "2072576" : 1,
            "2473984" : 1,
            "2867200" : 1,
            "3260416" : 1,
            "3686400" : 1,
            "3719168" : 1,
            "4079616" : 1,
            "4423680" : 1,
            "4882432" : 1,
            "5341184" : 1,
            "5734400" : 1,
            "6127616" : 1,
            "6193152" : 2,
            "6258688" : 1,
            "6389760" : 1,
            "6455296" : 13,
            "6520832" : 5,
            "6586368" : 6,
            "6651904" : 4,
            "6717440" : 3,
            "6782976" : 2,
            "6848512" : 4,
            "6914048" : 7,
            "6979584" : 7,
            "7045120" : 3,
            "7110656" : 5,
            "7176192" : 6,
            "7241728" : 4,
            "7307264" : 3,
            "7372800" : 2,
            "7438336" : 1,
            "7503872" : 1,
            "7634944" : 1,
            "7700480" : 2,
            "7831552" : 8,
            "7897088" : 7,
            "7962624" : 4,
            "8028160" : 4,
            "8093696" : 7,
            "8159232" : 8,
            "8224768" : 7,
            "8290304" : 14,
            "8355840" : 14,
            "8454144" : 15,
            "8585216" : 5,
            "8716288" : 3,
            "8847360" : 7,
            "8978432" : 2,
            "9240576" : 1,
            "9371648" : 4,
            "9633792" : 1,
            "10027008" : 2,
            "10420224" : 1,
            "10682368" : 1,
            "10813440" : 2,
            "10944512" : 1,
            "11075584" : 1,
            "11206656" : 1,
            "11337728" : 1,
            "11468800" : 1,
            "11599872" : 1,
            "11730944" : 31,
            "11862016" : 56,
            "11993088" : 120,
            "12124160" : 231,
            "12255232" : 387,
            "12386304" : 805,
            "12517376" : 1780,
            "12648448" : 6694,
            "12779520" : 21006,
            "12910592" : 47445,
            "13041664" : 78088,
            "13172736" : 97677,
            "13303808" : 107344,
            "13434880" : 114818,
            "13565952" : 116622,
            "13697024" : 116840,
            "13828096" : 101585,
            "13959168" : 80229,
            "14090240" : 67140,
            "14221312" : 62786,
            "14352384" : 62569,
            "14483456" : 58571,
            "14614528" : 49654,
            "14745600" : 42855,
            "14876672" : 38145,
            "15007744" : 32753,
            "15138816" : 28596,
            "15269888" : 22292,
            "15400960" : 16617,
            "15532032" : 11308,
            "15663104" : 7485,
            "15794176" : 4897,
            "15925248" : 3564,
            "16056320" : 2617,
            "16187392" : 2039,
            "16318464" : 1584,
            "16449536" : 1177,
            "16580608" : 994,
            "16711680" : 656,
            "16908288" : 888,
            "17170432" : 576,
            "17432576" : 297,
            "17694720" : 161,
            "17956864" : 60,
            "18219008" : 29,
            "18481152" : 36,
            "18743296" : 41,
            "19005440" : 61,
            "19267584" : 94,
            "19529728" : 99,
            "19791872" : 64,
            "20054016" : 54,
            "20316160" : 77,
            "20578304" : 74,
            "20840448" : 66,
            "21102592" : 34,
            "21364736" : 24,
            "21626880" : 23,
            "21889024" : 11,
            "22151168" : 5,
            "22413312" : 3,
            "22675456" : 3,
            "22937600" : 5,
            "23199744" : 2,
            "23461888" : 3,
            "23724032" : 6,
            "23986176" : 4,
            "24248320" : 4,
            "24510464" : 19,
            "24772608" : 28,
            "25034752" : 135,
            "25296896" : 182,
            "25559040" : 145,
            "25821184" : 59,
            "26083328" : 74,
            "26345472" : 260,
            "26607616" : 1556,
            "26869760" : 3487,
            "27131904" : 3409,
            "27394048" : 2034,
            "27656192" : 2010,
            "27918336" : 1851,
            "28180480" : 1750,
            "28442624" : 1142,
            "28704768" : 657,
            "28966912" : 412,
            "29229056" : 209,
            "29491200" : 275,
            "29753344" : 223,
            "30015488" : 287,
            "30277632" : 327,
            "30539776" : 352,
            "30801920" : 511,
            "31064064" : 571,
            "31326208" : 705,
            "31588352" : 1055,