{
  "fio version" : "fio-3.8",
  "timestamp" : 1547019174,
  "timestamp_ms" : 1547019174854,
  "time" : "Tue Jan  8 23:32:54 2019",
  "jobs" : [
    {
      "jobname" : "wipc",
      "groupid" : 0,
      "error" : 0,
      "eta" : 0,
      "elapsed" : 1371,
      "job options" : {
        "ioengine" : "libaio",
        "group_reporting" : "1",
        "direct" : "1",
        "rw" : "write",
        "bssplit" : "128KB",
        "numjobs" : "2",
        "iodepth" : "16",
        "size" : "75%",
        "io_size" : "128035676160B",
        "filename" : "/dev/sda"
      },
      "read" : {
        "io_bytes" : 0,
        "io_kbytes" : 0,
        "bw_bytes" : 0,
        "bw" : 0,
        "iops" : 0.000000,
        "runtime" : 0,
        "total_ios" : 0,
        "short_ios" : 0,
        "drop_ios" : 0,
        "slat_ns" : {
          "min" : 0,
          "max" : 0,
          "mean" : 0.000000,
          "stddev" : 0.000000
        },
        "clat_ns" : {
          "min" : 0,
          "max" : 0,
          "mean" : 0.000000,
          "stddev" : 0.000000,
          "percentile" : {
            "1.000000" : 0,
            "5.000000" : 0,
            "10.000000" : 0,
            "20.000000" : 0,
            "30.000000" : 0,
            "40.000000" : 0,
            "50.000000" : 0,
            "60.000000" : 0,
            "70.000000" : 0,
            "80.000000" : 0,
            "90.000000" : 0,
            "95.000000" : 0,
            "99.000000" : 0,
            "99.500000" : 0,
            "99.900000" : 0,
            "99.950000" : 0,
            "99.990000" : 0
          },
          "bins" : {

          }
        },
        "lat_ns" : {
          "min" : 0,
          "max" : 0,
          "mean" : 0.000000,
          "stddev" : 0.000000
        },
        "bw_min" : 0,
        "bw_max" : 0,
        "bw_agg" : 0.000000,
        "bw_mean" : 0.000000,
        "bw_dev" : 0.000000,
        "bw_samples" : 0,
        "iops_min" : 0,
        "iops_max" : 0,
        "iops_mean" : 0.000000,
        "iops_stddev" : 0.000000,
        "iops_samples" : 0
      },
      "write" : {
        "io_bytes" : 256071434240,
        "io_kbytes" : 250069760,
        "bw_bytes" : 186820454,
        "bw" : 182441,
        "iops" : 1425.326954,
        "runtime" : 1370682,
        "total_ios" : 1953670,
        "short_ios" : 0,
        "drop_ios" : 0,
        "slat_ns" : {
          "min" : 5390,
          "max" : 123955,
          "mean" : 12520.615761,
          "stddev" : 3642.519297
        },
        "clat_ns" : {
          "min" : 539062,
          "max" : 138908534,
          "mean" : 22433532.441772,
          "stddev" : 15069125.184364,
          "percentile" : {
            "1.000000" : 12779520,
            "5.000000" : 13041664,
            "10.000000" : 13172736,
            "20.000000" : 13434880,
            "30.000000" : 13697024,
            "40.000000" : 13828096,
            "50.000000" : 14221312,
            "60.000000" : 14745600,
            "70.000000" : 15400960,
            "80.000000" : 35389440,
            "90.000000" : 53739520,
            "95.000000" : 56360960,
            "99.000000" : 62128128,
            "99.500000" : 63700992,
            "99.900000" : 73924608,
            "99.950000" : 81264640,
            "99.990000" : 99090432
          },
          "bins" : {
            "536576" : 1,
            "1302528" : 1,
            "1400832" : 1,
            "2072576" : 1,
            "2506752" : 1,
            "2899968" : 1,
            "3325952" : 1,
            "3686400" : 1,
            "4112384" : 1,
            "4489216" : 1,
            "4816896" : 1,
            "5341184" : 1,
            "5734400" : 1,
            "6127616" : 1,
            "6193152" : 1,
            "6258688" : 2,
            "6455296" : 1,
            "6520832" : 3,
            "6586368" : 1,
            "6651904" : 10,
            "6717440" : 7,
            "6782976" : 4,
            "6848512" : 9,
            "6914048" : 2,
            "6979584" : 6,
            "7045120" : 18,
            "7110656" : 16,
            "7176192" : 3,
            "7241728" : 3,
            "7307264" : 5,
            "7372800" : 10,
            "7438336" : 3,
            "7569408" : 6,
            "7634944" : 4,
            "7700480" : 13,
            "7766016" : 3,
            "7831552" : 2,
            "7962624" : 1,
            "8093696" : 6,
            "8159232" : 3,
            "8224768" : 3,
            "8290304" : 1,
            "8355840" : 1,
            "8454144" : 9,
            "8585216" : 15,
            "8716288" : 8,
            "8847360" : 1,
            "8978432" : 1,
            "9109504" : 2,
            "9240576" : 1,
            "9502720" : 1,
            "9764864" : 2,
            "9895936" : 1,
            "10027008" : 1,
            "10158080" : 3,
            "10420224" : 3,
            "10551296" : 2,
            "10682368" : 2,
            "10813440" : 3,
            "10944512" : 1,
            "11206656" : 2,
            "11337728" : 12,
            "11468800" : 35,
            "11599872" : 89,
            "11730944" : 123,
            "11862016" : 131,
            "11993088" : 168,
            "12124160" : 186,
            "12255232" : 304,
            "12386304" : 569,
            "12517376" : 1276,
            "12648448" : 4456,
            "12779520" : 15123,
            "12910592" : 39492,
            "13041664" : 69984,
            "13172736" : 92952,
            "13303808" : 104672,
            "13434880" : 109886,
            "13565952" : 115602,
            "13697024" : 119003,
            "13828096" : 107585,
            "13959168" : 84283,
            "14090240" : 68402,
            "14221312" : 61003,
            "14352384" : 61315,
            "14483456" : 60490,
            "14614528" : 53218,
            "14745600" : 46424,
            "14876672" : 40813,
            "15007744" : 37519,
            "15138816" : 32504,
            "15269888" : 25773,
            "15400960" : 19530,
            "15532032" : 14211,
            "15663104" : 9307,
            "15794176" : 6229,
            "15925248" : 4781,
            "16056320" : 3374,
            "16187392" : 2494,
            "16318464" : 2099,
            "16449536" : 1703,
            "16580608" : 1192,
            "16711680" : 1074,
            "16908288" : 1354,
            "17170432" : 931,
            "17432576" : 408,
            "17694720" : 191,
            "17956864" : 74,
            "18219008" : 52,
            "18481152" : 35,
            "18743296" : 41,
            "19005440" : 39,
            "19267584" : 53,
            "19529728" : 91,
            "19791872" : 68,
            "20054016" : 89,
            "20316160" : 67,
            "20578304" : 77,
            "20840448" : 69,
            "21102592" : 48,
            "21364736" : 32,
            "21626880" : 41,
            "21889024" : 20,
            "22151168" : 20,
            "22413312" : 11,
            "22675456" : 6,
            "22937600" : 4,
            "23199744" : 6,
            "23461888" : 10,
            "23724032" : 20,
            "23986176" : 19,
            "24248320" : 10,
            "24510464" : 6,
            "24772608" : 16,
            "25034752" : 18,
            "25296896" : 11,
            "25559040" : 20,
            "25821184" : 28,
            "26083328" : 67,
            "26345472" : 344,
            "26607616" : 2130,
            "26869760" : 4478,
            "27131904" : 3644,
            "27394048" : 1949,
            "27656192" : 1217,
            "27918336" : 1041,
            "28180480" : 1594,
            "28442624" : 1466,
            "28704768" : 883,
            "28966912" : 533,
            "29229056" : 431,
            "29491200" : 347,
            "29753344" : 296,
            "30015488" : 301,
            "30277632" : 360,
            "30539776" : 410,
            "30801920" : 509,
            "31064064" : 659,
            "31326208" : 859,
            "31588352" : 1155,