{
  "fio version" : "fio-3.8",
  "timestamp" : 1543524644,
  "timestamp_ms" : 1543524644418,
  "time" : "Thu Nov 29 12:50:44 2018",
  "jobs" : [
    {
      "jobname" : "wipc",
      "groupid" : 0,
      "error" : 0,
      "eta" : 0,
      "elapsed" : 1518,
      "job options" : {
        "ioengine" : "libaio",
        "group_reporting" : "1",
        "direct" : "1",
        "rw" : "write",
        "bssplit" : "128KB",
        "numjobs" : "2",
        "iodepth" : "16",
        "size" : "100%",
        "io_size" : "128035676160B",
        "filename" : "/dev/sda"
      },
      "read" : {
        "io_bytes" : 0,
        "io_kbytes" : 0,
        "bw_bytes" : 0,
        "bw" : 0,
        "iops" : 0.000000,
        "runtime" : 0,
        "total_ios" : 0,
        "short_ios" : 0,
        "drop_ios" : 0,
        "slat_ns" : {
          "min" : 0,
          "max" : 0,
          "mean" : 0.000000,
          "stddev" : 0.000000
        },
        "clat_ns" : {
          "min" : 0,
          "max" : 0,
          "mean" : 0.000000,
          "stddev" : 0.000000,
          "percentile" : {
            "1.000000" : 0,
            "5.000000" : 0,
            "10.000000" : 0,
            "20.000000" : 0,
            "30.000000" : 0,
            "40.000000" : 0,
            "50.000000" : 0,
            "60.000000" : 0,
            "70.000000" : 0,
            "80.000000" : 0,
            "90.000000" : 0,
            "95.000000" : 0,
            "99.000000" : 0,
            "99.500000" : 0,
            "99.900000" : 0,
            "99.950000" : 0,
            "99.990000" : 0
          },
          "bins" : {

          }
        },
        "lat_ns" : {
          "min" : 0,
          "max" : 0,
          "mean" : 0.000000,
          "stddev" : 0.000000
        },
        "bw_min" : 0,
        "bw_max" : 0,
        "bw_agg" : 0.000000,
        "bw_mean" : 0.000000,
        "bw_dev" : 0.000000,
        "bw_samples" : 0,
        "iops_min" : 0,
        "iops_max" : 0,
        "iops_mean" : 0.000000,
        "iops_stddev" : 0.000000,
        "iops_samples" : 0
      },
      "write" : {
        "io_bytes" : 256071172096,
        "io_kbytes" : 250069504,
        "bw_bytes" : 168775892,
        "bw" : 164820,
        "iops" : 1287.657870,
        "runtime" : 1517226,
        "total_ios" : 1953668,
        "short_ios" : 0,
        "drop_ios" : 0,
        "slat_ns" : {
          "min" : 5300,
          "max" : 328926,
          "mean" : 12617.672295,
          "stddev" : 3318.527325
        },
        "clat_ns" : {
          "min" : 932009,
          "max" : 91878225,
          "mean" : 24818465.013598,
          "stddev" : 16312797.843122,
          "percentile" : {
            "1.000000" : 12779520,
            "5.000000" : 13041664,
            "10.000000" : 13172736,
            "20.000000" : 13434880,
            "30.000000" : 13697024,
            "40.000000" : 14090240,
            "50.000000" : 14483456,
            "60.000000" : 15138816,
            "70.000000" : 34865152,
            "80.000000" : 38010880,
            "90.000000" : 55312384,
            "95.000000" : 57933824,
            "99.000000" : 63176704,
            "99.500000" : 64749568,
            "99.900000" : 70778880,
            "99.950000" : 72876032,
            "99.990000" : 79167488
          },
          "bins" : {
            "929792" : 1,
            "1368064" : 1,
            "1400832" : 1,
            "2113536" : 1,
            "2473984" : 1,
            "2867200" : 1,
            "3162112" : 1,
            "3620864" : 1,
            "4014080" : 1,
            "4423680" : 1,
            "4816896" : 1,
            "5144576" : 1,
            "5537792" : 1,
            "5931008" : 1,
            "6324224" : 1,
            "6651904" : 1,
            "6979584" : 1,
            "7503872" : 1,
            "7766016" : 1,
            "8159232" : 1,
            "8585216" : 1,
            "8978432" : 1,
            "9371648" : 1,
            "9764864" : 1,
            "10158080" : 1,
            "10551296" : 1,
            "10813440" : 1,
            "11206656" : 6,
            "11337728" : 19,
            "11468800" : 61,
            "11599872" : 93,
            "11730944" : 119,
            "11862016" : 165,
            "11993088" : 169,
            "12124160" : 219,
            "12255232" : 344,
            "12386304" : 572,
            "12517376" : 1519,
            "12648448" : 4748,
            "12779520" : 13665,
            "12910592" : 36157,
            "13041664" : 64406,
            "13172736" : 82677,
            "13303808" : 93228,
            "13434880" : 100414,
            "13565952" : 103218,
            "13697024" : 100551,
            "13828096" : 89369,
            "13959168" : 74049,
            "14090240" : 64295,
            "14221312" : 60273,
            "14352384" : 58418,
            "14483456" : 51634,
            "14614528" : 44911,
            "14745600" : 40038,
            "14876672" : 35751,
            "15007744" : 32721,
            "15138816" : 29102,
            "15269888" : 24579,
            "15400960" : 18909,
            "15532032" : 13439,
            "15663104" : 10245,
            "15794176" : 7128,
            "15925248" : 5543,
            "16056320" : 4375,
            "16187392" : 3195,
            "16318464" : 2757,
            "16449536" : 2158,
            "16580608" : 1804,
            "16711680" : 1518,
            "16908288" : 1877,
            "17170432" : 993,
            "17432576" : 438,
            "17694720" : 258,
            "17956864" : 146,
            "18219008" : 76,
            "18481152" : 87,
            "18743296" : 82,
            "19005440" : 78,
            "19267584" : 82,
            "19529728" : 112,
            "19791872" : 124,
            "20054016" : 103,
            "20316160" : 141,
            "20578304" : 76,
            "20840448" : 127,
            "21102592" : 80,
            "21364736" : 65,
            "21626880" : 41,
            "21889024" : 51,
            "22151168" : 26,
            "22413312" : 24,
            "22675456" : 12,
            "22937600" : 10,
            "23199744" : 13,
            "23461888" : 11,
            "23724032" : 7,
            "23986176" : 3,
            "24248320" : 6,
            "24510464" : 3,
            "24772608" : 4,
            "25034752" : 10,
            "25296896" : 20,
            "25559040" : 33,
            "25821184" : 112,
            "26083328" : 277,
            "26345472" : 648,
            "26607616" : 2943,
            "26869760" : 4875,
            "27131904" : 3036,
            "27394048" : 1801,
            "27656192" : 1167,
            "27918336" : 984,
            "28180480" : 858,
            "28442624" : 646,
            "28704768" : 413,
            "28966912" : 289,
            "29229056" : 264,
            "29491200" : 248,
            "29753344" : 223,
            "30015488" : 257,
            "30277632" : 311,
            "30539776" : 334,
            "30801920" : 390,
            "31064064" : 504,
            "31326208" : 569,
            "31588352" : 722,
            "31850496" : 963,
            "32112640" : 1201,
            "32374784" : 1679,
            "32636928" : 2165,
            "32899072" : 2864,
            "33161216" : 3606,
            "33423360" : 4739,
            "33816576" : 13488,
            "34340864" : 19312,
            "34865152" : 26300,
            "35389440" : 33973,
            "35913728" : 39716,
            "36438016" : 38078,
            "36962304" : 33576,
            "37486592" : 30731,
            "38010880" : 23502,
            "38535168" : 14433,
            "39059456" : 10392,
            "39583744" : 8830,
            "40108032" : 7216,
            "40632320" : 6675,
            "41156608" : 6221,
            "41680896" : 6000,
            "42205184" : 5151,
            "42729472" : 4052,
            "43253760" : 2935,
            "43778048" : 1940,
            "44302336" : 1230,