{
  "fio version" : "fio-3.8",
  "timestamp" : 1543517434,
  "timestamp_ms" : 1543517434936,
  "time" : "Thu Nov 29 10:50:34 2018",
  "jobs" : [
    {
      "jobname" : "wipc",
      "groupid" : 0,
      "error" : 0,
      "eta" : 0,
      "elapsed" : 1507,
      "job options" : {
        "ioengine" : "libaio",
        "group_reporting" : "1",
        "direct" : "1",
        "rw" : "write",
        "bssplit" : "128KB",
        "numjobs" : "2",
        "iodepth" : "16",
        "size" : "100%",
        "io_size" : "128035676160B",
        "filename" : "/dev/sda"
      },
      "read" : {
        "io_bytes" : 0,
        "io_kbytes" : 0,
        "bw_bytes" : 0,
        "bw" : 0,
        "iops" : 0.000000,
        "runtime" : 0,
        "total_ios" : 0,
        "short_ios" : 0,
        "drop_ios" : 0,
        "slat_ns" : {
          "min" : 0,
          "max" : 0,
          "mean" : 0.000000,
          "stddev" : 0.000000
        },
        "clat_ns" : {
          "min" : 0,
          "max" : 0,
          "mean" : 0.000000,
          "stddev" : 0.000000,
          "percentile" : {
            "1.000000" : 0,
            "5.000000" : 0,
            "10.000000" : 0,
            "20.000000" : 0,
            "30.000000" : 0,
            "40.000000" : 0,
            "50.000000" : 0,
            "60.000000" : 0,
            "70.000000" : 0,
            "80.000000" : 0,
            "90.000000" : 0,
            "95.000000" : 0,
            "99.000000" : 0,
            "99.500000" : 0,
            "99.900000" : 0,
            "99.950000" : 0,
            "99.990000" : 0
          },
          "bins" : {

          }
        },
        "lat_ns" : {
          "min" : 0,
          "max" : 0,
          "mean" : 0.000000,
          "stddev" : 0.000000
        },
        "bw_min" : 0,
        "bw_max" : 0,
        "bw_agg" : 0.000000,
        "bw_mean" : 0.000000,
        "bw_dev" : 0.000000,
        "bw_samples" : 0,
        "iops_min" : 0,
        "iops_max" : 0,
        "iops_mean" : 0.000000,
        "iops_stddev" : 0.000000,
        "iops_samples" : 0
      },
      "write" : {
        "io_bytes" : 256071172096,
        "io_kbytes" : 250069504,
        "bw_bytes" : 170049222,
        "bw" : 166063,
        "iops" : 1297.372606,
        "runtime" : 1505865,
        "total_ios" : 1953668,
        "short_ios" : 0,
        "drop_ios" : 0,
        "slat_ns" : {
          "min" : 5372,
          "max" : 314570,
          "mean" : 12502.731531,
          "stddev" : 3340.288836
        },
        "clat_ns" : {
          "min" : 869921,
          "max" : 92564536,
          "mean" : 24636463.869324,
          "stddev" : 16428064.094449,
          "percentile" : {
            "1.000000" : 12779520,
            "5.000000" : 13041664,
            "10.000000" : 13172736,
            "20.000000" : 13434880,
            "30.000000" : 13697024,
            "40.000000" : 13959168,
            "50.000000" : 14352384,
            "60.000000" : 15007744,
            "70.000000" : 34340864,
            "80.000000" : 37486592,
            "90.000000" : 55312384,
            "95.000000" : 57933824,
            "99.000000" : 63176704,
            "99.500000" : 64225280,
            "99.900000" : 70778880,
            "99.950000" : 72876032,
            "99.990000" : 80216064
          },
          "bins" : {
            "872448" : 1,
            "1351680" : 2,
            "2179072" : 1,
            "2539520" : 1,
            "2932736" : 1,
            "3293184" : 1,
            "3653632" : 1,
            "4046848" : 1,
            "4423680" : 1,
            "4816896" : 1,
            "5210112" : 1,
            "5537792" : 1,
            "5734400" : 1,
            "5865472" : 2,
            "5996544" : 9,
            "6062080" : 12,
            "6127616" : 15,
            "6193152" : 51,
            "6258688" : 20,
            "6324224" : 13,
            "6389760" : 7,
            "6455296" : 15,
            "6520832" : 18,
            "6586368" : 34,
            "6651904" : 36,
            "6717440" : 38,
            "6782976" : 43,
            "6848512" : 55,
            "6914048" : 67,
            "6979584" : 59,
            "7045120" : 51,
            "7110656" : 31,
            "7176192" : 23,
            "7241728" : 23,
            "7307264" : 20,
            "7372800" : 13,
            "7438336" : 22,
            "7503872" : 24,
            "7569408" : 29,
            "7634944" : 44,
            "7700480" : 40,
            "7766016" : 39,
            "7831552" : 52,
            "7897088" : 19,
            "7962624" : 14,
            "8028160" : 16,
            "8093696" : 17,
            "8159232" : 15,
            "8224768" : 15,
            "8290304" : 7,
            "8355840" : 3,
            "8454144" : 14,
            "8585216" : 15,
            "8716288" : 24,
            "8847360" : 13,
            "8978432" : 8,
            "9109504" : 2,
            "9240576" : 3,
            "9371648" : 4,
            "9633792" : 1,
            "9764864" : 2,
            "10027008" : 1,
            "10420224" : 1,
            "10813440" : 1,
            "11337728" : 1,
            "11468800" : 1,
            "11599872" : 4,
            "11730944" : 13,
            "11862016" : 64,
            "11993088" : 118,
            "12124160" : 177,
            "12255232" : 373,
            "12386304" : 665,
            "12517376" : 1423,
            "12648448" : 5123,
            "12779520" : 16321,
            "12910592" : 40629,
            "13041664" : 66304,
            "13172736" : 84904,
            "13303808" : 97403,
            "13434880" : 103774,
            "13565952" : 107062,
            "13697024" : 111595,
            "13828096" : 98429,
            "13959168" : 81422,
            "14090240" : 72200,
            "14221312" : 63912,
            "14352384" : 57133,
            "14483456" : 49707,
            "14614528" : 39965,
            "14745600" : 36385,
            "14876672" : 35159,
            "15007744" : 30361,
            "15138816" : 26328,
            "15269888" : 22377,
            "15400960" : 16460,
            "15532032" : 10869,
            "15663104" : 6847,
            "15794176" : 4177,
            "15925248" : 2643,
            "16056320" : 1845,
            "16187392" : 1236,
            "16318464" : 964,
            "16449536" : 638,
            "16580608" : 520,
            "16711680" : 534,
            "16908288" : 646,
            "17170432" : 342,
            "17432576" : 232,
            "17694720" : 125,
            "17956864" : 37,
            "18219008" : 18,
            "18481152" : 21,
            "18743296" : 50,
            "19005440" : 75,
            "19267584" : 58,
            "19529728" : 43,
            "19791872" : 56,
            "20054016" : 50,
            "20316160" : 87,
            "20578304" : 100,
            "20840448" : 61,
            "21102592" : 62,
            "21364736" : 102,
            "21626880" : 113,
            "21889024" : 95,
            "22151168" : 55,
            "22413312" : 35,
            "22675456" : 29,
            "22937600" : 28,
            "23199744" : 30,
            "23461888" : 22,
            "23724032" : 13,
            "23986176" : 4,
            "24510464" : 1,
            "24772608" : 12,
            "25034752" : 81,
            "25296896" : 111,
            "25559040" : 87,
            "25821184" : 116,
            "26083328" : 284,
            "26345472" : 689,
            "26607616" : 2739,
            "26869760" : 3813,
            "27131904" : 2723,
            "27394048" : 2158,
            "27656192" : 1771,
            "27918336" : 1313,
            "28180480" : 925,
            "28442624" : 744,
            "28704768" : 538,
            "28966912" : 310,
            "29229056" : 250,
            "29491200" : 237,
            "29753344" : 261,
            "30015488" : 336,
            "30277632" : 360,
            "30539776" : 435,
            "30801920" : 492,