{
  "fio version" : "fio-3.8",
  "timestamp" : 1543185441,
  "timestamp_ms" : 1543185441642,
  "time" : "Sun Nov 25 14:37:21 2018",
  "jobs" : [
    {
      "jobname" : "wipc",
      "groupid" : 0,
      "error" : 0,
      "eta" : 0,
      "elapsed" : 1531,
      "job options" : {
        "ioengine" : "libaio",
        "group_reporting" : "1",
        "direct" : "1",
        "rw" : "write",
        "bssplit" : "128KB",
        "numjobs" : "2",
        "iodepth" : "16",
        "size" : "100%",
        "io_size" : "128035676160B",
        "filename" : "/dev/sdb"
      },
      "read" : {
        "io_bytes" : 0,
        "io_kbytes" : 0,
        "bw_bytes" : 0,
        "bw" : 0,
        "iops" : 0.000000,
        "runtime" : 0,
        "total_ios" : 0,
        "short_ios" : 0,
        "drop_ios" : 0,
        "slat_ns" : {
          "min" : 0,
          "max" : 0,
          "mean" : 0.000000,
          "stddev" : 0.000000
        },
        "clat_ns" : {
          "min" : 0,
          "max" : 0,
          "mean" : 0.000000,
          "stddev" : 0.000000,
          "percentile" : {
            "1.000000" : 0,
            "5.000000" : 0,
            "10.000000" : 0,
            "20.000000" : 0,
            "30.000000" : 0,
            "40.000000" : 0,
            "50.000000" : 0,
            "60.000000" : 0,
            "70.000000" : 0,
            "80.000000" : 0,
            "90.000000" : 0,
            "95.000000" : 0,
            "99.000000" : 0,
            "99.500000" : 0,
            "99.900000" : 0,
            "99.950000" : 0,
            "99.990000" : 0
          },
          "bins" : {

          }
        },
        "lat_ns" : {
          "min" : 0,
          "max" : 0,
          "mean" : 0.000000,
          "stddev" : 0.000000
        },
        "bw_min" : 0,
        "bw_max" : 0,
        "bw_agg" : 0.000000,
        "bw_mean" : 0.000000,
        "bw_dev" : 0.000000,
        "bw_samples" : 0,
        "iops_min" : 0,
        "iops_max" : 0,
        "iops_mean" : 0.000000,
        "iops_stddev" : 0.000000,
        "iops_samples" : 0
      },
      "write" : {
        "io_bytes" : 256071172096,
        "io_kbytes" : 250069504,
        "bw_bytes" : 167361966,
        "bw" : 163439,
        "iops" : 1276.870469,
        "runtime" : 1530044,
        "total_ios" : 1953668,
        "short_ios" : 0,
        "drop_ios" : 0,
        "slat_ns" : {
          "min" : 5359,
          "max" : 362156,
          "mean" : 13442.942166,
          "stddev" : 3772.777099
        },
        "clat_ns" : {
          "min" : 507155,
          "max" : 107416902,
          "mean" : 25035899.824322,
          "stddev" : 16733166.506022,
          "percentile" : {
            "1.000000" : 12910592,
            "5.000000" : 13172736,
            "10.000000" : 13303808,
            "20.000000" : 13565952,
            "30.000000" : 13828096,
            "40.000000" : 14090240,
            "50.000000" : 14614528,
            "60.000000" : 15138816,
            "70.000000" : 34865152,
            "80.000000" : 38535168,
            "90.000000" : 56360960,
            "95.000000" : 58458112,
            "99.000000" : 63700992,
            "99.500000" : 65273856,
            "99.900000" : 72876032,
            "99.950000" : 74973184,
            "99.990000" : 80216064
          },
          "bins" : {
            "505856" : 1,
            "1417216" : 1,
            "1433600" : 1,
            "2244608" : 1,
            "2605056" : 1,
            "2965504" : 1,
            "3325952" : 1,
            "3686400" : 1,
            "4046848" : 1,
            "4489216" : 1,
            "4882432" : 1,
            "5144576" : 1,
            "5603328" : 1,
            "5996544" : 1,
            "6324224" : 1,
            "6782976" : 1,
            "7110656" : 1,
            "7503872" : 1,
            "7897088" : 1,
            "8290304" : 1,
            "8585216" : 1,
            "8978432" : 1,
            "9764864" : 1,
            "10158080" : 1,
            "10551296" : 1,
            "10944512" : 1,
            "11206656" : 1,
            "11337728" : 6,
            "11468800" : 12,
            "11599872" : 44,
            "11730944" : 107,
            "11862016" : 125,
            "11993088" : 108,
            "12124160" : 162,
            "12255232" : 196,
            "12386304" : 351,
            "12517376" : 736,
            "12648448" : 1976,
            "12779520" : 4986,
            "12910592" : 14639,
            "13041664" : 36719,
            "13172736" : 66497,
            "13303808" : 91202,
            "13434880" : 100197,
            "13565952" : 99749,
            "13697024" : 102944,
            "13828096" : 101893,
            "13959168" : 93275,
            "14090240" : 77394,
            "14221312" : 59965,
            "14352384" : 55424,
            "14483456" : 56897,
            "14614528" : 54286,
            "14745600" : 47084,
            "14876672" : 39737,
            "15007744" : 35342,
            "15138816" : 32849,
            "15269888" : 29224,
            "15400960" : 23987,
            "15532032" : 18144,
            "15663104" : 13565,
            "15794176" : 9402,
            "15925248" : 6381,
            "16056320" : 5251,
            "16187392" : 3905,
            "16318464" : 3128,
            "16449536" : 2372,
            "16580608" : 1917,
            "16711680" : 1692,
            "16908288" : 2418,
            "17170432" : 1300,
            "17432576" : 698,
            "17694720" : 340,
            "17956864" : 136,
            "18219008" : 101,
            "18481152" : 83,
            "18743296" : 91,
            "19005440" : 118,
            "19267584" : 116,
            "19529728" : 105,
            "19791872" : 77,
            "20054016" : 50,
            "20316160" : 47,
            "20578304" : 46,
            "20840448" : 34,
            "21102592" : 15,
            "21364736" : 24,
            "21626880" : 7,
            "21889024" : 5,
            "22937600" : 2,
            "23461888" : 1,
            "23986176" : 9,
            "24510464" : 5,
            "24772608" : 17,
            "25034752" : 31,
            "25296896" : 33,
            "25559040" : 47,
            "25821184" : 76,
            "26083328" : 110,
            "26345472" : 232,
            "26607616" : 728,
            "26869760" : 3184,
            "27131904" : 4927,
            "27394048" : 2844,
            "27656192" : 1574,
            "27918336" : 1058,
            "28180480" : 756,
            "28442624" : 864,
            "28704768" : 724,
            "28966912" : 368,
            "29229056" : 309,
            "29491200" : 274,
            "29753344" : 187,
            "30015488" : 231,
            "30277632" : 251,
            "30539776" : 352,
            "30801920" : 416,
            "31064064" : 472,
            "31326208" : 461,
            "31588352" : 551,
            "31850496" : 631,
            "32112640" : 768,
            "32374784" : 1052,
            "32636928" : 1470,
            "32899072" : 1890,
            "33161216" : 2727,
            "33423360" : 3452,
            "33816576" : 10041,
            "34340864" : 15113,
            "34865152" : 20795,
            "35389440" : 27500,
            "35913728" : 33978,
            "36438016" : 35262,
            "36962304" : 31598,
            "37486592" : 28926,
            "38010880" : 23928,
            "38535168" : 16357,
            "39059456" : 11041,
            "39583744" : 8523,
            "40108032" : 7397,
            "40632320" : 6440,
            "41156608" : 5900,
            "41680896" : 5606,
            "42205184" : 5006,
            "42729472" : 4199,
            "43253760" : 3153,
            "43778048" : 2299,
            "44302336" : 1430,
            "44826624" : 866,
            "45350912" : 454,
            "45875200" : 327,
            "46399488" : 231,
            "46923776" : 225,
            "47448064" : 329,
            "47972352" : 362,