{
  "fio version" : "fio-3.8",
  "timestamp" : 1543787937,
  "timestamp_ms" : 1543787937805,
  "time" : "Sun Dec  2 13:58:57 2018",
  "jobs" : [
    {
      "jobname" : "wipc",
      "groupid" : 0,
      "error" : 0,
      "eta" : 0,
      "elapsed" : 1410,
      "job options" : {
        "ioengine" : "libaio",
        "group_reporting" : "1",
        "direct" : "1",
        "rw" : "write",
        "bssplit" : "128KB",
        "numjobs" : "2",
        "iodepth" : "16",
        "size" : "75%",
        "io_size" : "128035676160B",
        "filename" : "/dev/sda"
      },
      "read" : {
        "io_bytes" : 0,
        "io_kbytes" : 0,
        "bw_bytes" : 0,
        "bw" : 0,
        "iops" : 0.000000,
        "runtime" : 0,
        "total_ios" : 0,
        "short_ios" : 0,
        "drop_ios" : 0,
        "slat_ns" : {
          "min" : 0,
          "max" : 0,
          "mean" : 0.000000,
          "stddev" : 0.000000
        },
        "clat_ns" : {
          "min" : 0,
          "max" : 0,
          "mean" : 0.000000,
          "stddev" : 0.000000,
          "percentile" : {
            "1.000000" : 0,
            "5.000000" : 0,
            "10.000000" : 0,
            "20.000000" : 0,
            "30.000000" : 0,
            "40.000000" : 0,
            "50.000000" : 0,
            "60.000000" : 0,
            "70.000000" : 0,
            "80.000000" : 0,
            "90.000000" : 0,
            "95.000000" : 0,
            "99.000000" : 0,
            "99.500000" : 0,
            "99.900000" : 0,
            "99.950000" : 0,
            "99.990000" : 0
          },
          "bins" : {

          }
        },
        "lat_ns" : {
          "min" : 0,
          "max" : 0,
          "mean" : 0.000000,
          "stddev" : 0.000000
        },
        "bw_min" : 0,
        "bw_max" : 0,
        "bw_agg" : 0.000000,
        "bw_mean" : 0.000000,
        "bw_dev" : 0.000000,
        "bw_samples" : 0,
        "iops_min" : 0,
        "iops_max" : 0,
        "iops_mean" : 0.000000,
        "iops_stddev" : 0.000000,
        "iops_samples" : 0
      },
      "write" : {
        "io_bytes" : 256071434240,
        "io_kbytes" : 250069760,
        "bw_bytes" : 181637612,
        "bw" : 177380,
        "iops" : 1385.785005,
        "runtime" : 1409793,
        "total_ios" : 1953670,
        "short_ios" : 0,
        "drop_ios" : 0,
        "slat_ns" : {
          "min" : 5352,
          "max" : 347097,
          "mean" : 13559.491697,
          "stddev" : 4069.319431
        },
        "clat_ns" : {
          "min" : 876135,
          "max" : 134761885,
          "mean" : 23068553.446351,
          "stddev" : 15378407.698166,
          "percentile" : {
            "1.000000" : 12779520,
            "5.000000" : 12910592,
            "10.000000" : 13041664,
            "20.000000" : 13303808,
            "30.000000" : 13565952,
            "40.000000" : 13828096,
            "50.000000" : 14090240,
            "60.000000" : 14614528,
            "70.000000" : 26607616,
            "80.000000" : 36438016,
            "90.000000" : 54263808,
            "95.000000" : 56885248,
            "99.000000" : 62652416,
            "99.500000" : 64749568,
            "99.900000" : 77070336,
            "99.950000" : 84410368,
            "99.990000" : 96993280
          },
          "bins" : {
            "872448" : 1,
            "1335296" : 1,
            "1351680" : 1,
            "2056192" : 1,
            "2441216" : 1,
            "2768896" : 1,
            "3227648" : 1,
            "3653632" : 1,
            "3948544" : 1,
            "4358144" : 1,
            "4685824" : 1,
            "5079040" : 1,
            "5603328" : 1,
            "5931008" : 1,
            "6258688" : 1,
            "6389760" : 1,
            "6455296" : 2,
            "6586368" : 2,
            "6651904" : 3,
            "6717440" : 6,
            "6782976" : 9,
            "6848512" : 54,
            "6914048" : 29,
            "6979584" : 31,
            "7045120" : 21,
            "7110656" : 12,
            "7176192" : 3,
            "7241728" : 4,
            "7307264" : 2,
            "7438336" : 4,
            "7503872" : 2,
            "7569408" : 3,
            "7634944" : 10,
            "7700480" : 14,
            "7766016" : 6,
            "7831552" : 6,
            "7897088" : 2,
            "7962624" : 4,
            "8093696" : 1,
            "8159232" : 3,
            "8224768" : 1,
            "8290304" : 1,
            "8454144" : 2,
            "8716288" : 1,
            "8847360" : 1,
            "9240576" : 2,
            "9371648" : 2,
            "9633792" : 2,
            "9764864" : 1,
            "9895936" : 1,
            "10027008" : 1,
            "10158080" : 2,
            "10420224" : 1,
            "10551296" : 1,
            "10813440" : 1,
            "11075584" : 12,
            "11206656" : 32,
            "11337728" : 75,
            "11468800" : 121,
            "11599872" : 117,
            "11730944" : 156,
            "11862016" : 223,
            "11993088" : 246,
            "12124160" : 399,
            "12255232" : 513,
            "12386304" : 1054,
            "12517376" : 3386,
            "12648448" : 11408,
            "12779520" : 32711,
            "12910592" : 66720,
            "13041664" : 90150,
            "13172736" : 103467,
            "13303808" : 113728,
            "13434880" : 117265,
            "13565952" : 116527,
            "13697024" : 103426,
            "13828096" : 82011,
            "13959168" : 72841,
            "14090240" : 66704,
            "14221312" : 61340,
            "14352384" : 54495,
            "14483456" : 45291,
            "14614528" : 38249,
            "14745600" : 36082,
            "14876672" : 33629,
            "15007744" : 28860,
            "15138816" : 23767,
            "15269888" : 17138,
            "15400960" : 12317,
            "15532032" : 8142,
            "15663104" : 5680,
            "15794176" : 3709,
            "15925248" : 2786,
            "16056320" : 2249,
            "16187392" : 1648,
            "16318464" : 1328,
            "16449536" : 937,
            "16580608" : 701,
            "16711680" : 461,
            "16908288" : 668,
            "17170432" : 451,
            "17432576" : 291,
            "17694720" : 192,
            "17956864" : 108,
            "18219008" : 74,
            "18481152" : 99,
            "18743296" : 110,
            "19005440" : 50,
            "19267584" : 72,
            "19529728" : 47,
            "19791872" : 35,
            "20054016" : 27,
            "20316160" : 22,
            "20578304" : 11,
            "20840448" : 6,
            "21102592" : 7,
            "21364736" : 9,
            "21626880" : 5,
            "21889024" : 7,
            "22151168" : 3,
            "22413312" : 1,
            "22675456" : 3,
            "22937600" : 10,
            "23461888" : 5,
            "23724032" : 4,
            "23986176" : 17,
            "24248320" : 9,
            "24510464" : 8,
            "24772608" : 28,
            "25034752" : 26,
            "25296896" : 56,
            "25559040" : 113,
            "25821184" : 127,
            "26083328" : 260,
            "26345472" : 1353,
            "26607616" : 4163,
            "26869760" : 3747,
            "27131904" : 1873,
            "27394048" : 1292,
            "27656192" : 1104,
            "27918336" : 1099,
            "28180480" : 1424,
            "28442624" : 1291,
            "28704768" : 774,
            "28966912" : 425,
            "29229056" : 331,
            "29491200" : 303,
            "29753344" : 293,
            "30015488" : 398,
            "30277632" : 467,
            "30539776" : 522,
            "30801920" : 555,
            "31064064" : 676,
            "31326208" : 854,
            "31588352" : 1153,
            "31850496" : 1441,
            "32112640" : 1995,
            "32374784" : 2658,
            "32636928" : 3542,