{
  "fio version" : "fio-3.8",
  "timestamp" : 1541396798,
  "timestamp_ms" : 1541396798795,
  "time" : "Sun Nov  4 21:46:38 2018",
  "jobs" : [
    {
      "jobname" : "wipc",
      "groupid" : 0,
      "error" : 0,
      "eta" : 0,
      "elapsed" : 1429,
      "job options" : {
        "ioengine" : "libaio",
        "group_reporting" : "1",
        "direct" : "1",
        "rw" : "write",
        "bssplit" : "128KB",
        "numjobs" : "2",
        "iodepth" : "16",
        "size" : "75%",
        "io_size" : "128035676160B",
        "filename" : "/dev/sdb"
      },
      "read" : {
        "io_bytes" : 0,
        "io_kbytes" : 0,
        "bw_bytes" : 0,
        "bw" : 0,
        "iops" : 0.000000,
        "runtime" : 0,
        "total_ios" : 0,
        "short_ios" : 0,
        "drop_ios" : 0,
        "slat_ns" : {
          "min" : 0,
          "max" : 0,
          "mean" : 0.000000,
          "stddev" : 0.000000
        },
        "clat_ns" : {
          "min" : 0,
          "max" : 0,
          "mean" : 0.000000,
          "stddev" : 0.000000,
          "percentile" : {
            "1.000000" : 0,
            "5.000000" : 0,
            "10.000000" : 0,
            "20.000000" : 0,
            "30.000000" : 0,
            "40.000000" : 0,
            "50.000000" : 0,
            "60.000000" : 0,
            "70.000000" : 0,
            "80.000000" : 0,
            "90.000000" : 0,
            "95.000000" : 0,
            "99.000000" : 0,
            "99.500000" : 0,
            "99.900000" : 0,
            "99.950000" : 0,
            "99.990000" : 0
          },
          "bins" : {

          }
        },
        "lat_ns" : {
          "min" : 0,
          "max" : 0,
          "mean" : 0.000000,
          "stddev" : 0.000000
        },
        "bw_min" : 0,
        "bw_max" : 0,
        "bw_agg" : 0.000000,
        "bw_mean" : 0.000000,
        "bw_dev" : 0.000000,
        "bw_samples" : 0,
        "iops_min" : 0,
        "iops_max" : 0,
        "iops_mean" : 0.000000,
        "iops_stddev" : 0.000000,
        "iops_samples" : 0
      },
      "write" : {
        "io_bytes" : 256071434240,
        "io_kbytes" : 250069760,
        "bw_bytes" : 179317839,
        "bw" : 175115,
        "iops" : 1368.086547,
        "runtime" : 1428031,
        "total_ios" : 1953670,
        "short_ios" : 0,
        "drop_ios" : 0,
        "slat_ns" : {
          "min" : 5379,
          "max" : 626712,
          "mean" : 11077.248035,
          "stddev" : 3893.630219
        },
        "clat_ns" : {
          "min" : 488185,
          "max" : 124396816,
          "mean" : 23374156.906352,
          "stddev" : 15584004.835893,
          "percentile" : {
            "1.000000" : 12648448,
            "5.000000" : 12910592,
            "10.000000" : 13041664,
            "20.000000" : 13172736,
            "30.000000" : 13303808,
            "40.000000" : 13434880,
            "50.000000" : 13697024,
            "60.000000" : 14090240,
            "70.000000" : 33423360,
            "80.000000" : 36438016,
            "90.000000" : 54263808,
            "95.000000" : 56885248,
            "99.000000" : 62652416,
            "99.500000" : 64749568,
            "99.900000" : 74973184,
            "99.950000" : 82313216,
            "99.990000" : 94896128
          },
          "bins" : {
            "489472" : 1,
            "1286144" : 1,
            "1318912" : 1,
            "1990656" : 1,
            "2375680" : 1,
            "2801664" : 1,
            "2998272" : 1,
            "3227648" : 1,
            "3620864" : 1,
            "4014080" : 1,
            "4292608" : 1,
            "4751360" : 1,
            "5079040" : 1,
            "5603328" : 1,
            "5734400" : 1,
            "5865472" : 1,
            "6062080" : 1,
            "6258688" : 1,
            "6389760" : 1,
            "6586368" : 1,
            "6651904" : 1,
            "6782976" : 3,
            "6848512" : 10,
            "6914048" : 11,
            "6979584" : 3,
            "7045120" : 4,
            "7110656" : 4,
            "7176192" : 16,
            "7241728" : 14,
            "7307264" : 12,
            "7372800" : 29,
            "7438336" : 4,
            "7503872" : 6,
            "7569408" : 3,
            "7634944" : 4,
            "7700480" : 1,
            "7766016" : 2,
            "7831552" : 1,
            "7897088" : 1,
            "8028160" : 1,
            "8093696" : 1,
            "8224768" : 10,
            "8290304" : 1,
            "8355840" : 2,
            "8454144" : 4,
            "8585216" : 3,
            "8716288" : 8,
            "8847360" : 8,
            "8978432" : 1,
            "9109504" : 2,
            "9240576" : 1,
            "9502720" : 1,
            "9633792" : 1,
            "9764864" : 1,
            "9895936" : 2,
            "10027008" : 1,
            "10158080" : 1,
            "10289152" : 2,
            "10420224" : 1,
            "10682368" : 4,
            "10813440" : 1,
            "10944512" : 1,
            "11075584" : 4,
            "11206656" : 40,
            "11337728" : 117,
            "11468800" : 204,
            "11599872" : 163,
            "11730944" : 191,
            "11862016" : 221,
            "11993088" : 331,
            "12124160" : 615,
            "12255232" : 934,
            "12386304" : 1826,
            "12517376" : 5584,
            "12648448" : 16274,
            "12779520" : 44963,
            "12910592" : 101701,
            "13041664" : 152145,
            "13172736" : 173586,
            "13303808" : 174265,
            "13434880" : 135895,
            "13565952" : 104708,
            "13697024" : 94258,
            "13828096" : 73661,
            "13959168" : 52993,
            "14090240" : 37850,
            "14221312" : 27065,
            "14352384" : 21564,
            "14483456" : 16235,
            "14614528" : 12286,
            "14745600" : 10667,
            "14876672" : 9539,
            "15007744" : 8607,
            "15138816" : 7929,
            "15269888" : 6701,
            "15400960" : 5424,
            "15532032" : 4956,
            "15663104" : 3705,
            "15794176" : 3146,
            "15925248" : 2738,
            "16056320" : 1824,
            "16187392" : 1426,
            "16318464" : 1265,
            "16449536" : 917,
            "16580608" : 602,
            "16711680" : 465,
            "16908288" : 584,
            "17170432" : 304,
            "17432576" : 174,
            "17694720" : 82,
            "17956864" : 70,
            "18219008" : 28,
            "18481152" : 34,
            "18743296" : 59,
            "19005440" : 107,
            "19267584" : 97,
            "19529728" : 128,
            "19791872" : 111,
            "20054016" : 68,
            "20316160" : 90,
            "20578304" : 87,
            "20840448" : 60,
            "21102592" : 48,
            "21364736" : 46,
            "21626880" : 27,
            "21889024" : 29,
            "22151168" : 15,
            "22413312" : 10,
            "22675456" : 7,
            "22937600" : 5,
            "23199744" : 2,
            "23461888" : 4,
            "23724032" : 11,
            "23986176" : 3,
            "24248320" : 6,
            "24510464" : 3,
            "24772608" : 4,
            "25034752" : 9,
            "25296896" : 18,
            "25559040" : 42,
            "25821184" : 175,
            "26083328" : 598,
            "26345472" : 3226,
            "26607616" : 5461,
            "26869760" : 3454,
            "27131904" : 1693,
            "27394048" : 1202,
            "27656192" : 858,
            "27918336" : 724,
            "28180480" : 424,
            "28442624" : 313,
            "28704768" : 263,
            "28966912" : 188,
            "29229056" : 203,
            "29491200" : 240,
            "29753344" : 270,
            "30015488" : 340,
            "30277632" : 385,
            "30539776" : 379,
            "30801920" : 513,