{
  "fio version" : "fio-3.8",
  "timestamp" : 1542390311,
  "timestamp_ms" : 1542390311824,
  "time" : "Fri Nov 16 17:45:11 2018",
  "jobs" : [
    {
      "jobname" : "wipc",
      "groupid" : 0,
      "error" : 0,
      "eta" : 0,
      "elapsed" : 1390,
      "job options" : {
        "ioengine" : "libaio",
        "group_reporting" : "1",
        "direct" : "1",
        "rw" : "write",
        "bssplit" : "128KB",
        "numjobs" : "2",
        "iodepth" : "16",
        "size" : "75%",
        "io_size" : "128035676160B",
        "filename" : "/dev/sda"
      },
      "read" : {
        "io_bytes" : 0,
        "io_kbytes" : 0,
        "bw_bytes" : 0,
        "bw" : 0,
        "iops" : 0.000000,
        "runtime" : 0,
        "total_ios" : 0,
        "short_ios" : 0,
        "drop_ios" : 0,
        "slat_ns" : {
          "min" : 0,
          "max" : 0,
          "mean" : 0.000000,
          "stddev" : 0.000000
        },
        "clat_ns" : {
          "min" : 0,
          "max" : 0,
          "mean" : 0.000000,
          "stddev" : 0.000000,
          "percentile" : {
            "1.000000" : 0,
            "5.000000" : 0,
            "10.000000" : 0,
            "20.000000" : 0,
            "30.000000" : 0,
            "40.000000" : 0,
            "50.000000" : 0,
            "60.000000" : 0,
            "70.000000" : 0,
            "80.000000" : 0,
            "90.000000" : 0,
            "95.000000" : 0,
            "99.000000" : 0,
            "99.500000" : 0,
            "99.900000" : 0,
            "99.950000" : 0,
            "99.990000" : 0
          },
          "bins" : {

          }
        },
        "lat_ns" : {
          "min" : 0,
          "max" : 0,
          "mean" : 0.000000,
          "stddev" : 0.000000
        },
        "bw_min" : 0,
        "bw_max" : 0,
        "bw_agg" : 0.000000,
        "bw_mean" : 0.000000,
        "bw_dev" : 0.000000,
        "bw_samples" : 0,
        "iops_min" : 0,
        "iops_max" : 0,
        "iops_mean" : 0.000000,
        "iops_stddev" : 0.000000,
        "iops_samples" : 0
      },
      "write" : {
        "io_bytes" : 256071434240,
        "io_kbytes" : 250069760,
        "bw_bytes" : 184285305,
        "bw" : 179966,
        "iops" : 1405.985299,
        "runtime" : 1389538,
        "total_ios" : 1953670,
        "short_ios" : 0,
        "drop_ios" : 0,
        "slat_ns" : {
          "min" : 20708,
          "max" : 17835125,
          "mean" : 59074.697386,
          "stddev" : 63399.403595
        },
        "clat_ns" : {
          "min" : 1848291,
          "max" : 123188625,
          "mean" : 22690669.084603,
          "stddev" : 16122332.192470,
          "percentile" : {
            "1.000000" : 12386304,
            "5.000000" : 12779520,
            "10.000000" : 12910592,
            "20.000000" : 13172736,
            "30.000000" : 13434880,
            "40.000000" : 13697024,
            "50.000000" : 13959168,
            "60.000000" : 14483456,
            "70.000000" : 15400960,
            "80.000000" : 36438016,
            "90.000000" : 55312384,
            "95.000000" : 57933824,
            "99.000000" : 64225280,
            "99.500000" : 65798144,
            "99.900000" : 78118912,
            "99.950000" : 89653248,
            "99.990000" : 103284736
          },
          "bins" : {
            "1843200" : 1,
            "1859584" : 1,
            "1875968" : 1,
            "1941504" : 2,
            "1974272" : 3,
            "2473984" : 1,
            "3358720" : 1,
            "3391488" : 1,
            "3489792" : 3,
            "3588096" : 3,
            "3620864" : 6,
            "3719168" : 3,
            "3751936" : 1,
            "3817472" : 1,
            "3850240" : 1,
            "3883008" : 2,
            "3915776" : 1,
            "3948544" : 4,
            "4177920" : 4,
            "4227072" : 2,
            "4292608" : 1,
            "4423680" : 4,
            "4489216" : 3,
            "4554752" : 2,
            "4620288" : 2,
            "4685824" : 1,
            "4751360" : 5,
            "4816896" : 1,
            "4882432" : 3,
            "5013504" : 1,
            "5079040" : 3,
            "5144576" : 1,
            "5210112" : 2,
            "5275648" : 1,
            "5341184" : 1,
            "5406720" : 3,
            "5472256" : 5,
            "5537792" : 5,
            "5603328" : 2,
            "5668864" : 14,
            "5734400" : 2,
            "5799936" : 3,
            "5865472" : 3,
            "5931008" : 5,
            "5996544" : 8,
            "6062080" : 18,
            "6127616" : 15,
            "6193152" : 10,
            "6258688" : 5,
            "6324224" : 5,
            "6389760" : 17,
            "6455296" : 28,
            "6520832" : 29,
            "6586368" : 18,
            "6651904" : 24,
            "6717440" : 34,
            "6782976" : 48,
            "6848512" : 40,
            "6914048" : 22,
            "6979584" : 20,
            "7045120" : 27,
            "7110656" : 46,
            "7176192" : 19,
            "7241728" : 24,
            "7307264" : 24,
            "7372800" : 21,
            "7438336" : 36,
            "7503872" : 29,
            "7569408" : 29,
            "7634944" : 20,
            "7700480" : 27,
            "7766016" : 25,
            "7831552" : 39,
            "7897088" : 35,
            "7962624" : 29,
            "8028160" : 28,
            "8093696" : 29,
            "8159232" : 39,
            "8224768" : 33,
            "8290304" : 39,
            "8355840" : 33,
            "8454144" : 68,
            "8585216" : 82,
            "8716288" : 79,
            "8847360" : 82,
            "8978432" : 87,
            "9109504" : 105,
            "9240576" : 104,
            "9371648" : 129,
            "9502720" : 108,
            "9633792" : 124,
            "9764864" : 134,
            "9895936" : 149,
            "10027008" : 170,
            "10158080" : 193,
            "10289152" : 194,
            "10420224" : 245,
            "10551296" : 290,
            "10682368" : 366,
            "10813440" : 410,
            "10944512" : 472,
            "11075584" : 531,
            "11206656" : 582,
            "11337728" : 680,
            "11468800" : 699,
            "11599872" : 748,
            "11730944" : 896,
            "11862016" : 1259,
            "11993088" : 1648,
            "12124160" : 2228,
            "12255232" : 3787,
            "12386304" : 7466,
            "12517376" : 15869,
            "12648448" : 32942,
            "12779520" : 58355,
            "12910592" : 87971,
            "13041664" : 105429,
            "13172736" : 110103,
            "13303808" : 108120,
            "13434880" : 103565,
            "13565952" : 97370,
            "13697024" : 89797,
            "13828096" : 79148,
            "13959168" : 66996,
            "14090240" : 57504,
            "14221312" : 50563,
            "14352384" : 47074,
            "14483456" : 43306,
            "14614528" : 40005,
            "14745600" : 38318,
            "14876672" : 35201,
            "15007744" : 30145,
            "15138816" : 24441,
            "15269888" : 19427,
            "15400960" : 15862,
            "15532032" : 11981,
            "15663104" : 9322,
            "15794176" : 7251,
            "15925248" : 5902,
            "16056320" : 4560,
            "16187392" : 3490,
            "16318464" : 2520,
            "16449536" : 2023,
            "16580608" : 1514,
            "16711680" : 1222,
            "16908288" : 1703,
            "17170432" : 941,
            "17432576" : 706,
            "17694720" : 521,
            "17956864" : 364,
            "18219008" : 238,
            "18481152" : 206,
            "18743296" : 187,
            "19005440" : 177,
            "19267584" : 166,
            "19529728" : 180,
            "19791872" : 129,
            "20054016" : 159,
            "20316160" : 151,
            "20578304" : 120,