{
  "fio version" : "fio-3.8",
  "timestamp" : 1542397948,
  "timestamp_ms" : 1542397948617,
  "time" : "Fri Nov 16 19:52:28 2018",
  "jobs" : [
    {
      "jobname" : "wipc",
      "groupid" : 0,
      "error" : 0,
      "eta" : 0,
      "elapsed" : 1378,
      "job options" : {
        "ioengine" : "libaio",
        "group_reporting" : "1",
        "direct" : "1",
        "rw" : "write",
        "bssplit" : "128KB",
        "numjobs" : "2",
        "iodepth" : "16",
        "size" : "75%",
        "io_size" : "128035676160B",
        "filename" : "/dev/sda"
      },
      "read" : {
        "io_bytes" : 0,
        "io_kbytes" : 0,
        "bw_bytes" : 0,
        "bw" : 0,
        "iops" : 0.000000,
        "runtime" : 0,
        "total_ios" : 0,
        "short_ios" : 0,
        "drop_ios" : 0,
        "slat_ns" : {
          "min" : 0,
          "max" : 0,
          "mean" : 0.000000,
          "stddev" : 0.000000
        },
        "clat_ns" : {
          "min" : 0,
          "max" : 0,
          "mean" : 0.000000,
          "stddev" : 0.000000,
          "percentile" : {
            "1.000000" : 0,
            "5.000000" : 0,
            "10.000000" : 0,
            "20.000000" : 0,
            "30.000000" : 0,
            "40.000000" : 0,
            "50.000000" : 0,
            "60.000000" : 0,
            "70.000000" : 0,
            "80.000000" : 0,
            "90.000000" : 0,
            "95.000000" : 0,
            "99.000000" : 0,
            "99.500000" : 0,
            "99.900000" : 0,
            "99.950000" : 0,
            "99.990000" : 0
          },
          "bins" : {

          }
        },
        "lat_ns" : {
          "min" : 0,
          "max" : 0,
          "mean" : 0.000000,
          "stddev" : 0.000000
        },
        "bw_min" : 0,
        "bw_max" : 0,
        "bw_agg" : 0.000000,
        "bw_mean" : 0.000000,
        "bw_dev" : 0.000000,
        "bw_samples" : 0,
        "iops_min" : 0,
        "iops_max" : 0,
        "iops_mean" : 0.000000,
        "iops_stddev" : 0.000000,
        "iops_samples" : 0
      },
      "write" : {
        "io_bytes" : 256071434240,
        "io_kbytes" : 250069760,
        "bw_bytes" : 185886871,
        "bw" : 181530,
        "iops" : 1418.204282,
        "runtime" : 1377566,
        "total_ios" : 1953670,
        "short_ios" : 0,
        "drop_ios" : 0,
        "slat_ns" : {
          "min" : 22167,
          "max" : 18773416,
          "mean" : 58501.939126,
          "stddev" : 69257.956314
        },
        "clat_ns" : {
          "min" : 1596000,
          "max" : 117772625,
          "mean" : 22496733.526647,
          "stddev" : 15341115.968960,
          "percentile" : {
            "1.000000" : 12255232,
            "5.000000" : 12779520,
            "10.000000" : 12910592,
            "20.000000" : 13172736,
            "30.000000" : 13303808,
            "40.000000" : 13565952,
            "50.000000" : 13828096,
            "60.000000" : 14352384,
            "70.000000" : 15532032,
            "80.000000" : 36438016,
            "90.000000" : 54263808,
            "95.000000" : 57409536,
            "99.000000" : 63700992,
            "99.500000" : 65273856,
            "99.900000" : 74973184,
            "99.950000" : 81264640,
            "99.990000" : 98041856
          },
          "bins" : {
            "1597440" : 2,
            "1630208" : 1,
            "1744896" : 1,
            "1777664" : 1,
            "2310144" : 1,
            "2473984" : 2,
            "2605056" : 1,
            "2637824" : 1,
            "2736128" : 2,
            "2998272" : 1,
            "3162112" : 1,
            "3358720" : 1,
            "3489792" : 1,
            "4358144" : 1,
            "4751360" : 1,
            "4882432" : 1,
            "4947968" : 1,
            "5013504" : 1,
            "5144576" : 1,
            "5210112" : 1,
            "5275648" : 1,
            "5341184" : 1,
            "5406720" : 3,
            "5472256" : 1,
            "5537792" : 1,
            "5668864" : 4,
            "5734400" : 4,
            "5799936" : 1,
            "5865472" : 5,
            "5931008" : 1,
            "5996544" : 6,
            "6062080" : 8,
            "6127616" : 11,
            "6193152" : 18,
            "6258688" : 9,
            "6324224" : 17,
            "6389760" : 24,
            "6455296" : 20,
            "6520832" : 27,
            "6586368" : 19,
            "6651904" : 36,
            "6717440" : 10,
            "6782976" : 12,
            "6848512" : 17,
            "6914048" : 22,
            "6979584" : 16,
            "7045120" : 20,
            "7110656" : 28,
            "7176192" : 11,
            "7241728" : 16,
            "7307264" : 25,
            "7372800" : 41,
            "7438336" : 37,
            "7503872" : 20,
            "7569408" : 26,
            "7634944" : 23,
            "7700480" : 28,
            "7766016" : 31,
            "7831552" : 34,
            "7897088" : 28,
            "7962624" : 36,
            "8028160" : 44,
            "8093696" : 28,
            "8159232" : 33,
            "8224768" : 40,
            "8290304" : 45,
            "8355840" : 45,
            "8454144" : 106,
            "8585216" : 130,
            "8716288" : 136,
            "8847360" : 128,
            "8978432" : 128,
            "9109504" : 136,
            "9240576" : 147,
            "9371648" : 168,
            "9502720" : 188,
            "9633792" : 182,
            "9764864" : 247,
            "9895936" : 232,
            "10027008" : 257,
            "10158080" : 272,
            "10289152" : 295,
            "10420224" : 273,
            "10551296" : 351,
            "10682368" : 397,
            "10813440" : 407,
            "10944512" : 511,
            "11075584" : 588,
            "11206656" : 693,
            "11337728" : 876,
            "11468800" : 879,
            "11599872" : 835,
            "11730944" : 1039,
            "11862016" : 1301,
            "11993088" : 1614,
            "12124160" : 2558,
            "12255232" : 3934,
            "12386304" : 7761,
            "12517376" : 17091,
            "12648448" : 36228,
            "12779520" : 67991,
            "12910592" : 103787,
            "13041664" : 122410,
            "13172736" : 124964,
            "13303808" : 120080,
            "13434880" : 110814,
            "13565952" : 101768,
            "13697024" : 89230,
            "13828096" : 74669,
            "13959168" : 60100,
            "14090240" : 48916,
            "14221312" : 42258,
            "14352384" : 36649,
            "14483456" : 34143,
            "14614528" : 31703,
            "14745600" : 29802,
            "14876672" : 26901,
            "15007744" : 22121,
            "15138816" : 17219,
            "15269888" : 12174,
            "15400960" : 8820,
            "15532032" : 6156,
            "15663104" : 4736,
            "15794176" : 3663,
            "15925248" : 2812,
            "16056320" : 2139,
            "16187392" : 1433,
            "16318464" : 1124,
            "16449536" : 946,
            "16580608" : 775,
            "16711680" : 555,
            "16908288" : 983,
            "17170432" : 704,
            "17432576" : 640,
            "17694720" : 548,
            "17956864" : 404,
            "18219008" : 312,
            "18481152" : 303,
            "18743296" : 273,
            "19005440" : 322,
            "19267584" : 289,
            "19529728" : 245,
            "19791872" : 236,
            "20054016" : 214,
            "20316160" : 182,
            "20578304" : 176,
            "20840448" : 150,
            "21102592" : 151,
            "21364736" : 130,
            "21626880" : 99,
            "21889024" : 71,
            "22151168" : 59,
            "22413312" : 67,
            "22675456" : 50,
            "22937600" : 37,
            "23199744" : 46,
            "23461888" : 32,
            "23724032" : 35,
            "23986176" : 38,