{
  "fio version" : "fio-3.8",
  "timestamp" : 1542406167,
  "timestamp_ms" : 1542406167293,
  "time" : "Fri Nov 16 22:09:27 2018",
  "jobs" : [
    {
      "jobname" : "wipc",
      "groupid" : 0,
      "error" : 0,
      "eta" : 0,
      "elapsed" : 1470,
      "job options" : {
        "ioengine" : "libaio",
        "group_reporting" : "1",
        "direct" : "1",
        "rw" : "write",
        "bssplit" : "128KB",
        "numjobs" : "2",
        "iodepth" : "16",
        "size" : "75%",
        "io_size" : "128035676160B",
        "filename" : "/dev/sda"
      },
      "read" : {
        "io_bytes" : 0,
        "io_kbytes" : 0,
        "bw_bytes" : 0,
        "bw" : 0,
        "iops" : 0.000000,
        "runtime" : 0,
        "total_ios" : 0,
        "short_ios" : 0,
        "drop_ios" : 0,
        "slat_ns" : {
          "min" : 0,
          "max" : 0,
          "mean" : 0.000000,
          "stddev" : 0.000000
        },
        "clat_ns" : {
          "min" : 0,
          "max" : 0,
          "mean" : 0.000000,
          "stddev" : 0.000000,
          "percentile" : {
            "1.000000" : 0,
            "5.000000" : 0,
            "10.000000" : 0,
            "20.000000" : 0,
            "30.000000" : 0,
            "40.000000" : 0,
            "50.000000" : 0,
            "60.000000" : 0,
            "70.000000" : 0,
            "80.000000" : 0,
            "90.000000" : 0,
            "95.000000" : 0,
            "99.000000" : 0,
            "99.500000" : 0,
            "99.900000" : 0,
            "99.950000" : 0,
            "99.990000" : 0
          },
          "bins" : {

          }
        },
        "lat_ns" : {
          "min" : 0,
          "max" : 0,
          "mean" : 0.000000,
          "stddev" : 0.000000
        },
        "bw_min" : 0,
        "bw_max" : 0,
        "bw_agg" : 0.000000,
        "bw_mean" : 0.000000,
        "bw_dev" : 0.000000,
        "bw_samples" : 0,
        "iops_min" : 0,
        "iops_max" : 0,
        "iops_mean" : 0.000000,
        "iops_stddev" : 0.000000,
        "iops_samples" : 0
      },
      "write" : {
        "io_bytes" : 256071434240,
        "io_kbytes" : 250069760,
        "bw_bytes" : 174251715,
        "bw" : 170167,
        "iops" : 1329.435085,
        "runtime" : 1469549,
        "total_ios" : 1953670,
        "short_ios" : 0,
        "drop_ios" : 0,
        "slat_ns" : {
          "min" : 21875,
          "max" : 19040875,
          "mean" : 59577.766592,
          "stddev" : 71473.023403
        },
        "clat_ns" : {
          "min" : 2218708,
          "max" : 123709083,
          "mean" : 23998125.839433,
          "stddev" : 16485876.869954,
          "percentile" : {
            "1.000000" : 12386304,
            "5.000000" : 12779520,
            "10.000000" : 12910592,
            "20.000000" : 13172736,
            "30.000000" : 13434880,
            "40.000000" : 13697024,
            "50.000000" : 13959168,
            "60.000000" : 14614528,
            "70.000000" : 33423360,
            "80.000000" : 37486592,
            "90.000000" : 55836672,
            "95.000000" : 58458112,
            "99.000000" : 64225280,
            "99.500000" : 66322432,
            "99.900000" : 80216064,
            "99.950000" : 89653248,
            "99.990000" : 101187584
          },
          "bins" : {
            "2211840" : 1,
            "2277376" : 2,
            "2342912" : 4,
            "2375680" : 2,
            "2539520" : 1,
            "2572288" : 1,
            "2637824" : 1,
            "2703360" : 1,
            "2768896" : 1,
            "2801664" : 1,
            "2834432" : 2,
            "2867200" : 1,
            "2965504" : 1,
            "3096576" : 1,
            "3358720" : 2,
            "3457024" : 1,
            "3555328" : 1,
            "3620864" : 1,
            "3686400" : 1,
            "3751936" : 2,
            "3883008" : 2,
            "3948544" : 1,
            "4046848" : 1,
            "4292608" : 1,
            "4489216" : 1,
            "4685824" : 1,
            "4947968" : 1,
            "5079040" : 1,
            "5144576" : 2,
            "5275648" : 1,
            "5341184" : 2,
            "5406720" : 2,
            "5472256" : 3,
            "5668864" : 1,
            "5734400" : 1,
            "5865472" : 7,
            "5931008" : 6,
            "5996544" : 1,
            "6062080" : 5,
            "6127616" : 5,
            "6193152" : 10,
            "6258688" : 10,
            "6324224" : 6,
            "6389760" : 4,
            "6455296" : 17,
            "6520832" : 19,
            "6586368" : 23,
            "6651904" : 37,
            "6717440" : 35,
            "6782976" : 36,
            "6848512" : 37,
            "6914048" : 26,
            "6979584" : 30,
            "7045120" : 25,
            "7110656" : 18,
            "7176192" : 20,
            "7241728" : 38,
            "7307264" : 30,
            "7372800" : 24,
            "7438336" : 20,
            "7503872" : 32,
            "7569408" : 29,
            "7634944" : 29,
            "7700480" : 25,
            "7766016" : 29,
            "7831552" : 25,
            "7897088" : 44,
            "7962624" : 39,
            "8028160" : 27,
            "8093696" : 26,
            "8159232" : 36,
            "8224768" : 21,
            "8290304" : 26,
            "8355840" : 26,
            "8454144" : 59,
            "8585216" : 72,
            "8716288" : 71,
            "8847360" : 56,
            "8978432" : 76,
            "9109504" : 82,
            "9240576" : 105,
            "9371648" : 95,
            "9502720" : 116,
            "9633792" : 121,
            "9764864" : 145,
            "9895936" : 142,
            "10027008" : 152,
            "10158080" : 164,
            "10289152" : 203,
            "10420224" : 197,
            "10551296" : 239,
            "10682368" : 294,
            "10813440" : 349,
            "10944512" : 484,
            "11075584" : 506,
            "11206656" : 613,
            "11337728" : 715,
            "11468800" : 737,
            "11599872" : 765,
            "11730944" : 894,
            "11862016" : 1156,
            "11993088" : 1617,
            "12124160" : 2182,
            "12255232" : 3698,
            "12386304" : 7562,
            "12517376" : 16312,
            "12648448" : 34498,
            "12779520" : 64022,
            "12910592" : 97150,
            "13041664" : 114780,
            "13172736" : 114951,
            "13303808" : 113819,
            "13434880" : 104942,
            "13565952" : 96083,
            "13697024" : 85438,
            "13828096" : 72127,
            "13959168" : 58418,
            "14090240" : 47004,
            "14221312" : 39474,
            "14352384" : 35853,
            "14483456" : 32313,
            "14614528" : 31061,
            "14745600" : 28877,
            "14876672" : 25701,
            "15007744" : 21861,
            "15138816" : 16851,
            "15269888" : 12936,
            "15400960" : 9280,
            "15532032" : 6605,
            "15663104" : 4868,
            "15794176" : 3583,
            "15925248" : 2804,
            "16056320" : 2223,
            "16187392" : 1645,
            "16318464" : 1187,
            "16449536" : 909,
            "16580608" : 733,
            "16711680" : 606,
            "16908288" : 794,
            "17170432" : 612,
            "17432576" : 542,
            "17694720" : 512,
            "17956864" : 349,
            "18219008" : 254,
            "18481152" : 259,
            "18743296" : 202,
            "19005440" : 203,
            "19267584" : 160,
            "19529728" : 118,
            "19791872" : 117,
            "20054016" : 118,
            "20316160" : 132,
            "20578304" : 164,
            "20840448" : 188,
            "21102592" : 153,
            "21364736" : 131,
            "21626880" : 106,
            "21889024" : 67,
            "22151168" : 45,
            "22413312" : 50,