{
  "fio version" : "fio-3.8",
  "timestamp" : 1542329820,
  "timestamp_ms" : 1542329820537,
  "time" : "Thu Nov 15 16:57:00 2018",
  "jobs" : [
    {
      "jobname" : "wipc",
      "groupid" : 0,
      "error" : 0,
      "eta" : 0,
      "elapsed" : 1504,
      "job options" : {
        "ioengine" : "libaio",
        "group_reporting" : "1",
        "direct" : "1",
        "rw" : "write",
        "bssplit" : "128KB",
        "numjobs" : "2",
        "iodepth" : "16",
        "size" : "100%",
        "io_size" : "128035676160B",
        "filename" : "/dev/sdb"
      },
      "read" : {
        "io_bytes" : 0,
        "io_kbytes" : 0,
        "bw_bytes" : 0,
        "bw" : 0,
        "iops" : 0.000000,
        "runtime" : 0,
        "total_ios" : 0,
        "short_ios" : 0,
        "drop_ios" : 0,
        "slat_ns" : {
          "min" : 0,
          "max" : 0,
          "mean" : 0.000000,
          "stddev" : 0.000000
        },
        "clat_ns" : {
          "min" : 0,
          "max" : 0,
          "mean" : 0.000000,
          "stddev" : 0.000000,
          "percentile" : {
            "1.000000" : 0,
            "5.000000" : 0,
            "10.000000" : 0,
            "20.000000" : 0,
            "30.000000" : 0,
            "40.000000" : 0,
            "50.000000" : 0,
            "60.000000" : 0,
            "70.000000" : 0,
            "80.000000" : 0,
            "90.000000" : 0,
            "95.000000" : 0,
            "99.000000" : 0,
            "99.500000" : 0,
            "99.900000" : 0,
            "99.950000" : 0,
            "99.990000" : 0
          },
          "bins" : {

          }
        },
        "lat_ns" : {
          "min" : 0,
          "max" : 0,
          "mean" : 0.000000,
          "stddev" : 0.000000
        },
        "bw_min" : 0,
        "bw_max" : 0,
        "bw_agg" : 0.000000,
        "bw_mean" : 0.000000,
        "bw_dev" : 0.000000,
        "bw_samples" : 0,
        "iops_min" : 0,
        "iops_max" : 0,
        "iops_mean" : 0.000000,
        "iops_stddev" : 0.000000,
        "iops_samples" : 0
      },
      "write" : {
        "io_bytes" : 256071172096,
        "io_kbytes" : 250069504,
        "bw_bytes" : 170294962,
        "bw" : 166303,
        "iops" : 1299.247452,
        "runtime" : 1503692,
        "total_ios" : 1953668,
        "short_ios" : 0,
        "drop_ios" : 0,
        "slat_ns" : {
          "min" : 5371,
          "max" : 335927,
          "mean" : 13504.191557,
          "stddev" : 3836.354380
        },
        "clat_ns" : {
          "min" : 509784,
          "max" : 92580044,
          "mean" : 24610110.199375,
          "stddev" : 16857638.541566,
          "percentile" : {
            "1.000000" : 12779520,
            "5.000000" : 13041664,
            "10.000000" : 13172736,
            "20.000000" : 13434880,
            "30.000000" : 13697024,
            "40.000000" : 14090240,
            "50.000000" : 14483456,
            "60.000000" : 15007744,
            "70.000000" : 32112640,
            "80.000000" : 38535168,
            "90.000000" : 55312384,
            "95.000000" : 57933824,
            "99.000000" : 62652416,
            "99.500000" : 64225280,
            "99.900000" : 70778880,
            "99.950000" : 72876032,
            "99.990000" : 79167488
          },
          "bins" : {
            "509952" : 1,
            "1400832" : 2,
            "2113536" : 1,
            "2506752" : 1,
            "2867200" : 1,
            "3260416" : 1,
            "3653632" : 1,
            "4046848" : 1,
            "4423680" : 1,
            "4751360" : 1,
            "5079040" : 1,
            "5537792" : 1,
            "5865472" : 2,
            "5931008" : 3,
            "5996544" : 2,
            "6062080" : 2,
            "6127616" : 8,
            "6193152" : 7,
            "6258688" : 28,
            "6324224" : 34,
            "6389760" : 58,
            "6455296" : 70,
            "6520832" : 46,
            "6586368" : 46,
            "6651904" : 33,
            "6717440" : 27,
            "6782976" : 16,
            "6848512" : 13,
            "6914048" : 26,
            "6979584" : 36,
            "7045120" : 66,
            "7110656" : 35,
            "7176192" : 6,
            "7241728" : 14,
            "7307264" : 12,
            "7372800" : 9,
            "7438336" : 10,
            "7503872" : 7,
            "7569408" : 8,
            "7634944" : 8,
            "7700480" : 8,
            "7766016" : 11,
            "7831552" : 8,
            "7897088" : 4,
            "7962624" : 6,
            "8028160" : 9,
            "8093696" : 7,
            "8159232" : 6,
            "8224768" : 17,
            "8290304" : 15,
            "8355840" : 16,
            "8454144" : 9,
            "8585216" : 8,
            "8716288" : 10,
            "8847360" : 4,
            "9109504" : 3,
            "9240576" : 1,
            "9502720" : 4,
            "9633792" : 5,
            "9764864" : 4,
            "9895936" : 3,
            "10027008" : 1,
            "10158080" : 1,
            "10289152" : 2,
            "10420224" : 3,
            "10682368" : 1,
            "10813440" : 5,
            "11075584" : 1,
            "11468800" : 3,
            "11599872" : 2,
            "11730944" : 9,
            "11862016" : 15,
            "11993088" : 67,
            "12124160" : 144,
            "12255232" : 212,
            "12386304" : 559,
            "12517376" : 2059,
            "12648448" : 6402,
            "12779520" : 17215,
            "12910592" : 34975,
            "13041664" : 57946,
            "13172736" : 78880,
            "13303808" : 93990,
            "13434880" : 101728,
            "13565952" : 101365,
            "13697024" : 98659,
            "13828096" : 90143,
            "13959168" : 79003,
            "14090240" : 68597,
            "14221312" : 62813,
            "14352384" : 62583,
            "14483456" : 58979,
            "14614528" : 49791,
            "14745600" : 42903,
            "14876672" : 39238,
            "15007744" : 37155,
            "15138816" : 33288,
            "15269888" : 29555,
            "15400960" : 22536,
            "15532032" : 17648,
            "15663104" : 13257,
            "15794176" : 9859,
            "15925248" : 7231,
            "16056320" : 5404,
            "16187392" : 3983,
            "16318464" : 2954,
            "16449536" : 2556,
            "16580608" : 1992,
            "16711680" : 1752,
            "16908288" : 2468,
            "17170432" : 1243,
            "17432576" : 550,
            "17694720" : 267,
            "17956864" : 116,
            "18219008" : 61,
            "18481152" : 40,
            "18743296" : 46,
            "19005440" : 42,
            "19267584" : 87,
            "19529728" : 100,
            "19791872" : 38,
            "20054016" : 76,
            "20316160" : 55,
            "20578304" : 69,
            "20840448" : 57,
            "21102592" : 73,
            "21364736" : 74,
            "21626880" : 129,
            "21889024" : 150,
            "22151168" : 87,
            "22413312" : 56,
            "22675456" : 58,
            "22937600" : 58,
            "23199744" : 43,
            "23461888" : 35,
            "23724032" : 23,
            "23986176" : 16,
            "24248320" : 6,
            "24510464" : 8,
            "24772608" : 11,
            "25034752" : 11,
            "25296896" : 15,
            "25559040" : 45,
            "25821184" : 126,
            "26083328" : 271,
            "26345472" : 550,
            "26607616" : 3111,
            "26869760" : 4806,
            "27131904" : 2822,
            "27394048" : 1830,
            "27656192" : 1189,
            "27918336" : 790,
            "28180480" : 977,
            "28442624" : 905,
            "28704768" : 394,
            "28966912" : 241,
            "29229056" : 239,
            "29491200" : 274,
            "29753344" : 274,
            "30015488" : 251,