{
  "fio version" : "fio-3.8",
  "timestamp" : 1553400956,
  "timestamp_ms" : 1553400956934,
  "time" : "Sat Mar 23 21:15:56 2019",
  "jobs" : [
    {
      "jobname" : "wipc",
      "groupid" : 0,
      "error" : 0,
      "eta" : 0,
      "elapsed" : 1431,
      "job options" : {
        "ioengine" : "libaio",
        "group_reporting" : "1",
        "direct" : "1",
        "rw" : "write",
        "bssplit" : "128KB",
        "numjobs" : "2",
        "iodepth" : "16",
        "size" : "75%",
        "io_size" : "128035676160B",
        "filename" : "/dev/sde"
      },
      "read" : {
        "io_bytes" : 0,
        "io_kbytes" : 0,
        "bw_bytes" : 0,
        "bw" : 0,
        "iops" : 0.000000,
        "runtime" : 0,
        "total_ios" : 0,
        "short_ios" : 0,
        "drop_ios" : 0,
        "slat_ns" : {
          "min" : 0,
          "max" : 0,
          "mean" : 0.000000,
          "stddev" : 0.000000
        },
        "clat_ns" : {
          "min" : 0,
          "max" : 0,
          "mean" : 0.000000,
          "stddev" : 0.000000,
          "percentile" : {
            "1.000000" : 0,
            "5.000000" : 0,
            "10.000000" : 0,
            "20.000000" : 0,
            "30.000000" : 0,
            "40.000000" : 0,
            "50.000000" : 0,
            "60.000000" : 0,
            "70.000000" : 0,
            "80.000000" : 0,
            "90.000000" : 0,
            "95.000000" : 0,
            "99.000000" : 0,
            "99.500000" : 0,
            "99.900000" : 0,
            "99.950000" : 0,
            "99.990000" : 0
          },
          "bins" : {

          }
        },
        "lat_ns" : {
          "min" : 0,
          "max" : 0,
          "mean" : 0.000000,
          "stddev" : 0.000000
        },
        "bw_min" : 0,
        "bw_max" : 0,
        "bw_agg" : 0.000000,
        "bw_mean" : 0.000000,
        "bw_dev" : 0.000000,
        "bw_samples" : 0,
        "iops_min" : 0,
        "iops_max" : 0,
        "iops_mean" : 0.000000,
        "iops_stddev" : 0.000000,
        "iops_samples" : 0
      },
      "write" : {
        "io_bytes" : 256071434240,
        "io_kbytes" : 250069760,
        "bw_bytes" : 178979690,
        "bw" : 174784,
        "iops" : 1365.506675,
        "runtime" : 1430729,
        "total_ios" : 1953670,
        "short_ios" : 0,
        "drop_ios" : 0,
        "slat_ns" : {
          "min" : 5906,
          "max" : 360744,
          "mean" : 15394.380913,
          "stddev" : 4518.767928
        },
        "clat_ns" : {
          "min" : 505465,
          "max" : 117514589,
          "mean" : 23406246.433121,
          "stddev" : 15550798.049941,
          "percentile" : {
            "1.000000" : 13041664,
            "5.000000" : 13303808,
            "10.000000" : 13434880,
            "20.000000" : 13697024,
            "30.000000" : 13959168,
            "40.000000" : 14221312,
            "50.000000" : 14614528,
            "60.000000" : 15138816,
            "70.000000" : 16449536,
            "80.000000" : 36962304,
            "90.000000" : 54788096,
            "95.000000" : 57409536,
            "99.000000" : 63176704,
            "99.500000" : 65273856,
            "99.900000" : 76021760,
            "99.950000" : 80216064,
            "99.990000" : 92798976
          },
          "bins" : {
            "505856" : 1,
            "1302528" : 1,
            "1384448" : 1,
            "2023424" : 1,
            "2375680" : 1,
            "2736128" : 1,
            "3227648" : 1,
            "3620864" : 1,
            "3948544" : 1,
            "4358144" : 1,
            "4685824" : 1,
            "5079040" : 1,
            "5406720" : 1,
            "5799936" : 1,
            "6193152" : 1,
            "6520832" : 1,
            "6914048" : 1,
            "7241728" : 1,
            "7700480" : 1,
            "8028160" : 1,
            "8355840" : 1,
            "8716288" : 1,
            "9764864" : 1,
            "10158080" : 1,
            "10551296" : 1,
            "10944512" : 2,
            "11206656" : 1,
            "11599872" : 1,
            "11730944" : 1,
            "11862016" : 6,
            "11993088" : 19,
            "12124160" : 82,
            "12255232" : 126,
            "12386304" : 220,
            "12517376" : 652,
            "12648448" : 1388,
            "12779520" : 3559,
            "12910592" : 9633,
            "13041664" : 22341,
            "13172736" : 44917,
            "13303808" : 70503,
            "13434880" : 89176,
            "13565952" : 100248,
            "13697024" : 104499,
            "13828096" : 105917,
            "13959168" : 100638,
            "14090240" : 93116,
            "14221312" : 80679,
            "14352384" : 68538,
            "14483456" : 62881,
            "14614528" : 60429,
            "14745600" : 55455,
            "14876672" : 49814,
            "15007744" : 42791,
            "15138816" : 37749,
            "15269888" : 35574,
            "15400960" : 31056,
            "15532032" : 26335,
            "15663104" : 21111,
            "15794176" : 16248,
            "15925248" : 11698,
            "16056320" : 8658,
            "16187392" : 6380,
            "16318464" : 4823,
            "16449536" : 3706,
            "16580608" : 2587,
            "16711680" : 2185,
            "16908288" : 3206,
            "17170432" : 2066,
            "17432576" : 1207,
            "17694720" : 730,
            "17956864" : 382,
            "18219008" : 211,
            "18481152" : 156,
            "18743296" : 83,
            "19005440" : 66,
            "19267584" : 87,
            "19529728" : 97,
            "19791872" : 109,
            "20054016" : 100,
            "20316160" : 97,
            "20578304" : 90,
            "20840448" : 102,
            "21102592" : 73,
            "21364736" : 84,
            "21626880" : 45,
            "21889024" : 42,
            "22151168" : 32,
            "22413312" : 26,
            "22675456" : 20,
            "22937600" : 17,
            "23199744" : 6,
            "23461888" : 17,
            "23724032" : 8,
            "23986176" : 9,
            "24248320" : 3,
            "24510464" : 4,
            "24772608" : 5,
            "25034752" : 6,
            "25296896" : 16,
            "25559040" : 35,
            "25821184" : 59,
            "26083328" : 86,
            "26345472" : 129,
            "26607616" : 352,
            "26869760" : 2111,
            "27131904" : 4387,
            "27394048" : 4241,
            "27656192" : 2909,
            "27918336" : 1757,
            "28180480" : 967,
            "28442624" : 744,
            "28704768" : 692,
            "28966912" : 512,
            "29229056" : 263,
            "29491200" : 226,
            "29753344" : 211,
            "30015488" : 226,
            "30277632" : 206,
            "30539776" : 245,
            "30801920" : 361,
            "31064064" : 381,
            "31326208" : 487,
            "31588352" : 589,
            "31850496" : 707,
            "32112640" : 949,
            "32374784" : 1279,
            "32636928" : 1629,
            "32899072" : 2181,
            "33161216" : 2943,
            "33423360" : 3942,
            "33816576" : 11441,
            "34340864" : 16235,
            "34865152" : 20923,
            "35389440" : 26777,
            "35913728" : 31419,
            "36438016" : 31387,
            "36962304" : 28045,
            "37486592" : 25246,
            "38010880" : 21217,
            "38535168" : 14695,
            "39059456" : 10176,
            "39583744" : 7923,
            "40108032" : 6530,
            "40632320" : 6003,
            "41156608" : 5557,
            "41680896" : 4824,
            "42205184" : 4084,
            "42729472" : 3205,
            "43253760" : 2337,
            "43778048" : 1622,
            "44302336" : 1036,
            "44826624" : 560,
            "45350912" : 455,
            "45875200" : 283,
            "46399488" : 232,