{
  "fio version" : "fio-3.8",
  "timestamp" : 1543352313,
  "timestamp_ms" : 1543352313216,
  "time" : "Tue Nov 27 12:58:33 2018",
  "jobs" : [
    {
      "jobname" : "wipc",
      "groupid" : 0,
      "error" : 0,
      "eta" : 0,
      "elapsed" : 1364,
      "job options" : {
        "ioengine" : "libaio",
        "group_reporting" : "1",
        "direct" : "1",
        "rw" : "write",
        "bssplit" : "128KB",
        "numjobs" : "2",
        "iodepth" : "16",
        "size" : "75%",
        "io_size" : "128035676160B",
        "filename" : "/dev/sda"
      },
      "read" : {
        "io_bytes" : 0,
        "io_kbytes" : 0,
        "bw_bytes" : 0,
        "bw" : 0,
        "iops" : 0.000000,
        "runtime" : 0,
        "total_ios" : 0,
        "short_ios" : 0,
        "drop_ios" : 0,
        "slat_ns" : {
          "min" : 0,
          "max" : 0,
          "mean" : 0.000000,
          "stddev" : 0.000000
        },
        "clat_ns" : {
          "min" : 0,
          "max" : 0,
          "mean" : 0.000000,
          "stddev" : 0.000000,
          "percentile" : {
            "1.000000" : 0,
            "5.000000" : 0,
            "10.000000" : 0,
            "20.000000" : 0,
            "30.000000" : 0,
            "40.000000" : 0,
            "50.000000" : 0,
            "60.000000" : 0,
            "70.000000" : 0,
            "80.000000" : 0,
            "90.000000" : 0,
            "95.000000" : 0,
            "99.000000" : 0,
            "99.500000" : 0,
            "99.900000" : 0,
            "99.950000" : 0,
            "99.990000" : 0
          },
          "bins" : {

          }
        },
        "lat_ns" : {
          "min" : 0,
          "max" : 0,
          "mean" : 0.000000,
          "stddev" : 0.000000
        },
        "bw_min" : 0,
        "bw_max" : 0,
        "bw_agg" : 0.000000,
        "bw_mean" : 0.000000,
        "bw_dev" : 0.000000,
        "bw_samples" : 0,
        "iops_min" : 0,
        "iops_max" : 0,
        "iops_mean" : 0.000000,
        "iops_stddev" : 0.000000,
        "iops_samples" : 0
      },
      "write" : {
        "io_bytes" : 256071434240,
        "io_kbytes" : 250069760,
        "bw_bytes" : 187854924,
        "bw" : 183452,
        "iops" : 1433.219331,
        "runtime" : 1363134,
        "total_ios" : 1953670,
        "short_ios" : 0,
        "drop_ios" : 0,
        "slat_ns" : {
          "min" : 5317,
          "max" : 370343,
          "mean" : 13187.756515,
          "stddev" : 3753.133859
        },
        "clat_ns" : {
          "min" : 860994,
          "max" : 122449418,
          "mean" : 22303794.133306,
          "stddev" : 15139172.875153,
          "percentile" : {
            "1.000000" : 12779520,
            "5.000000" : 12910592,
            "10.000000" : 13041664,
            "20.000000" : 13303808,
            "30.000000" : 13565952,
            "40.000000" : 13697024,
            "50.000000" : 14090240,
            "60.000000" : 14483456,
            "70.000000" : 15269888,
            "80.000000" : 35913728,
            "90.000000" : 54263808,
            "95.000000" : 56885248,
            "99.000000" : 62652416,
            "99.500000" : 64749568,
            "99.900000" : 72876032,
            "99.950000" : 80216064,
            "99.990000" : 95944704
          },
          "bins" : {
            "864256" : 1,
            "1335296" : 1,
            "1351680" : 1,
            "2056192" : 1,
            "2441216" : 1,
            "2768896" : 1,
            "3162112" : 1,
            "3522560" : 1,
            "3850240" : 1,
            "4227072" : 1,
            "4554752" : 1,
            "4947968" : 1,
            "5275648" : 1,
            "5668864" : 1,
            "5996544" : 1,
            "6389760" : 1,
            "6717440" : 1,
            "7110656" : 1,
            "7438336" : 1,
            "7766016" : 1,
            "8159232" : 1,
            "8585216" : 1,
            "9502720" : 1,
            "9895936" : 1,
            "10158080" : 1,
            "10551296" : 1,
            "10813440" : 1,
            "10944512" : 6,
            "11075584" : 8,
            "11206656" : 41,
            "11337728" : 75,
            "11468800" : 126,
            "11599872" : 158,
            "11730944" : 167,
            "11862016" : 199,
            "11993088" : 280,
            "12124160" : 435,
            "12255232" : 630,
            "12386304" : 1078,
            "12517376" : 3300,
            "12648448" : 11257,
            "12779520" : 31211,
            "12910592" : 63662,
            "13041664" : 89255,
            "13172736" : 107747,
            "13303808" : 118030,
            "13434880" : 126004,
            "13565952" : 125110,
            "13697024" : 109583,
            "13828096" : 90021,
            "13959168" : 77670,
            "14090240" : 70929,
            "14221312" : 63687,
            "14352384" : 52091,
            "14483456" : 44111,
            "14614528" : 39841,
            "14745600" : 38119,
            "14876672" : 37096,
            "15007744" : 32809,
            "15138816" : 26037,
            "15269888" : 19209,
            "15400960" : 13238,
            "15532032" : 8895,
            "15663104" : 5995,
            "15794176" : 4364,
            "15925248" : 3237,
            "16056320" : 2408,
            "16187392" : 1710,
            "16318464" : 1146,
            "16449536" : 870,
            "16580608" : 622,
            "16711680" : 405,
            "16908288" : 635,
            "17170432" : 342,
            "17432576" : 328,
            "17694720" : 201,
            "17956864" : 124,
            "18219008" : 64,
            "18481152" : 57,
            "18743296" : 83,
            "19005440" : 77,
            "19267584" : 52,
            "19529728" : 42,
            "19791872" : 32,
            "20054016" : 18,
            "20316160" : 15,
            "20578304" : 5,
            "20840448" : 9,
            "21102592" : 5,
            "21364736" : 6,
            "21626880" : 5,
            "21889024" : 8,
            "22151168" : 9,
            "22413312" : 10,
            "22675456" : 1,
            "22937600" : 7,
            "23199744" : 16,
            "23461888" : 14,
            "23724032" : 7,
            "23986176" : 4,
            "24248320" : 1,
            "24510464" : 10,
            "24772608" : 26,
            "25034752" : 26,
            "25296896" : 54,
            "25559040" : 113,
            "25821184" : 205,
            "26083328" : 393,
            "26345472" : 1819,
            "26607616" : 4503,
            "26869760" : 4447,
            "27131904" : 2700,
            "27394048" : 1671,
            "27656192" : 1337,
            "27918336" : 1131,
            "28180480" : 827,
            "28442624" : 505,
            "28704768" : 287,
            "28966912" : 187,
            "29229056" : 175,
            "29491200" : 148,
            "29753344" : 203,
            "30015488" : 289,
            "30277632" : 316,
            "30539776" : 402,
            "30801920" : 431,
            "31064064" : 573,
            "31326208" : 768,
            "31588352" : 993,
            "31850496" : 1229,
            "32112640" : 1600,
            "32374784" : 2105,
            "32636928" : 2815,
            "32899072" : 3553,
            "33161216" : 4224,
            "33423360" : 5178,
            "33816576" : 14030,
            "34340864" : 18933,
            "34865152" : 23284,
            "35389440" : 26846,
            "35913728" : 28835,
            "36438016" : 27359,
            "36962304" : 23286,
            "37486592" : 20484,
            "38010880" : 15721,
            "38535168" : 10462,
            "39059456" : 7998,
            "39583744" : 7004,
            "40108032" : 5880,
            "40632320" : 5198,
            "41156608" : 4848,
            "41680896" : 4428,
            "42205184" : 3833,
            "42729472" : 2955,
            "43253760" : 2216,
            "43778048" : 1409,