{
  "fio version" : "fio-3.8",
  "timestamp" : 1544007092,
  "timestamp_ms" : 1544007092293,
  "time" : "Wed Dec  5 02:51:32 2018",
  "jobs" : [
    {
      "jobname" : "wipc",
      "groupid" : 0,
      "error" : 0,
      "eta" : 0,
      "elapsed" : 1343,
      "job options" : {
        "ioengine" : "libaio",
        "group_reporting" : "1",
        "direct" : "1",
        "rw" : "write",
        "bssplit" : "128KB",
        "numjobs" : "2",
        "iodepth" : "16",
        "size" : "75%",
        "io_size" : "128035676160B",
        "filename" : "/dev/sda"
      },
      "read" : {
        "io_bytes" : 0,
        "io_kbytes" : 0,
        "bw_bytes" : 0,
        "bw" : 0,
        "iops" : 0.000000,
        "runtime" : 0,
        "total_ios" : 0,
        "short_ios" : 0,
        "drop_ios" : 0,
        "slat_ns" : {
          "min" : 0,
          "max" : 0,
          "mean" : 0.000000,
          "stddev" : 0.000000
        },
        "clat_ns" : {
          "min" : 0,
          "max" : 0,
          "mean" : 0.000000,
          "stddev" : 0.000000,
          "percentile" : {
            "1.000000" : 0,
            "5.000000" : 0,
            "10.000000" : 0,
            "20.000000" : 0,
            "30.000000" : 0,
            "40.000000" : 0,
            "50.000000" : 0,
            "60.000000" : 0,
            "70.000000" : 0,
            "80.000000" : 0,
            "90.000000" : 0,
            "95.000000" : 0,
            "99.000000" : 0,
            "99.500000" : 0,
            "99.900000" : 0,
            "99.950000" : 0,
            "99.990000" : 0
          },
          "bins" : {

          }
        },
        "lat_ns" : {
          "min" : 0,
          "max" : 0,
          "mean" : 0.000000,
          "stddev" : 0.000000
        },
        "bw_min" : 0,
        "bw_max" : 0,
        "bw_agg" : 0.000000,
        "bw_mean" : 0.000000,
        "bw_dev" : 0.000000,
        "bw_samples" : 0,
        "iops_min" : 0,
        "iops_max" : 0,
        "iops_mean" : 0.000000,
        "iops_stddev" : 0.000000,
        "iops_samples" : 0
      },
      "write" : {
        "io_bytes" : 256071434240,
        "io_kbytes" : 250069760,
        "bw_bytes" : 190774054,
        "bw" : 186302,
        "iops" : 1455.490525,
        "runtime" : 1342276,
        "total_ios" : 1953670,
        "short_ios" : 0,
        "drop_ios" : 0,
        "slat_ns" : {
          "min" : 5449,
          "max" : 369607,
          "mean" : 12458.827241,
          "stddev" : 3860.390712
        },
        "clat_ns" : {
          "min" : 481811,
          "max" : 120327046,
          "mean" : 21967053.957226,
          "stddev" : 14476277.133772,
          "percentile" : {
            "1.000000" : 12779520,
            "5.000000" : 13041664,
            "10.000000" : 13172736,
            "20.000000" : 13434880,
            "30.000000" : 13565952,
            "40.000000" : 13828096,
            "50.000000" : 14221312,
            "60.000000" : 14745600,
            "70.000000" : 15400960,
            "80.000000" : 35389440,
            "90.000000" : 52166656,
            "95.000000" : 55836672,
            "99.000000" : 61603840,
            "99.500000" : 63700992,
            "99.900000" : 71827456,
            "99.950000" : 77070336,
            "99.990000" : 90701824
          },
          "bins" : {
            "481280" : 1,
            "1236992" : 1,
            "1302528" : 1,
            "1957888" : 1,
            "2342912" : 1,
            "2703360" : 1,
            "3129344" : 1,
            "3522560" : 1,
            "3817472" : 1,
            "4177920" : 1,
            "4620288" : 1,
            "5210112" : 1,
            "5472256" : 1,
            "5799936" : 1,
            "5865472" : 1,
            "5931008" : 1,
            "5996544" : 1,
            "6127616" : 2,
            "6193152" : 2,
            "6258688" : 5,
            "6324224" : 6,
            "6389760" : 14,
            "6455296" : 18,
            "6520832" : 15,
            "6586368" : 48,
            "6651904" : 63,
            "6717440" : 66,
            "6782976" : 29,
            "6848512" : 38,
            "6914048" : 35,
            "6979584" : 40,
            "7045120" : 32,
            "7110656" : 34,
            "7176192" : 40,
            "7241728" : 40,
            "7307264" : 30,
            "7372800" : 25,
            "7438336" : 14,
            "7503872" : 4,
            "7569408" : 19,
            "7634944" : 14,
            "7700480" : 50,
            "7766016" : 26,
            "7831552" : 64,
            "7897088" : 18,
            "7962624" : 7,
            "8028160" : 18,
            "8093696" : 15,
            "8159232" : 15,
            "8224768" : 7,
            "8290304" : 4,
            "8355840" : 5,
            "8454144" : 17,
            "8585216" : 7,
            "8716288" : 9,
            "8847360" : 5,
            "8978432" : 3,
            "9109504" : 1,
            "9240576" : 5,
            "9502720" : 3,
            "9633792" : 4,
            "9764864" : 1,
            "10027008" : 4,
            "10158080" : 1,
            "10420224" : 2,
            "10682368" : 2,
            "10944512" : 2,
            "11075584" : 6,
            "11206656" : 17,
            "11337728" : 40,
            "11468800" : 95,
            "11599872" : 145,
            "11730944" : 116,
            "11862016" : 179,
            "11993088" : 222,
            "12124160" : 261,
            "12255232" : 498,
            "12386304" : 959,
            "12517376" : 2823,
            "12648448" : 8829,
            "12779520" : 25446,
            "12910592" : 57092,
            "13041664" : 82258,
            "13172736" : 98206,
            "13303808" : 110254,
            "13434880" : 111767,
            "13565952" : 114758,
            "13697024" : 107876,
            "13828096" : 84589,
            "13959168" : 69916,
            "14090240" : 66015,
            "14221312" : 62912,
            "14352384" : 60284,
            "14483456" : 54312,
            "14614528" : 46877,
            "14745600" : 44970,
            "14876672" : 43175,
            "15007744" : 37916,
            "15138816" : 31882,
            "15269888" : 25153,
            "15400960" : 19046,
            "15532032" : 14306,
            "15663104" : 10348,
            "15794176" : 7760,
            "15925248" : 5967,
            "16056320" : 4761,
            "16187392" : 3569,
            "16318464" : 3088,
            "16449536" : 2518,
            "16580608" : 2017,
            "16711680" : 1618,
            "16908288" : 2069,
            "17170432" : 1092,
            "17432576" : 516,
            "17694720" : 197,
            "17956864" : 96,
            "18219008" : 48,
            "18481152" : 48,
            "18743296" : 57,
            "19005440" : 80,
            "19267584" : 61,
            "19529728" : 67,
            "19791872" : 64,
            "20054016" : 66,
            "20316160" : 68,
            "20578304" : 57,
            "20840448" : 63,
            "21102592" : 41,
            "21364736" : 37,
            "21626880" : 37,
            "21889024" : 20,
            "22151168" : 15,
            "22413312" : 13,
            "22675456" : 8,
            "22937600" : 3,
            "23199744" : 4,
            "23724032" : 1,
            "23986176" : 1,
            "24248320" : 4,
            "24510464" : 2,
            "24772608" : 2,
            "25034752" : 22,
            "25296896" : 30,
            "25559040" : 26,
            "25821184" : 86,
            "26083328" : 215,
            "26345472" : 1201,
            "26607616" : 4349,
            "26869760" : 3572,
            "27131904" : 1940,
            "27394048" : 1569,
            "27656192" : 1367,
            "27918336" : 1354,
            "28180480" : 1615,
            "28442624" : 1255,
            "28704768" : 788,
            "28966912" : 566,
            "29229056" : 352,
            "29491200" : 345,
            "29753344" : 265,