{
  "fio version" : "fio-3.8",
  "timestamp" : 1553066958,
  "timestamp_ms" : 1553066958564,
  "time" : "Wed Mar 20 00:29:18 2019",
  "jobs" : [
    {
      "jobname" : "wipc",
      "groupid" : 0,
      "error" : 0,
      "eta" : 0,
      "elapsed" : 1450,
      "job options" : {
        "ioengine" : "libaio",
        "group_reporting" : "1",
        "direct" : "1",
        "rw" : "write",
        "bssplit" : "128KB",
        "numjobs" : "2",
        "iodepth" : "16",
        "size" : "75%",
        "io_size" : "128035676160B",
        "filename" : "/dev/sdg"
      },
      "read" : {
        "io_bytes" : 0,
        "io_kbytes" : 0,
        "bw_bytes" : 0,
        "bw" : 0,
        "iops" : 0.000000,
        "runtime" : 0,
        "total_ios" : 0,
        "short_ios" : 0,
        "drop_ios" : 0,
        "slat_ns" : {
          "min" : 0,
          "max" : 0,
          "mean" : 0.000000,
          "stddev" : 0.000000
        },
        "clat_ns" : {
          "min" : 0,
          "max" : 0,
          "mean" : 0.000000,
          "stddev" : 0.000000,
          "percentile" : {
            "1.000000" : 0,
            "5.000000" : 0,
            "10.000000" : 0,
            "20.000000" : 0,
            "30.000000" : 0,
            "40.000000" : 0,
            "50.000000" : 0,
            "60.000000" : 0,
            "70.000000" : 0,
            "80.000000" : 0,
            "90.000000" : 0,
            "95.000000" : 0,
            "99.000000" : 0,
            "99.500000" : 0,
            "99.900000" : 0,
            "99.950000" : 0,
            "99.990000" : 0
          },
          "bins" : {

          }
        },
        "lat_ns" : {
          "min" : 0,
          "max" : 0,
          "mean" : 0.000000,
          "stddev" : 0.000000
        },
        "bw_min" : 0,
        "bw_max" : 0,
        "bw_agg" : 0.000000,
        "bw_mean" : 0.000000,
        "bw_dev" : 0.000000,
        "bw_samples" : 0,
        "iops_min" : 0,
        "iops_max" : 0,
        "iops_mean" : 0.000000,
        "iops_stddev" : 0.000000,
        "iops_samples" : 0
      },
      "write" : {
        "io_bytes" : 256071434240,
        "io_kbytes" : 250069760,
        "bw_bytes" : 176715183,
        "bw" : 172573,
        "iops" : 1348.229856,
        "runtime" : 1449063,
        "total_ios" : 1953670,
        "short_ios" : 0,
        "drop_ios" : 0,
        "slat_ns" : {
          "min" : 6134,
          "max" : 341160,
          "mean" : 17329.160725,
          "stddev" : 5183.392385
        },
        "clat_ns" : {
          "min" : 847772,
          "max" : 118586894,
          "mean" : 23709266.370207,
          "stddev" : 15540813.286614,
          "percentile" : {
            "1.000000" : 12648448,
            "5.000000" : 12779520,
            "10.000000" : 13041664,
            "20.000000" : 13303808,
            "30.000000" : 13565952,
            "40.000000" : 13959168,
            "50.000000" : 14352384,
            "60.000000" : 15007744,
            "70.000000" : 32636928,
            "80.000000" : 35913728,
            "90.000000" : 53739520,
            "95.000000" : 55836672,
            "99.000000" : 62128128,
            "99.500000" : 64225280,
            "99.900000" : 79167488,
            "99.950000" : 85458944,
            "99.990000" : 95944704
          },
          "bins" : {
            "847872" : 1,
            "1318912" : 1,
            "1433600" : 1,
            "2113536" : 1,
            "2506752" : 1,
            "2867200" : 1,
            "3260416" : 1,
            "3653632" : 1,
            "4014080" : 1,
            "4358144" : 1,
            "4685824" : 1,
            "5079040" : 1,
            "5406720" : 1,
            "5799936" : 1,
            "6127616" : 1,
            "6520832" : 1,
            "6848512" : 1,
            "7241728" : 1,
            "7634944" : 1,
            "7962624" : 1,
            "8355840" : 2,
            "8716288" : 1,
            "9371648" : 1,
            "9502720" : 1,
            "9764864" : 2,
            "10027008" : 1,
            "10158080" : 1,
            "10420224" : 2,
            "10813440" : 3,
            "11206656" : 1,
            "11468800" : 1,
            "11599872" : 17,
            "11730944" : 49,
            "11862016" : 92,
            "11993088" : 157,
            "12124160" : 275,
            "12255232" : 769,
            "12386304" : 3531,
            "12517376" : 12774,
            "12648448" : 33930,
            "12779520" : 58703,
            "12910592" : 76863,
            "13041664" : 88758,
            "13172736" : 95444,
            "13303808" : 97750,
            "13434880" : 93641,
            "13565952" : 80696,
            "13697024" : 66588,
            "13828096" : 59873,
            "13959168" : 60900,
            "14090240" : 59345,
            "14221312" : 58224,
            "14352384" : 54422,
            "14483456" : 50835,
            "14614528" : 45196,
            "14745600" : 38467,
            "14876672" : 32080,
            "15007744" : 25773,
            "15138816" : 21238,
            "15269888" : 18920,
            "15400960" : 17536,
            "15532032" : 14708,
            "15663104" : 10977,
            "15794176" : 8543,
            "15925248" : 6475,
            "16056320" : 4883,
            "16187392" : 3896,
            "16318464" : 3054,
            "16449536" : 2293,
            "16580608" : 2089,
            "16711680" : 1790,
            "16908288" : 2563,
            "17170432" : 1449,
            "17432576" : 579,
            "17694720" : 267,
            "17956864" : 190,
            "18219008" : 105,
            "18481152" : 81,
            "18743296" : 62,
            "19005440" : 38,
            "19267584" : 58,
            "19529728" : 73,
            "19791872" : 98,
            "20054016" : 110,
            "20316160" : 118,
            "20578304" : 100,
            "20840448" : 100,
            "21102592" : 70,
            "21364736" : 70,
            "21626880" : 50,
            "21889024" : 51,
            "22151168" : 27,
            "22413312" : 33,
            "22675456" : 6,
            "22937600" : 4,
            "23199744" : 3,
            "23461888" : 4,
            "23724032" : 2,
            "23986176" : 2,
            "24248320" : 2,
            "24510464" : 2,
            "24772608" : 8,
            "25034752" : 7,
            "25296896" : 10,
            "25559040" : 23,
            "25821184" : 27,
            "26083328" : 49,
            "26345472" : 58,
            "26607616" : 104,
            "26869760" : 118,
            "27131904" : 109,
            "27394048" : 163,
            "27656192" : 253,
            "27918336" : 464,
            "28180480" : 1602,
            "28442624" : 4232,
            "28704768" : 3847,
            "28966912" : 2461,
            "29229056" : 1549,
            "29491200" : 1324,
            "29753344" : 1262,
            "30015488" : 1278,
            "30277632" : 1170,
            "30539776" : 1195,
            "30801920" : 1320,
            "31064064" : 1551,
            "31326208" : 2001,
            "31588352" : 2555,
            "31850496" : 3470,
            "32112640" : 4576,
            "32374784" : 5995,
            "32636928" : 7339,
            "32899072" : 8898,
            "33161216" : 10254,
            "33423360" : 11793,
            "33816576" : 27707,
            "34340864" : 34411,
            "34865152" : 37507,
            "35389440" : 35062,
            "35913728" : 31660,
            "36438016" : 28035,
            "36962304" : 21377,
            "37486592" : 14240,
            "38010880" : 10271,
            "38535168" : 8245,
            "39059456" : 7019,
            "39583744" : 6367,
            "40108032" : 5600,
            "40632320" : 4471,
            "41156608" : 3386,
            "41680896" : 2302,
            "42205184" : 1377,
            "42729472" : 824,
            "43253760" : 411,
            "43778048" : 279,
            "44302336" : 286,