{
  "fio version" : "fio-3.8",
  "timestamp" : 1553232844,
  "timestamp_ms" : 1553232844973,
  "time" : "Thu Mar 21 22:34:04 2019",
  "jobs" : [
    {
      "jobname" : "wipc",
      "groupid" : 0,
      "error" : 0,
      "eta" : 0,
      "elapsed" : 1470,
      "job options" : {
        "ioengine" : "libaio",
        "group_reporting" : "1",
        "direct" : "1",
        "rw" : "write",
        "bssplit" : "128KB",
        "numjobs" : "2",
        "iodepth" : "16",
        "size" : "75%",
        "io_size" : "128035676160B",
        "filename" : "/dev/sdh"
      },
      "read" : {
        "io_bytes" : 0,
        "io_kbytes" : 0,
        "bw_bytes" : 0,
        "bw" : 0,
        "iops" : 0.000000,
        "runtime" : 0,
        "total_ios" : 0,
        "short_ios" : 0,
        "drop_ios" : 0,
        "slat_ns" : {
          "min" : 0,
          "max" : 0,
          "mean" : 0.000000,
          "stddev" : 0.000000
        },
        "clat_ns" : {
          "min" : 0,
          "max" : 0,
          "mean" : 0.000000,
          "stddev" : 0.000000,
          "percentile" : {
            "1.000000" : 0,
            "5.000000" : 0,
            "10.000000" : 0,
            "20.000000" : 0,
            "30.000000" : 0,
            "40.000000" : 0,
            "50.000000" : 0,
            "60.000000" : 0,
            "70.000000" : 0,
            "80.000000" : 0,
            "90.000000" : 0,
            "95.000000" : 0,
            "99.000000" : 0,
            "99.500000" : 0,
            "99.900000" : 0,
            "99.950000" : 0,
            "99.990000" : 0
          },
          "bins" : {

          }
        },
        "lat_ns" : {
          "min" : 0,
          "max" : 0,
          "mean" : 0.000000,
          "stddev" : 0.000000
        },
        "bw_min" : 0,
        "bw_max" : 0,
        "bw_agg" : 0.000000,
        "bw_mean" : 0.000000,
        "bw_dev" : 0.000000,
        "bw_samples" : 0,
        "iops_min" : 0,
        "iops_max" : 0,
        "iops_mean" : 0.000000,
        "iops_stddev" : 0.000000,
        "iops_samples" : 0
      },
      "write" : {
        "io_bytes" : 256071434240,
        "io_kbytes" : 250069760,
        "bw_bytes" : 174255154,
        "bw" : 170171,
        "iops" : 1329.461321,
        "runtime" : 1469520,
        "total_ios" : 1953670,
        "short_ios" : 0,
        "drop_ios" : 0,
        "slat_ns" : {
          "min" : 5443,
          "max" : 1595451,
          "mean" : 15875.290613,
          "stddev" : 5755.488560
        },
        "clat_ns" : {
          "min" : 825462,
          "max" : 118088912,
          "mean" : 24045768.960406,
          "stddev" : 15849941.088996,
          "percentile" : {
            "1.000000" : 12910592,
            "5.000000" : 13172736,
            "10.000000" : 13303808,
            "20.000000" : 13565952,
            "30.000000" : 13828096,
            "40.000000" : 14221312,
            "50.000000" : 14614528,
            "60.000000" : 15269888,
            "70.000000" : 32899072,
            "80.000000" : 36962304,
            "90.000000" : 55312384,
            "95.000000" : 57933824,
            "99.000000" : 63700992,
            "99.500000" : 65798144,
            "99.900000" : 78118912,
            "99.950000" : 86507520,
            "99.990000" : 98041856
          },
          "bins" : {
            "823296" : 1,
            "1286144" : 1,
            "1368064" : 1,
            "2056192" : 1,
            "2441216" : 1,
            "2801664" : 1,
            "3162112" : 1,
            "3522560" : 1,
            "3915776" : 1,
            "4227072" : 1,
            "4620288" : 1,
            "5013504" : 1,
            "5406720" : 1,
            "5734400" : 1,
            "6127616" : 1,
            "6520832" : 1,
            "6848512" : 1,
            "7176192" : 1,
            "7569408" : 1,
            "7962624" : 1,
            "8290304" : 1,
            "8716288" : 1,
            "9371648" : 1,
            "9764864" : 1,
            "10158080" : 1,
            "10551296" : 1,
            "10944512" : 1,
            "11206656" : 1,
            "11599872" : 2,
            "11730944" : 11,
            "11862016" : 23,
            "11993088" : 70,
            "12124160" : 104,
            "12255232" : 227,
            "12386304" : 479,
            "12517376" : 1236,
            "12648448" : 3536,
            "12779520" : 9905,
            "12910592" : 21902,
            "13041664" : 41215,
            "13172736" : 62309,
            "13303808" : 78231,
            "13434880" : 89417,
            "13565952" : 97359,
            "13697024" : 97985,
            "13828096" : 93692,
            "13959168" : 86093,
            "14090240" : 75934,
            "14221312" : 67303,
            "14352384" : 60429,
            "14483456" : 53819,
            "14614528" : 49000,
            "14745600" : 44469,
            "14876672" : 41214,
            "15007744" : 38633,
            "15138816" : 36208,
            "15269888" : 32651,
            "15400960" : 28161,
            "15532032" : 23669,
            "15663104" : 19503,
            "15794176" : 16216,
            "15925248" : 13252,
            "16056320" : 10950,
            "16187392" : 8764,
            "16318464" : 6982,
            "16449536" : 5257,
            "16580608" : 4336,
            "16711680" : 3361,
            "16908288" : 4714,
            "17170432" : 2661,
            "17432576" : 1532,
            "17694720" : 775,
            "17956864" : 412,
            "18219008" : 224,
            "18481152" : 146,
            "18743296" : 122,
            "19005440" : 88,
            "19267584" : 73,
            "19529728" : 61,
            "19791872" : 63,
            "20054016" : 97,
            "20316160" : 65,
            "20578304" : 94,
            "20840448" : 89,
            "21102592" : 73,
            "21364736" : 70,
            "21626880" : 52,
            "21889024" : 45,
            "22151168" : 33,
            "22413312" : 28,
            "22675456" : 26,
            "22937600" : 18,
            "23199744" : 6,
            "23461888" : 20,
            "23724032" : 9,
            "23986176" : 4,
            "24248320" : 4,
            "24510464" : 3,
            "24772608" : 10,
            "25034752" : 14,
            "25296896" : 9,
            "25559040" : 30,
            "25821184" : 52,
            "26083328" : 102,
            "26345472" : 346,
            "26607616" : 980,
            "26869760" : 2482,
            "27131904" : 2956,
            "27394048" : 2075,
            "27656192" : 1763,
            "27918336" : 1767,
            "28180480" : 1850,
            "28442624" : 1610,
            "28704768" : 1091,
            "28966912" : 710,
            "29229056" : 509,
            "29491200" : 405,
            "29753344" : 373,
            "30015488" : 359,
            "30277632" : 378,
            "30539776" : 491,
            "30801920" : 563,
            "31064064" : 608,
            "31326208" : 738,
            "31588352" : 842,
            "31850496" : 1150,
            "32112640" : 1645,
            "32374784" : 2240,
            "32636928" : 2921,
            "32899072" : 3898,
            "33161216" : 4912,
            "33423360" : 6239,
            "33816576" : 16488,
            "34340864" : 22033,
            "34865152" : 27283,
            "35389440" : 31276,
            "35913728" : 32546,
            "36438016" : 31383,
            "36962304" : 29239,
            "37486592" : 24646,
            "38010880" : 19447,
            "38535168" : 15163,
            "39059456" : 11896,
            "39583744" : 9478,
            "40108032" : 7812,
            "40632320" : 6590,
            "41156608" : 5783,
            "41680896" : 4856,
            "42205184" : 3981,
            "42729472" : 3258,
            "43253760" : 2302,
            "43778048" : 1725,
            "44302336" : 1159,
            "44826624" : 791,
            "45350912" : 561,