{
  "fio version" : "fio-3.8",
  "timestamp" : 1546055603,
  "timestamp_ms" : 1546055603722,
  "time" : "Fri Dec 28 19:53:23 2018",
  "jobs" : [
    {
      "jobname" : "wipc",
      "groupid" : 0,
      "error" : 0,
      "eta" : 0,
      "elapsed" : 1469,
      "job options" : {
        "ioengine" : "libaio",
        "group_reporting" : "1",
        "direct" : "1",
        "rw" : "write",
        "bssplit" : "128KB",
        "numjobs" : "2",
        "iodepth" : "16",
        "size" : "75%",
        "io_size" : "128035676160B",
        "filename" : "/dev/sdf"
      },
      "read" : {
        "io_bytes" : 0,
        "io_kbytes" : 0,
        "bw_bytes" : 0,
        "bw" : 0,
        "iops" : 0.000000,
        "runtime" : 0,
        "total_ios" : 0,
        "short_ios" : 0,
        "drop_ios" : 0,
        "slat_ns" : {
          "min" : 0,
          "max" : 0,
          "mean" : 0.000000,
          "stddev" : 0.000000
        },
        "clat_ns" : {
          "min" : 0,
          "max" : 0,
          "mean" : 0.000000,
          "stddev" : 0.000000,
          "percentile" : {
            "1.000000" : 0,
            "5.000000" : 0,
            "10.000000" : 0,
            "20.000000" : 0,
            "30.000000" : 0,
            "40.000000" : 0,
            "50.000000" : 0,
            "60.000000" : 0,
            "70.000000" : 0,
            "80.000000" : 0,
            "90.000000" : 0,
            "95.000000" : 0,
            "99.000000" : 0,
            "99.500000" : 0,
            "99.900000" : 0,
            "99.950000" : 0,
            "99.990000" : 0
          },
          "bins" : {

          }
        },
        "lat_ns" : {
          "min" : 0,
          "max" : 0,
          "mean" : 0.000000,
          "stddev" : 0.000000
        },
        "bw_min" : 0,
        "bw_max" : 0,
        "bw_agg" : 0.000000,
        "bw_mean" : 0.000000,
        "bw_dev" : 0.000000,
        "bw_samples" : 0,
        "iops_min" : 0,
        "iops_max" : 0,
        "iops_mean" : 0.000000,
        "iops_stddev" : 0.000000,
        "iops_samples" : 0
      },
      "write" : {
        "io_bytes" : 256071434240,
        "io_kbytes" : 250069760,
        "bw_bytes" : 174447940,
        "bw" : 170359,
        "iops" : 1330.932164,
        "runtime" : 1467896,
        "total_ios" : 1953670,
        "short_ios" : 0,
        "drop_ios" : 0,
        "slat_ns" : {
          "min" : 6541,
          "max" : 367193,
          "mean" : 17417.859976,
          "stddev" : 5756.398246
        },
        "clat_ns" : {
          "min" : 817284,
          "max" : 132880861,
          "mean" : 24019702.628698,
          "stddev" : 15721269.237864,
          "percentile" : {
            "1.000000" : 12910592,
            "5.000000" : 13172736,
            "10.000000" : 13303808,
            "20.000000" : 13565952,
            "30.000000" : 13828096,
            "40.000000" : 14090240,
            "50.000000" : 14614528,
            "60.000000" : 15138816,
            "70.000000" : 33423360,
            "80.000000" : 36962304,
            "90.000000" : 54788096,
            "95.000000" : 57409536,
            "99.000000" : 63176704,
            "99.500000" : 65273856,
            "99.900000" : 79167488,
            "99.950000" : 87556096,
            "99.990000" : 102236160
          },
          "bins" : {
            "815104" : 1,
            "1351680" : 1,
            "1384448" : 1,
            "2146304" : 1,
            "2506752" : 1,
            "2867200" : 1,
            "3260416" : 1,
            "3653632" : 1,
            "4014080" : 1,
            "4358144" : 1,
            "4751360" : 1,
            "5144576" : 1,
            "5603328" : 1,
            "5931008" : 1,
            "6062080" : 1,
            "6193152" : 7,
            "6258688" : 2,
            "6324224" : 3,
            "6389760" : 6,
            "6455296" : 4,
            "6520832" : 6,
            "6586368" : 5,
            "6651904" : 8,
            "6717440" : 17,
            "6782976" : 10,
            "6848512" : 14,
            "6914048" : 9,
            "6979584" : 11,
            "7045120" : 15,
            "7110656" : 14,
            "7176192" : 13,
            "7241728" : 4,
            "7307264" : 12,
            "7372800" : 7,
            "7438336" : 10,
            "7503872" : 7,
            "7569408" : 16,
            "7634944" : 8,
            "7700480" : 9,
            "7766016" : 11,
            "7831552" : 16,
            "7897088" : 5,
            "7962624" : 7,
            "8028160" : 12,
            "8093696" : 10,
            "8159232" : 33,
            "8224768" : 21,
            "8290304" : 7,
            "8355840" : 2,
            "8454144" : 29,
            "8585216" : 17,
            "8716288" : 10,
            "8847360" : 6,
            "8978432" : 3,
            "9109504" : 2,
            "9240576" : 2,
            "9371648" : 1,
            "9633792" : 1,
            "9764864" : 1,
            "10158080" : 3,
            "10289152" : 1,
            "10420224" : 1,
            "10551296" : 3,
            "10682368" : 1,
            "10944512" : 1,
            "11075584" : 1,
            "11206656" : 1,
            "11337728" : 2,
            "11599872" : 1,
            "11730944" : 4,
            "11862016" : 9,
            "11993088" : 11,
            "12124160" : 46,
            "12255232" : 72,
            "12386304" : 183,
            "12517376" : 408,
            "12648448" : 1078,
            "12779520" : 4969,
            "12910592" : 16165,
            "13041664" : 39933,
            "13172736" : 68923,
            "13303808" : 91557,
            "13434880" : 99319,
            "13565952" : 97020,
            "13697024" : 94684,
            "13828096" : 97128,
            "13959168" : 94940,
            "14090240" : 83780,
            "14221312" : 65431,
            "14352384" : 54042,
            "14483456" : 53533,
            "14614528" : 55887,
            "14745600" : 54937,
            "14876672" : 47677,
            "15007744" : 39961,
            "15138816" : 34159,
            "15269888" : 29395,
            "15400960" : 24742,
            "15532032" : 19116,
            "15663104" : 13921,
            "15794176" : 9795,
            "15925248" : 6626,
            "16056320" : 4719,
            "16187392" : 3684,
            "16318464" : 2820,
            "16449536" : 2199,
            "16580608" : 1780,
            "16711680" : 1541,
            "16908288" : 2167,
            "17170432" : 1472,
            "17432576" : 847,
            "17694720" : 348,
            "17956864" : 159,
            "18219008" : 77,
            "18481152" : 57,
            "18743296" : 27,
            "19005440" : 27,
            "19267584" : 37,
            "19529728" : 49,
            "19791872" : 68,
            "20054016" : 62,
            "20316160" : 79,
            "20578304" : 78,
            "20840448" : 57,
            "21102592" : 48,
            "21364736" : 48,
            "21626880" : 41,
            "21889024" : 31,
            "22151168" : 25,
            "22413312" : 8,
            "22675456" : 6,
            "22937600" : 8,
            "23199744" : 14,
            "23461888" : 9,
            "23724032" : 8,
            "23986176" : 9,
            "24248320" : 7,
            "24510464" : 10,
            "24772608" : 14,
            "25034752" : 3,
            "25296896" : 8,
            "25559040" : 13,
            "25821184" : 36,
            "26083328" : 37,
            "26345472" : 151,
            "26607616" : 509,
            "26869760" : 2321,
            "27131904" : 5103,
            "27394048" : 3214,
            "27656192" : 1450,
            "27918336" : 1020,
            "28180480" : 891,
            "28442624" : 1135,
            "28704768" : 1360,
            "28966912" : 853,
            "29229056" : 383,
            "29491200" : 207,
            "29753344" : 272,
            "30015488" : 257,
            "30277632" : 335,
            "30539776" : 442,