{
  "fio version" : "fio-3.8",
  "timestamp" : 1546069112,
  "timestamp_ms" : 1546069112217,
  "time" : "Fri Dec 28 23:38:32 2018",
  "jobs" : [
    {
      "jobname" : "wipc",
      "groupid" : 0,
      "error" : 0,
      "eta" : 0,
      "elapsed" : 1455,
      "job options" : {
        "ioengine" : "libaio",
        "group_reporting" : "1",
        "direct" : "1",
        "rw" : "write",
        "bssplit" : "128KB",
        "numjobs" : "2",
        "iodepth" : "16",
        "size" : "75%",
        "io_size" : "128035676160B",
        "filename" : "/dev/sdf"
      },
      "read" : {
        "io_bytes" : 0,
        "io_kbytes" : 0,
        "bw_bytes" : 0,
        "bw" : 0,
        "iops" : 0.000000,
        "runtime" : 0,
        "total_ios" : 0,
        "short_ios" : 0,
        "drop_ios" : 0,
        "slat_ns" : {
          "min" : 0,
          "max" : 0,
          "mean" : 0.000000,
          "stddev" : 0.000000
        },
        "clat_ns" : {
          "min" : 0,
          "max" : 0,
          "mean" : 0.000000,
          "stddev" : 0.000000,
          "percentile" : {
            "1.000000" : 0,
            "5.000000" : 0,
            "10.000000" : 0,
            "20.000000" : 0,
            "30.000000" : 0,
            "40.000000" : 0,
            "50.000000" : 0,
            "60.000000" : 0,
            "70.000000" : 0,
            "80.000000" : 0,
            "90.000000" : 0,
            "95.000000" : 0,
            "99.000000" : 0,
            "99.500000" : 0,
            "99.900000" : 0,
            "99.950000" : 0,
            "99.990000" : 0
          },
          "bins" : {

          }
        },
        "lat_ns" : {
          "min" : 0,
          "max" : 0,
          "mean" : 0.000000,
          "stddev" : 0.000000
        },
        "bw_min" : 0,
        "bw_max" : 0,
        "bw_agg" : 0.000000,
        "bw_mean" : 0.000000,
        "bw_dev" : 0.000000,
        "bw_samples" : 0,
        "iops_min" : 0,
        "iops_max" : 0,
        "iops_mean" : 0.000000,
        "iops_stddev" : 0.000000,
        "iops_samples" : 0
      },
      "write" : {
        "io_bytes" : 256071434240,
        "io_kbytes" : 250069760,
        "bw_bytes" : 176022542,
        "bw" : 171897,
        "iops" : 1342.945424,
        "runtime" : 1454765,
        "total_ios" : 1953670,
        "short_ios" : 0,
        "drop_ios" : 0,
        "slat_ns" : {
          "min" : 6303,
          "max" : 391230,
          "mean" : 14735.978244,
          "stddev" : 4800.999902
        },
        "clat_ns" : {
          "min" : 863540,
          "max" : 128908086,
          "mean" : 23810853.542946,
          "stddev" : 15523750.386212,
          "percentile" : {
            "1.000000" : 12910592,
            "5.000000" : 13172736,
            "10.000000" : 13303808,
            "20.000000" : 13565952,
            "30.000000" : 13697024,
            "40.000000" : 13959168,
            "50.000000" : 14352384,
            "60.000000" : 14876672,
            "70.000000" : 33423360,
            "80.000000" : 36962304,
            "90.000000" : 54263808,
            "95.000000" : 56885248,
            "99.000000" : 63176704,
            "99.500000" : 65273856,
            "99.900000" : 79167488,
            "99.950000" : 86507520,
            "99.990000" : 98041856
          },
          "bins" : {
            "864256" : 1,
            "1368064" : 1,
            "1384448" : 1,
            "2007040" : 1,
            "2039808" : 1,
            "2179072" : 1,
            "2539520" : 1,
            "2899968" : 1,
            "3325952" : 1,
            "3686400" : 1,
            "4112384" : 1,
            "4489216" : 1,
            "4816896" : 1,
            "5210112" : 1,
            "5668864" : 1,
            "6062080" : 1,
            "6389760" : 1,
            "6782976" : 1,
            "7176192" : 1,
            "7503872" : 1,
            "7897088" : 1,
            "8224768" : 1,
            "8355840" : 2,
            "8454144" : 1,
            "8585216" : 1,
            "8716288" : 1,
            "8978432" : 1,
            "9764864" : 1,
            "10158080" : 1,
            "10551296" : 2,
            "10813440" : 1,
            "10944512" : 2,
            "11075584" : 1,
            "11337728" : 3,
            "11468800" : 8,
            "11599872" : 22,
            "11730944" : 69,
            "11862016" : 118,
            "11993088" : 132,
            "12124160" : 126,
            "12255232" : 151,
            "12386304" : 255,
            "12517376" : 500,
            "12648448" : 1620,
            "12779520" : 6977,
            "12910592" : 24157,
            "13041664" : 54081,
            "13172736" : 86756,
            "13303808" : 104835,
            "13434880" : 104941,
            "13565952" : 106121,
            "13697024" : 109793,
            "13828096" : 108230,
            "13959168" : 95117,
            "14090240" : 74527,
            "14221312" : 57841,
            "14352384" : 52639,
            "14483456" : 55476,
            "14614528" : 54750,
            "14745600" : 46175,
            "14876672" : 38416,
            "15007744" : 32740,
            "15138816" : 29146,
            "15269888" : 24152,
            "15400960" : 17491,
            "15532032" : 12334,
            "15663104" : 7504,
            "15794176" : 4470,
            "15925248" : 2255,
            "16056320" : 1223,
            "16187392" : 641,
            "16318464" : 427,
            "16449536" : 218,
            "16580608" : 138,
            "16711680" : 70,
            "16908288" : 118,
            "17170432" : 172,
            "17432576" : 160,
            "17694720" : 92,
            "17956864" : 33,
            "18219008" : 4,
            "18481152" : 4,
            "18743296" : 17,
            "19005440" : 23,
            "19267584" : 67,
            "19529728" : 71,
            "19791872" : 83,
            "20054016" : 75,
            "20316160" : 70,
            "20578304" : 65,
            "20840448" : 64,
            "21102592" : 52,
            "21364736" : 51,
            "21626880" : 46,
            "21889024" : 24,
            "22151168" : 7,
            "22413312" : 4,
            "23724032" : 3,
            "23986176" : 1,
            "24248320" : 2,
            "24510464" : 9,
            "24772608" : 17,
            "25034752" : 4,
            "25296896" : 13,
            "25559040" : 12,
            "25821184" : 30,
            "26083328" : 50,
            "26345472" : 119,
            "26607616" : 484,
            "26869760" : 3621,
            "27131904" : 4646,
            "27394048" : 2270,
            "27656192" : 1244,
            "27918336" : 1101,
            "28180480" : 1031,
            "28442624" : 1599,
            "28704768" : 1332,
            "28966912" : 723,
            "29229056" : 360,
            "29491200" : 321,
            "29753344" : 253,
            "30015488" : 273,
            "30277632" : 305,
            "30539776" : 396,
            "30801920" : 494,
            "31064064" : 635,
            "31326208" : 789,
            "31588352" : 1153,
            "31850496" : 1385,
            "32112640" : 1852,
            "32374784" : 2544,
            "32636928" : 3364,
            "32899072" : 4463,
            "33161216" : 6055,
            "33423360" : 7478,
            "33816576" : 19795,
            "34340864" : 24170,
            "34865152" : 29836,
            "35389440" : 37333,
            "35913728" : 39345,
            "36438016" : 34738,
            "36962304" : 31721,
            "37486592" : 28713,
            "38010880" : 22147,
            "38535168" : 15025,
            "39059456" : 10848,
            "39583744" : 8815,
            "40108032" : 7580,
            "40632320" : 6876,
            "41156608" : 6244,
            "41680896" : 5360,
            "42205184" : 4325,
            "42729472" : 3359,
            "43253760" : 2494,
            "43778048" : 1542,
            "44302336" : 960,