{
  "fio version" : "fio-3.8",
  "timestamp" : 1546048632,
  "timestamp_ms" : 1546048632178,
  "time" : "Fri Dec 28 17:57:12 2018",
  "jobs" : [
    {
      "jobname" : "wipc",
      "groupid" : 0,
      "error" : 0,
      "eta" : 0,
      "elapsed" : 1332,
      "job options" : {
        "ioengine" : "libaio",
        "group_reporting" : "1",
        "direct" : "1",
        "rw" : "write",
        "bssplit" : "128KB",
        "numjobs" : "2",
        "iodepth" : "16",
        "size" : "75%",
        "io_size" : "128035676160B",
        "filename" : "/dev/sdf"
      },
      "read" : {
        "io_bytes" : 0,
        "io_kbytes" : 0,
        "bw_bytes" : 0,
        "bw" : 0,
        "iops" : 0.000000,
        "runtime" : 0,
        "total_ios" : 0,
        "short_ios" : 0,
        "drop_ios" : 0,
        "slat_ns" : {
          "min" : 0,
          "max" : 0,
          "mean" : 0.000000,
          "stddev" : 0.000000
        },
        "clat_ns" : {
          "min" : 0,
          "max" : 0,
          "mean" : 0.000000,
          "stddev" : 0.000000,
          "percentile" : {
            "1.000000" : 0,
            "5.000000" : 0,
            "10.000000" : 0,
            "20.000000" : 0,
            "30.000000" : 0,
            "40.000000" : 0,
            "50.000000" : 0,
            "60.000000" : 0,
            "70.000000" : 0,
            "80.000000" : 0,
            "90.000000" : 0,
            "95.000000" : 0,
            "99.000000" : 0,
            "99.500000" : 0,
            "99.900000" : 0,
            "99.950000" : 0,
            "99.990000" : 0
          },
          "bins" : {

          }
        },
        "lat_ns" : {
          "min" : 0,
          "max" : 0,
          "mean" : 0.000000,
          "stddev" : 0.000000
        },
        "bw_min" : 0,
        "bw_max" : 0,
        "bw_agg" : 0.000000,
        "bw_mean" : 0.000000,
        "bw_dev" : 0.000000,
        "bw_samples" : 0,
        "iops_min" : 0,
        "iops_max" : 0,
        "iops_mean" : 0.000000,
        "iops_stddev" : 0.000000,
        "iops_samples" : 0
      },
      "write" : {
        "io_bytes" : 256071434240,
        "io_kbytes" : 250069760,
        "bw_bytes" : 192380140,
        "bw" : 187871,
        "iops" : 1467.743995,
        "runtime" : 1331070,
        "total_ios" : 1953670,
        "short_ios" : 0,
        "drop_ios" : 0,
        "slat_ns" : {
          "min" : 6385,
          "max" : 366948,
          "mean" : 17000.344942,
          "stddev" : 5295.498164
        },
        "clat_ns" : {
          "min" : 487901,
          "max" : 118281313,
          "mean" : 21780827.482245,
          "stddev" : 14004775.417298,
          "percentile" : {
            "1.000000" : 12910592,
            "5.000000" : 13172736,
            "10.000000" : 13303808,
            "20.000000" : 13565952,
            "30.000000" : 13828096,
            "40.000000" : 14090240,
            "50.000000" : 14483456,
            "60.000000" : 14876672,
            "70.000000" : 15663104,
            "80.000000" : 34865152,
            "90.000000" : 42729472,
            "95.000000" : 55836672,
            "99.000000" : 61603840,
            "99.500000" : 63176704,
            "99.900000" : 71827456,
            "99.950000" : 74973184,
            "99.990000" : 87556096
          },
          "bins" : {
            "489472" : 1,
            "1449984" : 2,
            "2113536" : 1,
            "2473984" : 1,
            "2867200" : 1,
            "3293184" : 1,
            "3653632" : 1,
            "4046848" : 1,
            "4358144" : 1,
            "4751360" : 1,
            "5079040" : 1,
            "5537792" : 1,
            "5931008" : 1,
            "5996544" : 1,
            "6193152" : 1,
            "6258688" : 1,
            "6324224" : 1,
            "6389760" : 2,
            "6455296" : 1,
            "6520832" : 5,
            "6586368" : 9,
            "6651904" : 14,
            "6717440" : 9,
            "6782976" : 4,
            "6848512" : 11,
            "6914048" : 15,
            "6979584" : 9,
            "7045120" : 30,
            "7110656" : 19,
            "7176192" : 8,
            "7241728" : 14,
            "7307264" : 5,
            "7372800" : 24,
            "7438336" : 8,
            "7503872" : 11,
            "7569408" : 8,
            "7634944" : 5,
            "7700480" : 5,
            "7766016" : 5,
            "7831552" : 5,
            "7897088" : 6,
            "7962624" : 7,
            "8028160" : 13,
            "8093696" : 12,
            "8159232" : 13,
            "8224768" : 8,
            "8290304" : 7,
            "8355840" : 7,
            "8454144" : 6,
            "8585216" : 9,
            "8716288" : 5,
            "8847360" : 2,
            "8978432" : 1,
            "9109504" : 6,
            "9240576" : 2,
            "9371648" : 1,
            "9502720" : 1,
            "9633792" : 5,
            "9895936" : 1,
            "10027008" : 2,
            "10289152" : 1,
            "10420224" : 2,
            "10682368" : 1,
            "10813440" : 2,
            "11206656" : 3,
            "11337728" : 1,
            "11468800" : 8,
            "11599872" : 36,
            "11730944" : 74,
            "11862016" : 113,
            "11993088" : 140,
            "12124160" : 132,
            "12255232" : 184,
            "12386304" : 285,
            "12517376" : 598,
            "12648448" : 2386,
            "12779520" : 7656,
            "12910592" : 21378,
            "13041664" : 45930,
            "13172736" : 72066,
            "13303808" : 92135,
            "13434880" : 98074,
            "13565952" : 99054,
            "13697024" : 101046,
            "13828096" : 98280,
            "13959168" : 90889,
            "14090240" : 79430,
            "14221312" : 68436,
            "14352384" : 61917,
            "14483456" : 60685,
            "14614528" : 60922,
            "14745600" : 59103,
            "14876672" : 54387,
            "15007744" : 47837,
            "15138816" : 41270,
            "15269888" : 34570,
            "15400960" : 29030,
            "15532032" : 24629,
            "15663104" : 20737,
            "15794176" : 16014,
            "15925248" : 12536,
            "16056320" : 9620,
            "16187392" : 7504,
            "16318464" : 5698,
            "16449536" : 4264,
            "16580608" : 3783,
            "16711680" : 3093,
            "16908288" : 5045,
            "17170432" : 3214,
            "17432576" : 1476,
            "17694720" : 565,
            "17956864" : 236,
            "18219008" : 128,
            "18481152" : 43,
            "18743296" : 47,
            "19005440" : 33,
            "19267584" : 52,
            "19529728" : 68,
            "19791872" : 48,
            "20054016" : 54,
            "20316160" : 65,
            "20578304" : 61,
            "20840448" : 66,
            "21102592" : 54,
            "21364736" : 46,
            "21626880" : 38,
            "21889024" : 59,
            "22151168" : 65,
            "22413312" : 30,
            "22675456" : 13,
            "22937600" : 6,
            "23199744" : 10,
            "23461888" : 7,
            "23724032" : 1,
            "23986176" : 5,
            "24248320" : 21,
            "24510464" : 7,
            "24772608" : 1,
            "25034752" : 2,
            "25296896" : 12,
            "25559040" : 14,
            "25821184" : 25,
            "26083328" : 103,
            "26345472" : 275,
            "26607616" : 948,
            "26869760" : 3617,
            "27131904" : 4509,
            "27394048" : 2790,
            "27656192" : 1628,
            "27918336" : 1249,
            "28180480" : 1239,
            "28442624" : 1471,
            "28704768" : 1191,
            "28966912" : 819,
            "29229056" : 551,
            "29491200" : 473,
            "29753344" : 370,
            "30015488" : 355,
            "30277632" : 392,
            "30539776" : 446,