{
  "fio version" : "fio-3.8",
  "timestamp" : 1543008810,
  "timestamp_ms" : 1543008810980,
  "time" : "Fri Nov 23 13:33:30 2018",
  "jobs" : [
    {
      "jobname" : "wipc",
      "groupid" : 0,
      "error" : 0,
      "eta" : 0,
      "elapsed" : 1461,
      "job options" : {
        "ioengine" : "libaio",
        "group_reporting" : "1",
        "direct" : "1",
        "rw" : "write",
        "bssplit" : "128KB",
        "numjobs" : "2",
        "iodepth" : "16",
        "size" : "75%",
        "io_size" : "128035676160B",
        "filename" : "/dev/sdb"
      },
      "read" : {
        "io_bytes" : 0,
        "io_kbytes" : 0,
        "bw_bytes" : 0,
        "bw" : 0,
        "iops" : 0.000000,
        "runtime" : 0,
        "total_ios" : 0,
        "short_ios" : 0,
        "drop_ios" : 0,
        "slat_ns" : {
          "min" : 0,
          "max" : 0,
          "mean" : 0.000000,
          "stddev" : 0.000000
        },
        "clat_ns" : {
          "min" : 0,
          "max" : 0,
          "mean" : 0.000000,
          "stddev" : 0.000000,
          "percentile" : {
            "1.000000" : 0,
            "5.000000" : 0,
            "10.000000" : 0,
            "20.000000" : 0,
            "30.000000" : 0,
            "40.000000" : 0,
            "50.000000" : 0,
            "60.000000" : 0,
            "70.000000" : 0,
            "80.000000" : 0,
            "90.000000" : 0,
            "95.000000" : 0,
            "99.000000" : 0,
            "99.500000" : 0,
            "99.900000" : 0,
            "99.950000" : 0,
            "99.990000" : 0
          },
          "bins" : {

          }
        },
        "lat_ns" : {
          "min" : 0,
          "max" : 0,
          "mean" : 0.000000,
          "stddev" : 0.000000
        },
        "bw_min" : 0,
        "bw_max" : 0,
        "bw_agg" : 0.000000,
        "bw_mean" : 0.000000,
        "bw_dev" : 0.000000,
        "bw_samples" : 0,
        "iops_min" : 0,
        "iops_max" : 0,
        "iops_mean" : 0.000000,
        "iops_stddev" : 0.000000,
        "iops_samples" : 0
      },
      "write" : {
        "io_bytes" : 256071434240,
        "io_kbytes" : 250069760,
        "bw_bytes" : 175311542,
        "bw" : 171202,
        "iops" : 1337.520924,
        "runtime" : 1460665,
        "total_ios" : 1953670,
        "short_ios" : 0,
        "drop_ios" : 0,
        "slat_ns" : {
          "min" : 5336,
          "max" : 358486,
          "mean" : 10885.243063,
          "stddev" : 3850.365846
        },
        "clat_ns" : {
          "min" : 795616,
          "max" : 126905872,
          "mean" : 23908249.570188,
          "stddev" : 15754471.116316,
          "percentile" : {
            "1.000000" : 12517376,
            "5.000000" : 12779520,
            "10.000000" : 12910592,
            "20.000000" : 13172736,
            "30.000000" : 13434880,
            "40.000000" : 13697024,
            "50.000000" : 14090240,
            "60.000000" : 14745600,
            "70.000000" : 33816576,
            "80.000000" : 36438016,
            "90.000000" : 53739520,
            "95.000000" : 56360960,
            "99.000000" : 62128128,
            "99.500000" : 65798144,
            "99.900000" : 83361792,
            "99.950000" : 90701824,
            "99.990000" : 109576192
          },
          "bins" : {
            "798720" : 1,
            "1253376" : 1,
            "1368064" : 1,
            "1646592" : 1,
            "2342912" : 1,
            "2670592" : 1,
            "3260416" : 1,
            "3588096" : 1,
            "3981312" : 1,
            "4292608" : 1,
            "4685824" : 1,
            "5341184" : 1,
            "5734400" : 1,
            "6062080" : 1,
            "6324224" : 1,
            "6455296" : 2,
            "6520832" : 2,
            "6717440" : 2,
            "6782976" : 4,
            "6848512" : 10,
            "6914048" : 16,
            "6979584" : 1,
            "7110656" : 1,
            "7176192" : 1,
            "7438336" : 1,
            "7503872" : 1,
            "7700480" : 1,
            "7766016" : 1,
            "7831552" : 1,
            "7962624" : 10,
            "8028160" : 7,
            "8093696" : 6,
            "8159232" : 10,
            "8224768" : 5,
            "8290304" : 7,
            "8355840" : 2,
            "8454144" : 6,
            "8585216" : 6,
            "8716288" : 1,
            "8847360" : 2,
            "9371648" : 1,
            "9502720" : 1,
            "9633792" : 1,
            "9764864" : 1,
            "9895936" : 1,
            "10158080" : 2,
            "10551296" : 1,
            "10944512" : 2,
            "11337728" : 3,
            "11468800" : 23,
            "11599872" : 79,
            "11730944" : 189,
            "11862016" : 255,
            "11993088" : 437,
            "12124160" : 754,
            "12255232" : 1425,
            "12386304" : 4429,
            "12517376" : 14399,
            "12648448" : 40236,
            "12779520" : 68631,
            "12910592" : 89440,
            "13041664" : 100566,
            "13172736" : 108270,
            "13303808" : 115047,
            "13434880" : 107694,
            "13565952" : 90201,
            "13697024" : 74825,
            "13828096" : 63602,
            "13959168" : 61973,
            "14090240" : 60145,
            "14221312" : 50233,
            "14352384" : 41314,
            "14483456" : 36518,
            "14614528" : 32577,
            "14745600" : 31511,
            "14876672" : 25862,
            "15007744" : 18752,
            "15138816" : 15063,
            "15269888" : 10428,
            "15400960" : 7193,
            "15532032" : 5076,
            "15663104" : 3779,
            "15794176" : 2834,
            "15925248" : 1945,
            "16056320" : 1327,
            "16187392" : 1079,
            "16318464" : 985,
            "16449536" : 793,
            "16580608" : 562,
            "16711680" : 463,
            "16908288" : 564,
            "17170432" : 306,
            "17432576" : 170,
            "17694720" : 69,
            "17956864" : 55,
            "18219008" : 22,
            "18481152" : 32,
            "18743296" : 44,
            "19005440" : 50,
            "19267584" : 81,
            "19529728" : 108,
            "19791872" : 95,
            "20054016" : 66,
            "20316160" : 60,
            "20578304" : 60,
            "20840448" : 47,
            "21102592" : 49,
            "21364736" : 35,
            "21626880" : 43,
            "21889024" : 18,
            "22151168" : 28,
            "22413312" : 27,
            "22675456" : 8,
            "22937600" : 2,
            "23199744" : 2,
            "23986176" : 3,
            "24248320" : 1,
            "24510464" : 1,
            "24772608" : 1,
            "25034752" : 7,
            "25296896" : 25,
            "25559040" : 30,
            "25821184" : 48,
            "26083328" : 91,
            "26345472" : 177,
            "26607616" : 755,
            "26869760" : 1012,
            "27131904" : 851,
            "27394048" : 705,
            "27656192" : 899,
            "27918336" : 1061,
            "28180480" : 2309,
            "28442624" : 2826,
            "28704768" : 2170,
            "28966912" : 1427,
            "29229056" : 1045,
            "29491200" : 958,
            "29753344" : 1203,
            "30015488" : 1337,
            "30277632" : 1011,
            "30539776" : 818,
            "30801920" : 879,
            "31064064" : 1200,
            "31326208" : 1690,
            "31588352" : 2235,
            "31850496" : 3141,
            "32112640" : 4069,
            "32374784" : 5221,
            "32636928" : 6640,
            "32899072" : 7927,
            "33161216" : 9216,
            "33423360" : 11049,
            "33816576" : 27449,
            "34340864" : 34604,
            "34865152" : 40529,
            "35389440" : 41388,
            "35913728" : 36231,
            "36438016" : 32583,