{
  "fio version" : "fio-3.8",
  "timestamp" : 1543277035,
  "timestamp_ms" : 1543277035254,
  "time" : "Tue Nov 27 00:03:55 2018",
  "jobs" : [
    {
      "jobname" : "wipc",
      "groupid" : 0,
      "error" : 0,
      "eta" : 0,
      "elapsed" : 1382,
      "job options" : {
        "ioengine" : "libaio",
        "group_reporting" : "1",
        "direct" : "1",
        "rw" : "write",
        "bssplit" : "128KB",
        "numjobs" : "2",
        "iodepth" : "16",
        "size" : "75%",
        "io_size" : "128035676160B",
        "filename" : "/dev/sda"
      },
      "read" : {
        "io_bytes" : 0,
        "io_kbytes" : 0,
        "bw_bytes" : 0,
        "bw" : 0,
        "iops" : 0.000000,
        "runtime" : 0,
        "total_ios" : 0,
        "short_ios" : 0,
        "drop_ios" : 0,
        "slat_ns" : {
          "min" : 0,
          "max" : 0,
          "mean" : 0.000000,
          "stddev" : 0.000000
        },
        "clat_ns" : {
          "min" : 0,
          "max" : 0,
          "mean" : 0.000000,
          "stddev" : 0.000000,
          "percentile" : {
            "1.000000" : 0,
            "5.000000" : 0,
            "10.000000" : 0,
            "20.000000" : 0,
            "30.000000" : 0,
            "40.000000" : 0,
            "50.000000" : 0,
            "60.000000" : 0,
            "70.000000" : 0,
            "80.000000" : 0,
            "90.000000" : 0,
            "95.000000" : 0,
            "99.000000" : 0,
            "99.500000" : 0,
            "99.900000" : 0,
            "99.950000" : 0,
            "99.990000" : 0
          },
          "bins" : {

          }
        },
        "lat_ns" : {
          "min" : 0,
          "max" : 0,
          "mean" : 0.000000,
          "stddev" : 0.000000
        },
        "bw_min" : 0,
        "bw_max" : 0,
        "bw_agg" : 0.000000,
        "bw_mean" : 0.000000,
        "bw_dev" : 0.000000,
        "bw_samples" : 0,
        "iops_min" : 0,
        "iops_max" : 0,
        "iops_mean" : 0.000000,
        "iops_stddev" : 0.000000,
        "iops_samples" : 0
      },
      "write" : {
        "io_bytes" : 256071434240,
        "io_kbytes" : 250069760,
        "bw_bytes" : 185391083,
        "bw" : 181045,
        "iops" : 1414.421719,
        "runtime" : 1381250,
        "total_ios" : 1953670,
        "short_ios" : 0,
        "drop_ios" : 0,
        "slat_ns" : {
          "min" : 25375,
          "max" : 4501000,
          "mean" : 62751.982576,
          "stddev" : 35945.435789
        },
        "clat_ns" : {
          "min" : 2200625,
          "max" : 116855083,
          "mean" : 22552351.769693,
          "stddev" : 15720216.046192,
          "percentile" : {
            "1.000000" : 12124160,
            "5.000000" : 12386304,
            "10.000000" : 12648448,
            "20.000000" : 12779520,
            "30.000000" : 13041664,
            "40.000000" : 13172736,
            "50.000000" : 13565952,
            "60.000000" : 14090240,
            "70.000000" : 15269888,
            "80.000000" : 36438016,
            "90.000000" : 54263808,
            "95.000000" : 56885248,
            "99.000000" : 63176704,
            "99.500000" : 64749568,
            "99.900000" : 76021760,
            "99.950000" : 85458944,
            "99.990000" : 96993280
          },
          "bins" : {
            "2211840" : 1,
            "2244608" : 1,
            "2277376" : 2,
            "2310144" : 3,
            "4751360" : 6,
            "4816896" : 6,
            "5013504" : 1,
            "5079040" : 1,
            "5275648" : 1,
            "5472256" : 1,
            "5996544" : 1,
            "6193152" : 3,
            "6258688" : 2,
            "6324224" : 2,
            "6389760" : 6,
            "6455296" : 7,
            "6520832" : 6,
            "6586368" : 5,
            "6651904" : 4,
            "6717440" : 6,
            "6782976" : 8,
            "6848512" : 6,
            "6914048" : 2,
            "6979584" : 5,
            "7045120" : 10,
            "7110656" : 1,
            "7176192" : 2,
            "7241728" : 3,
            "7307264" : 4,
            "7372800" : 4,
            "7438336" : 1,
            "7503872" : 4,
            "7569408" : 3,
            "7634944" : 2,
            "7700480" : 1,
            "7766016" : 2,
            "7831552" : 4,
            "7897088" : 1,
            "7962624" : 2,
            "8028160" : 3,
            "8159232" : 1,
            "8224768" : 1,
            "8290304" : 1,
            "8454144" : 4,
            "8585216" : 4,
            "8716288" : 5,
            "8847360" : 2,
            "8978432" : 1,
            "9109504" : 4,
            "9240576" : 9,
            "9371648" : 18,
            "9502720" : 11,
            "9633792" : 14,
            "9764864" : 21,
            "9895936" : 75,
            "10027008" : 110,
            "10158080" : 179,
            "10289152" : 238,
            "10420224" : 278,
            "10551296" : 288,
            "10682368" : 377,
            "10813440" : 468,
            "10944512" : 382,
            "11075584" : 356,
            "11206656" : 435,
            "11337728" : 592,
            "11468800" : 925,
            "11599872" : 1334,
            "11730944" : 1815,
            "11862016" : 2417,
            "11993088" : 4675,
            "12124160" : 11384,
            "12255232" : 26591,
            "12386304" : 53025,
            "12517376" : 86804,
            "12648448" : 114868,
            "12779520" : 130413,
            "12910592" : 130019,
            "13041664" : 119067,
            "13172736" : 106242,
            "13303808" : 92191,
            "13434880" : 79526,
            "13565952" : 66475,
            "13697024" : 54606,
            "13828096" : 45702,
            "13959168" : 39798,
            "14090240" : 35046,
            "14221312" : 32489,
            "14352384" : 30305,
            "14483456" : 26378,
            "14614528" : 22085,
            "14745600" : 17580,
            "14876672" : 13226,
            "15007744" : 9233,
            "15138816" : 6593,
            "15269888" : 4536,
            "15400960" : 3285,
            "15532032" : 2390,
            "15663104" : 1664,
            "15794176" : 1318,
            "15925248" : 972,
            "16056320" : 675,
            "16187392" : 543,
            "16318464" : 406,
            "16449536" : 246,
            "16580608" : 232,
            "16711680" : 179,
            "16908288" : 398,
            "17170432" : 390,
            "17432576" : 349,
            "17694720" : 157,
            "17956864" : 78,
            "18219008" : 95,
            "18481152" : 106,
            "18743296" : 89,
            "19005440" : 84,
            "19267584" : 84,
            "19529728" : 63,
            "19791872" : 66,
            "20054016" : 58,
            "20316160" : 44,
            "20578304" : 40,
            "20840448" : 19,
            "21102592" : 18,
            "21364736" : 14,
            "21626880" : 10,
            "21889024" : 3,
            "22151168" : 5,
            "22413312" : 4,
            "22675456" : 4,
            "22937600" : 2,
            "23199744" : 2,
            "23461888" : 4,
            "23724032" : 8,
            "23986176" : 24,
            "24248320" : 40,
            "24510464" : 61,
            "24772608" : 82,
            "25034752" : 157,
            "25296896" : 472,
            "25559040" : 1898,
            "25821184" : 3371,
            "26083328" : 2289,
            "26345472" : 1917,
            "26607616" : 1590,
            "26869760" : 1302,
            "27131904" : 1483,
            "27394048" : 1272,
            "27656192" : 998,
            "27918336" : 793,
            "28180480" : 513,
            "28442624" : 348,
            "28704768" : 341,
            "28966912" : 296,
            "29229056" : 228,
            "29491200" : 262,
            "29753344" : 258,
            "30015488" : 262,
            "30277632" : 300,