{
  "fio version" : "fio-3.8",
  "timestamp" : 1555725605,
  "timestamp_ms" : 1555725605660,
  "time" : "Fri Apr 19 19:00:05 2019",
  "jobs" : [
    {
      "jobname" : "wipc",
      "groupid" : 0,
      "error" : 0,
      "eta" : 0,
      "elapsed" : 1442,
      "job options" : {
        "ioengine" : "libaio",
        "group_reporting" : "1",
        "direct" : "1",
        "rw" : "write",
        "bssplit" : "128KB",
        "numjobs" : "2",
        "iodepth" : "16",
        "size" : "75%",
        "io_size" : "128035676160B",
        "filename" : "/dev/sdc"
      },
      "read" : {
        "io_bytes" : 0,
        "io_kbytes" : 0,
        "bw_bytes" : 0,
        "bw" : 0,
        "iops" : 0.000000,
        "runtime" : 0,
        "total_ios" : 0,
        "short_ios" : 0,
        "drop_ios" : 0,
        "slat_ns" : {
          "min" : 0,
          "max" : 0,
          "mean" : 0.000000,
          "stddev" : 0.000000
        },
        "clat_ns" : {
          "min" : 0,
          "max" : 0,
          "mean" : 0.000000,
          "stddev" : 0.000000,
          "percentile" : {
            "1.000000" : 0,
            "5.000000" : 0,
            "10.000000" : 0,
            "20.000000" : 0,
            "30.000000" : 0,
            "40.000000" : 0,
            "50.000000" : 0,
            "60.000000" : 0,
            "70.000000" : 0,
            "80.000000" : 0,
            "90.000000" : 0,
            "95.000000" : 0,
            "99.000000" : 0,
            "99.500000" : 0,
            "99.900000" : 0,
            "99.950000" : 0,
            "99.990000" : 0
          },
          "bins" : {

          }
        },
        "lat_ns" : {
          "min" : 0,
          "max" : 0,
          "mean" : 0.000000,
          "stddev" : 0.000000
        },
        "bw_min" : 0,
        "bw_max" : 0,
        "bw_agg" : 0.000000,
        "bw_mean" : 0.000000,
        "bw_dev" : 0.000000,
        "bw_samples" : 0,
        "iops_min" : 0,
        "iops_max" : 0,
        "iops_mean" : 0.000000,
        "iops_stddev" : 0.000000,
        "iops_samples" : 0
      },
      "write" : {
        "io_bytes" : 256071434240,
        "io_kbytes" : 250069760,
        "bw_bytes" : 177661320,
        "bw" : 173497,
        "iops" : 1355.448310,
        "runtime" : 1441346,
        "total_ios" : 1953670,
        "short_ios" : 0,
        "drop_ios" : 0,
        "slat_ns" : {
          "min" : 6240,
          "max" : 378492,
          "mean" : 17583.120989,
          "stddev" : 5849.229524
        },
        "clat_ns" : {
          "min" : 897428,
          "max" : 117845812,
          "mean" : 23583186.864582,
          "stddev" : 14600955.879761,
          "percentile" : {
            "1.000000" : 13172736,
            "5.000000" : 13434880,
            "10.000000" : 13565952,
            "20.000000" : 13828096,
            "30.000000" : 14090240,
            "40.000000" : 14352384,
            "50.000000" : 14745600,
            "60.000000" : 15269888,
            "70.000000" : 33161216,
            "80.000000" : 35913728,
            "90.000000" : 52690944,
            "95.000000" : 55836672,
            "99.000000" : 61603840,
            "99.500000" : 63176704,
            "99.900000" : 72876032,
            "99.950000" : 76021760,
            "99.990000" : 91750400
          },
          "bins" : {
            "897024" : 1,
            "1384448" : 1,
            "1499136" : 1,
            "2146304" : 1,
            "2506752" : 1,
            "2899968" : 1,
            "3293184" : 1,
            "3686400" : 1,
            "4046848" : 1,
            "4358144" : 1,
            "4751360" : 1,
            "5144576" : 1,
            "5537792" : 1,
            "5865472" : 1,
            "5931008" : 2,
            "6062080" : 2,
            "6127616" : 3,
            "6193152" : 3,
            "6258688" : 7,
            "6324224" : 5,
            "6389760" : 4,
            "6455296" : 14,
            "6520832" : 30,
            "6586368" : 43,
            "6651904" : 36,
            "6717440" : 32,
            "6782976" : 40,
            "6848512" : 35,
            "6914048" : 21,
            "6979584" : 26,
            "7045120" : 31,
            "7110656" : 17,
            "7176192" : 19,
            "7241728" : 19,
            "7307264" : 10,
            "7372800" : 10,
            "7438336" : 10,
            "7503872" : 10,
            "7569408" : 24,
            "7634944" : 15,
            "7700480" : 5,
            "7766016" : 8,
            "7831552" : 21,
            "7897088" : 38,
            "7962624" : 23,
            "8028160" : 14,
            "8093696" : 7,
            "8159232" : 10,
            "8224768" : 9,
            "8290304" : 5,
            "8355840" : 3,
            "8454144" : 5,
            "8585216" : 9,
            "8716288" : 3,
            "8847360" : 4,
            "8978432" : 1,
            "9109504" : 1,
            "9371648" : 4,
            "9502720" : 2,
            "9633792" : 3,
            "9764864" : 3,
            "9895936" : 2,
            "10027008" : 2,
            "10158080" : 1,
            "10289152" : 2,
            "10420224" : 2,
            "10682368" : 2,
            "10813440" : 3,
            "11075584" : 2,
            "11206656" : 4,
            "11337728" : 2,
            "11468800" : 1,
            "11599872" : 3,
            "11730944" : 11,
            "11862016" : 11,
            "11993088" : 19,
            "12124160" : 30,
            "12255232" : 36,
            "12386304" : 84,
            "12517376" : 165,
            "12648448" : 259,
            "12779520" : 784,
            "12910592" : 2794,
            "13041664" : 7636,
            "13172736" : 17868,
            "13303808" : 40488,
            "13434880" : 75536,
            "13565952" : 104699,
            "13697024" : 112184,
            "13828096" : 102530,
            "13959168" : 96714,
            "14090240" : 94967,
            "14221312" : 90852,
            "14352384" : 79777,
            "14483456" : 63621,
            "14614528" : 49732,
            "14745600" : 44028,
            "14876672" : 45682,
            "15007744" : 51300,
            "15138816" : 52434,
            "15269888" : 45913,
            "15400960" : 38116,
            "15532032" : 29331,
            "15663104" : 20933,
            "15794176" : 13347,
            "15925248" : 8796,
            "16056320" : 5764,
            "16187392" : 3827,
            "16318464" : 2898,
            "16449536" : 2269,
            "16580608" : 1922,
            "16711680" : 1607,
            "16908288" : 2408,
            "17170432" : 1341,
            "17432576" : 595,
            "17694720" : 291,
            "17956864" : 138,
            "18219008" : 52,
            "18481152" : 30,
            "18743296" : 40,
            "19005440" : 33,
            "19267584" : 55,
            "19529728" : 65,
            "19791872" : 54,
            "20054016" : 51,
            "20316160" : 61,
            "20578304" : 95,
            "20840448" : 81,
            "21102592" : 49,
            "21364736" : 72,
            "21626880" : 36,
            "21889024" : 48,
            "22151168" : 21,
            "22413312" : 28,
            "22675456" : 18,
            "22937600" : 9,
            "23199744" : 9,
            "23461888" : 18,
            "23724032" : 3,
            "23986176" : 4,
            "24248320" : 11,
            "24510464" : 11,
            "24772608" : 6,
            "25034752" : 24,
            "25296896" : 31,
            "25559040" : 25,
            "25821184" : 41,
            "26083328" : 71,
            "26345472" : 102,
            "26607616" : 111,
            "26869760" : 411,
            "27131904" : 1663,
            "27394048" : 3694,
            "27656192" : 4081,
            "27918336" : 2612,
            "28180480" : 1536,
            "28442624" : 1027,
            "28704768" : 1166,
            "28966912" : 1161,
            "29229056" : 694,
            "29491200" : 413,