{
  "fio version" : "fio-3.8",
  "timestamp" : 1545893377,
  "timestamp_ms" : 1545893377482,
  "time" : "Wed Dec 26 22:49:37 2018",
  "jobs" : [
    {
      "jobname" : "wipc",
      "groupid" : 0,
      "error" : 0,
      "eta" : 0,
      "elapsed" : 1461,
      "job options" : {
        "ioengine" : "libaio",
        "group_reporting" : "1",
        "direct" : "1",
        "rw" : "write",
        "bssplit" : "128KB",
        "numjobs" : "2",
        "iodepth" : "16",
        "size" : "75%",
        "io_size" : "128035676160B",
        "filename" : "/dev/sdd"
      },
      "read" : {
        "io_bytes" : 0,
        "io_kbytes" : 0,
        "bw_bytes" : 0,
        "bw" : 0,
        "iops" : 0.000000,
        "runtime" : 0,
        "total_ios" : 0,
        "short_ios" : 0,
        "drop_ios" : 0,
        "slat_ns" : {
          "min" : 0,
          "max" : 0,
          "mean" : 0.000000,
          "stddev" : 0.000000
        },
        "clat_ns" : {
          "min" : 0,
          "max" : 0,
          "mean" : 0.000000,
          "stddev" : 0.000000,
          "percentile" : {
            "1.000000" : 0,
            "5.000000" : 0,
            "10.000000" : 0,
            "20.000000" : 0,
            "30.000000" : 0,
            "40.000000" : 0,
            "50.000000" : 0,
            "60.000000" : 0,
            "70.000000" : 0,
            "80.000000" : 0,
            "90.000000" : 0,
            "95.000000" : 0,
            "99.000000" : 0,
            "99.500000" : 0,
            "99.900000" : 0,
            "99.950000" : 0,
            "99.990000" : 0
          },
          "bins" : {

          }
        },
        "lat_ns" : {
          "min" : 0,
          "max" : 0,
          "mean" : 0.000000,
          "stddev" : 0.000000
        },
        "bw_min" : 0,
        "bw_max" : 0,
        "bw_agg" : 0.000000,
        "bw_mean" : 0.000000,
        "bw_dev" : 0.000000,
        "bw_samples" : 0,
        "iops_min" : 0,
        "iops_max" : 0,
        "iops_mean" : 0.000000,
        "iops_stddev" : 0.000000,
        "iops_samples" : 0
      },
      "write" : {
        "io_bytes" : 256071434240,
        "io_kbytes" : 250069760,
        "bw_bytes" : 175370132,
        "bw" : 171259,
        "iops" : 1337.967931,
        "runtime" : 1460177,
        "total_ios" : 1953670,
        "short_ios" : 0,
        "drop_ios" : 0,
        "slat_ns" : {
          "min" : 6793,
          "max" : 387200,
          "mean" : 16814.705189,
          "stddev" : 4899.732899
        },
        "clat_ns" : {
          "min" : 817483,
          "max" : 127257288,
          "mean" : 23894385.836233,
          "stddev" : 15838451.631553,
          "percentile" : {
            "1.000000" : 13041664,
            "5.000000" : 13303808,
            "10.000000" : 13565952,
            "20.000000" : 13828096,
            "30.000000" : 13959168,
            "40.000000" : 14221312,
            "50.000000" : 14614528,
            "60.000000" : 15138816,
            "70.000000" : 27394048,
            "80.000000" : 37486592,
            "90.000000" : 55312384,
            "95.000000" : 58458112,
            "99.000000" : 64225280,
            "99.500000" : 66322432,
            "99.900000" : 78118912,
            "99.950000" : 86507520,
            "99.990000" : 96993280
          },
          "bins" : {
            "815104" : 1,
            "1187840" : 1,
            "1351680" : 1,
            "1384448" : 1,
            "2072576" : 1,
            "2408448" : 1,
            "2441216" : 1,
            "2473984" : 1,
            "2768896" : 1,
            "2965504" : 1,
            "3325952" : 1,
            "3719168" : 2,
            "4079616" : 1,
            "4112384" : 1,
            "4489216" : 1,
            "4816896" : 1,
            "5079040" : 1,
            "5275648" : 1,
            "5406720" : 1,
            "5668864" : 1,
            "5799936" : 1,
            "6062080" : 1,
            "6193152" : 1,
            "6389760" : 1,
            "6520832" : 1,
            "6782976" : 1,
            "7176192" : 2,
            "7438336" : 1,
            "7503872" : 2,
            "7766016" : 2,
            "7831552" : 6,
            "7897088" : 12,
            "7962624" : 2,
            "8028160" : 4,
            "8093696" : 1,
            "8159232" : 1,
            "8290304" : 2,
            "8585216" : 1,
            "8716288" : 1,
            "8978432" : 1,
            "10027008" : 1,
            "10289152" : 1,
            "10682368" : 1,
            "11075584" : 1,
            "11862016" : 4,
            "11993088" : 18,
            "12124160" : 46,
            "12255232" : 118,
            "12386304" : 174,
            "12517376" : 326,
            "12648448" : 761,
            "12779520" : 2014,
            "12910592" : 5227,
            "13041664" : 13658,
            "13172736" : 31618,
            "13303808" : 57551,
            "13434880" : 80332,
            "13565952" : 94493,
            "13697024" : 102353,
            "13828096" : 108799,
            "13959168" : 105363,
            "14090240" : 97258,
            "14221312" : 85052,
            "14352384" : 74094,
            "14483456" : 67299,
            "14614528" : 63188,
            "14745600" : 55354,
            "14876672" : 48879,
            "15007744" : 43578,
            "15138816" : 38921,
            "15269888" : 36697,
            "15400960" : 33230,
            "15532032" : 27964,
            "15663104" : 22513,
            "15794176" : 16863,
            "15925248" : 12340,
            "16056320" : 8999,
            "16187392" : 6519,
            "16318464" : 4419,
            "16449536" : 2993,
            "16580608" : 2073,
            "16711680" : 1572,
            "16908288" : 2174,
            "17170432" : 1375,
            "17432576" : 708,
            "17694720" : 419,
            "17956864" : 251,
            "18219008" : 140,
            "18481152" : 80,
            "18743296" : 52,
            "19005440" : 50,
            "19267584" : 33,
            "19529728" : 40,
            "19791872" : 44,
            "20054016" : 30,
            "20316160" : 34,
            "20578304" : 27,
            "20840448" : 45,
            "21102592" : 49,
            "21364736" : 40,
            "21626880" : 35,
            "21889024" : 50,
            "22151168" : 68,
            "22413312" : 57,
            "22675456" : 46,
            "22937600" : 30,
            "23199744" : 16,
            "23461888" : 31,
            "23724032" : 30,
            "23986176" : 14,
            "24248320" : 23,
            "24510464" : 3,
            "24772608" : 6,
            "25034752" : 21,
            "25296896" : 24,
            "25559040" : 25,
            "25821184" : 21,
            "26083328" : 90,
            "26345472" : 203,
            "26607616" : 639,
            "26869760" : 2207,
            "27131904" : 4933,
            "27394048" : 3912,
            "27656192" : 2645,
            "27918336" : 1525,
            "28180480" : 835,
            "28442624" : 467,
            "28704768" : 313,
            "28966912" : 319,
            "29229056" : 212,
            "29491200" : 209,
            "29753344" : 197,
            "30015488" : 193,
            "30277632" : 215,
            "30539776" : 234,
            "30801920" : 283,
            "31064064" : 286,
            "31326208" : 405,
            "31588352" : 502,
            "31850496" : 617,
            "32112640" : 858,
            "32374784" : 987,
            "32636928" : 1249,
            "32899072" : 1508,
            "33161216" : 2005,
            "33423360" : 2712,
            "33816576" : 8409,
            "34340864" : 13028,
            "34865152" : 17869,
            "35389440" : 23656,
            "35913728" : 29944,
            "36438016" : 34387,
            "36962304" : 33304,
            "37486592" : 29519,
            "38010880" : 27193,
            "38535168" : 23053,
            "39059456" : 16176,
            "39583744" : 11231,