{
  "fio version" : "fio-3.8",
  "timestamp" : 1546934405,
  "timestamp_ms" : 1546934405671,
  "time" : "Tue Jan  8 00:00:05 2019",
  "jobs" : [
    {
      "jobname" : "wipc",
      "groupid" : 0,
      "error" : 0,
      "eta" : 0,
      "elapsed" : 1432,
      "job options" : {
        "ioengine" : "libaio",
        "group_reporting" : "1",
        "direct" : "1",
        "rw" : "write",
        "bssplit" : "128KB",
        "numjobs" : "2",
        "iodepth" : "16",
        "size" : "75%",
        "io_size" : "128035676160B",
        "filename" : "/dev/sda"
      },
      "read" : {
        "io_bytes" : 0,
        "io_kbytes" : 0,
        "bw_bytes" : 0,
        "bw" : 0,
        "iops" : 0.000000,
        "runtime" : 0,
        "total_ios" : 0,
        "short_ios" : 0,
        "drop_ios" : 0,
        "slat_ns" : {
          "min" : 0,
          "max" : 0,
          "mean" : 0.000000,
          "stddev" : 0.000000
        },
        "clat_ns" : {
          "min" : 0,
          "max" : 0,
          "mean" : 0.000000,
          "stddev" : 0.000000,
          "percentile" : {
            "1.000000" : 0,
            "5.000000" : 0,
            "10.000000" : 0,
            "20.000000" : 0,
            "30.000000" : 0,
            "40.000000" : 0,
            "50.000000" : 0,
            "60.000000" : 0,
            "70.000000" : 0,
            "80.000000" : 0,
            "90.000000" : 0,
            "95.000000" : 0,
            "99.000000" : 0,
            "99.500000" : 0,
            "99.900000" : 0,
            "99.950000" : 0,
            "99.990000" : 0
          },
          "bins" : {

          }
        },
        "lat_ns" : {
          "min" : 0,
          "max" : 0,
          "mean" : 0.000000,
          "stddev" : 0.000000
        },
        "bw_min" : 0,
        "bw_max" : 0,
        "bw_agg" : 0.000000,
        "bw_mean" : 0.000000,
        "bw_dev" : 0.000000,
        "bw_samples" : 0,
        "iops_min" : 0,
        "iops_max" : 0,
        "iops_mean" : 0.000000,
        "iops_stddev" : 0.000000,
        "iops_samples" : 0
      },
      "write" : {
        "io_bytes" : 256071434240,
        "io_kbytes" : 250069760,
        "bw_bytes" : 178853182,
        "bw" : 174661,
        "iops" : 1364.541492,
        "runtime" : 1431741,
        "total_ios" : 1953670,
        "short_ios" : 0,
        "drop_ios" : 0,
        "slat_ns" : {
          "min" : 5372,
          "max" : 104037,
          "mean" : 13490.407066,
          "stddev" : 2930.377640
        },
        "clat_ns" : {
          "min" : 979292,
          "max" : 117440954,
          "mean" : 23426438.419219,
          "stddev" : 15442337.791364,
          "percentile" : {
            "1.000000" : 12910592,
            "5.000000" : 13172736,
            "10.000000" : 13303808,
            "20.000000" : 13565952,
            "30.000000" : 13828096,
            "40.000000" : 14090240,
            "50.000000" : 14483456,
            "60.000000" : 15007744,
            "70.000000" : 26869760,
            "80.000000" : 36962304,
            "90.000000" : 54263808,
            "95.000000" : 56885248,
            "99.000000" : 62652416,
            "99.500000" : 64749568,
            "99.900000" : 77070336,
            "99.950000" : 84410368,
            "99.990000" : 100139008
          },
          "bins" : {
            "978944" : 1,
            "1417216" : 1,
            "1433600" : 1,
            "2244608" : 1,
            "2605056" : 1,
            "2932736" : 1,
            "3457024" : 1,
            "3883008" : 1,
            "4292608" : 1,
            "4620288" : 1,
            "5079040" : 1,
            "5537792" : 1,
            "5931008" : 1,
            "6389760" : 1,
            "6651904" : 1,
            "7110656" : 1,
            "7503872" : 1,
            "7897088" : 1,
            "8355840" : 1,
            "8716288" : 1,
            "9109504" : 1,
            "9502720" : 1,
            "10027008" : 1,
            "10420224" : 1,
            "10682368" : 1,
            "11206656" : 1,
            "11599872" : 1,
            "11862016" : 4,
            "11993088" : 27,
            "12124160" : 46,
            "12255232" : 79,
            "12386304" : 193,
            "12517376" : 434,
            "12648448" : 1511,
            "12779520" : 6084,
            "12910592" : 19282,
            "13041664" : 45597,
            "13172736" : 74150,
            "13303808" : 93701,
            "13434880" : 104049,
            "13565952" : 104881,
            "13697024" : 104328,
            "13828096" : 100753,
            "13959168" : 90883,
            "14090240" : 74452,
            "14221312" : 59951,
            "14352384" : 55888,
            "14483456" : 57033,
            "14614528" : 56604,
            "14745600" : 53349,
            "14876672" : 47207,
            "15007744" : 41026,
            "15138816" : 35493,
            "15269888" : 31495,
            "15400960" : 25283,
            "15532032" : 19442,
            "15663104" : 13892,
            "15794176" : 10546,
            "15925248" : 7525,
            "16056320" : 5686,
            "16187392" : 4577,
            "16318464" : 3749,
            "16449536" : 2929,
            "16580608" : 2357,
            "16711680" : 1844,
            "16908288" : 3020,
            "17170432" : 1931,
            "17432576" : 856,
            "17694720" : 364,
            "17956864" : 134,
            "18219008" : 123,
            "18481152" : 81,
            "18743296" : 65,
            "19005440" : 48,
            "19267584" : 45,
            "19529728" : 58,
            "19791872" : 82,
            "20054016" : 71,
            "20316160" : 79,
            "20578304" : 78,
            "20840448" : 70,
            "21102592" : 64,
            "21364736" : 49,
            "21626880" : 42,
            "21889024" : 29,
            "22151168" : 38,
            "22413312" : 8,
            "22675456" : 24,
            "22937600" : 9,
            "23199744" : 13,
            "23461888" : 14,
            "23724032" : 20,
            "23986176" : 17,
            "24248320" : 21,
            "24510464" : 14,
            "24772608" : 32,
            "25034752" : 9,
            "25296896" : 13,
            "25559040" : 20,
            "25821184" : 46,
            "26083328" : 104,
            "26345472" : 239,
            "26607616" : 889,
            "26869760" : 3925,
            "27131904" : 4843,
            "27394048" : 3307,
            "27656192" : 2202,
            "27918336" : 1120,
            "28180480" : 750,
            "28442624" : 803,
            "28704768" : 718,
            "28966912" : 378,
            "29229056" : 301,
            "29491200" : 274,
            "29753344" : 272,
            "30015488" : 282,
            "30277632" : 344,
            "30539776" : 436,
            "30801920" : 538,
            "31064064" : 707,
            "31326208" : 861,
            "31588352" : 1161,
            "31850496" : 1577,
            "32112640" : 1961,
            "32374784" : 2660,
            "32636928" : 3194,
            "32899072" : 4154,
            "33161216" : 5171,
            "33423360" : 6240,
            "33816576" : 15982,
            "34340864" : 19398,
            "34865152" : 24479,
            "35389440" : 30445,
            "35913728" : 31052,
            "36438016" : 27665,
            "36962304" : 27888,
            "37486592" : 26925,
            "38010880" : 18553,
            "38535168" : 12427,
            "39059456" : 10306,
            "39583744" : 7934,
            "40108032" : 6757,
            "40632320" : 6206,
            "41156608" : 5736,
            "41680896" : 4909,
            "42205184" : 3915,
            "42729472" : 3162,
            "43253760" : 2256,
            "43778048" : 1317,
            "44302336" : 844,
            "44826624" : 545,
            "45350912" : 439,
            "45875200" : 419,
            "46399488" : 373,
            "46923776" : 415,