{
  "fio version" : "fio-3.8",
  "timestamp" : 1552967515,
  "timestamp_ms" : 1552967515346,
  "time" : "Mon Mar 18 20:51:55 2019",
  "jobs" : [
    {
      "jobname" : "wipc",
      "groupid" : 0,
      "error" : 0,
      "eta" : 0,
      "elapsed" : 1445,
      "job options" : {
        "ioengine" : "libaio",
        "group_reporting" : "1",
        "direct" : "1",
        "rw" : "write",
        "bssplit" : "128KB",
        "numjobs" : "2",
        "iodepth" : "16",
        "size" : "75%",
        "io_size" : "128035676160B",
        "filename" : "/dev/sdb"
      },
      "read" : {
        "io_bytes" : 0,
        "io_kbytes" : 0,
        "bw_bytes" : 0,
        "bw" : 0,
        "iops" : 0.000000,
        "runtime" : 0,
        "total_ios" : 0,
        "short_ios" : 0,
        "drop_ios" : 0,
        "slat_ns" : {
          "min" : 0,
          "max" : 0,
          "mean" : 0.000000,
          "stddev" : 0.000000
        },
        "clat_ns" : {
          "min" : 0,
          "max" : 0,
          "mean" : 0.000000,
          "stddev" : 0.000000,
          "percentile" : {
            "1.000000" : 0,
            "5.000000" : 0,
            "10.000000" : 0,
            "20.000000" : 0,
            "30.000000" : 0,
            "40.000000" : 0,
            "50.000000" : 0,
            "60.000000" : 0,
            "70.000000" : 0,
            "80.000000" : 0,
            "90.000000" : 0,
            "95.000000" : 0,
            "99.000000" : 0,
            "99.500000" : 0,
            "99.900000" : 0,
            "99.950000" : 0,
            "99.990000" : 0
          },
          "bins" : {

          }
        },
        "lat_ns" : {
          "min" : 0,
          "max" : 0,
          "mean" : 0.000000,
          "stddev" : 0.000000
        },
        "bw_min" : 0,
        "bw_max" : 0,
        "bw_agg" : 0.000000,
        "bw_mean" : 0.000000,
        "bw_dev" : 0.000000,
        "bw_samples" : 0,
        "iops_min" : 0,
        "iops_max" : 0,
        "iops_mean" : 0.000000,
        "iops_stddev" : 0.000000,
        "iops_samples" : 0
      },
      "write" : {
        "io_bytes" : 256071434240,
        "io_kbytes" : 250069760,
        "bw_bytes" : 177340314,
        "bw" : 173183,
        "iops" : 1352.999228,
        "runtime" : 1443955,
        "total_ios" : 1953670,
        "short_ios" : 0,
        "drop_ios" : 0,
        "slat_ns" : {
          "min" : 5723,
          "max" : 323575,
          "mean" : 15394.338356,
          "stddev" : 4921.877445
        },
        "clat_ns" : {
          "min" : 520322,
          "max" : 125057677,
          "mean" : 23629999.430830,
          "stddev" : 15535925.072720,
          "percentile" : {
            "1.000000" : 12779520,
            "5.000000" : 13041664,
            "10.000000" : 13172736,
            "20.000000" : 13434880,
            "30.000000" : 13697024,
            "40.000000" : 13959168,
            "50.000000" : 14352384,
            "60.000000" : 14876672,
            "70.000000" : 32899072,
            "80.000000" : 36438016,
            "90.000000" : 54263808,
            "95.000000" : 56885248,
            "99.000000" : 63176704,
            "99.500000" : 65273856,
            "99.900000" : 78118912,
            "99.950000" : 86507520,
            "99.990000" : 100139008
          },
          "bins" : {
            "522240" : 1,
            "1368064" : 1,
            "1433600" : 1,
            "2056192" : 1,
            "2473984" : 1,
            "2899968" : 1,
            "3325952" : 1,
            "3686400" : 1,
            "4112384" : 1,
            "4423680" : 1,
            "4882432" : 1,
            "5275648" : 1,
            "5668864" : 1,
            "6062080" : 2,
            "6127616" : 2,
            "6324224" : 4,
            "6389760" : 10,
            "6455296" : 12,
            "6520832" : 6,
            "6586368" : 2,
            "6651904" : 4,
            "6717440" : 2,
            "6848512" : 4,
            "6979584" : 2,
            "7045120" : 13,
            "7110656" : 5,
            "7176192" : 3,
            "7241728" : 9,
            "7307264" : 10,
            "7372800" : 5,
            "7438336" : 2,
            "7503872" : 1,
            "7569408" : 2,
            "7634944" : 4,
            "7700480" : 3,
            "7766016" : 2,
            "7831552" : 6,
            "7897088" : 18,
            "7962624" : 17,
            "8028160" : 1,
            "8093696" : 4,
            "8159232" : 4,
            "8224768" : 3,
            "8290304" : 1,
            "8355840" : 2,
            "8454144" : 4,
            "8585216" : 4,
            "8716288" : 2,
            "8847360" : 1,
            "9109504" : 1,
            "9240576" : 1,
            "9371648" : 1,
            "9502720" : 2,
            "9633792" : 1,
            "9895936" : 1,
            "10027008" : 1,
            "10289152" : 1,
            "10420224" : 1,
            "10682368" : 2,
            "10944512" : 3,
            "11075584" : 4,
            "11206656" : 14,
            "11337728" : 44,
            "11468800" : 66,
            "11599872" : 99,
            "11730944" : 109,
            "11862016" : 175,
            "11993088" : 228,
            "12124160" : 296,
            "12255232" : 399,
            "12386304" : 815,
            "12517376" : 2387,
            "12648448" : 7587,
            "12779520" : 20090,
            "12910592" : 41706,
            "13041664" : 65526,
            "13172736" : 87250,
            "13303808" : 101255,
            "13434880" : 107897,
            "13565952" : 106180,
            "13697024" : 98188,
            "13828096" : 87810,
            "13959168" : 79716,
            "14090240" : 71949,
            "14221312" : 66062,
            "14352384" : 59735,
            "14483456" : 53548,
            "14614528" : 46124,
            "14745600" : 40588,
            "14876672" : 35848,
            "15007744" : 31592,
            "15138816" : 27166,
            "15269888" : 22039,
            "15400960" : 18169,
            "15532032" : 14188,
            "15663104" : 10598,
            "15794176" : 7652,
            "15925248" : 5131,
            "16056320" : 3614,
            "16187392" : 2593,
            "16318464" : 2013,
            "16449536" : 1366,
            "16580608" : 1116,
            "16711680" : 975,
            "16908288" : 1297,
            "17170432" : 754,
            "17432576" : 474,
            "17694720" : 254,
            "17956864" : 110,
            "18219008" : 53,
            "18481152" : 31,
            "18743296" : 15,
            "19005440" : 20,
            "19267584" : 12,
            "19529728" : 36,
            "19791872" : 48,
            "20054016" : 61,
            "20316160" : 51,
            "20578304" : 63,
            "20840448" : 41,
            "21102592" : 36,
            "21364736" : 38,
            "21626880" : 41,
            "21889024" : 33,
            "22151168" : 26,
            "22413312" : 39,
            "22675456" : 2,
            "22937600" : 2,
            "23199744" : 1,
            "23986176" : 1,
            "24248320" : 1,
            "24510464" : 2,
            "24772608" : 1,
            "25034752" : 7,
            "25296896" : 11,
            "25559040" : 53,
            "25821184" : 108,
            "26083328" : 227,
            "26345472" : 484,
            "26607616" : 2248,
            "26869760" : 3269,
            "27131904" : 2808,
            "27394048" : 2043,
            "27656192" : 1605,
            "27918336" : 1377,
            "28180480" : 1542,
            "28442624" : 1330,
            "28704768" : 766,
            "28966912" : 519,
            "29229056" : 400,
            "29491200" : 308,
            "29753344" : 282,
            "30015488" : 313,
            "30277632" : 385,
            "30539776" : 393,
            "30801920" : 531,
            "31064064" : 646,
            "31326208" : 729,
            "31588352" : 1112,
            "31850496" : 1405,