{
  "fio version" : "fio-3.8",
  "timestamp" : 1553303617,
  "timestamp_ms" : 1553303617829,
  "time" : "Fri Mar 22 18:13:37 2019",
  "jobs" : [
    {
      "jobname" : "wipc",
      "groupid" : 0,
      "error" : 0,
      "eta" : 0,
      "elapsed" : 1377,
      "job options" : {
        "ioengine" : "libaio",
        "group_reporting" : "1",
        "direct" : "1",
        "rw" : "write",
        "bssplit" : "128KB",
        "numjobs" : "2",
        "iodepth" : "16",
        "size" : "75%",
        "io_size" : "128035676160B",
        "filename" : "/dev/sdb"
      },
      "read" : {
        "io_bytes" : 0,
        "io_kbytes" : 0,
        "bw_bytes" : 0,
        "bw" : 0,
        "iops" : 0.000000,
        "runtime" : 0,
        "total_ios" : 0,
        "short_ios" : 0,
        "drop_ios" : 0,
        "slat_ns" : {
          "min" : 0,
          "max" : 0,
          "mean" : 0.000000,
          "stddev" : 0.000000
        },
        "clat_ns" : {
          "min" : 0,
          "max" : 0,
          "mean" : 0.000000,
          "stddev" : 0.000000,
          "percentile" : {
            "1.000000" : 0,
            "5.000000" : 0,
            "10.000000" : 0,
            "20.000000" : 0,
            "30.000000" : 0,
            "40.000000" : 0,
            "50.000000" : 0,
            "60.000000" : 0,
            "70.000000" : 0,
            "80.000000" : 0,
            "90.000000" : 0,
            "95.000000" : 0,
            "99.000000" : 0,
            "99.500000" : 0,
            "99.900000" : 0,
            "99.950000" : 0,
            "99.990000" : 0
          },
          "bins" : {

          }
        },
        "lat_ns" : {
          "min" : 0,
          "max" : 0,
          "mean" : 0.000000,
          "stddev" : 0.000000
        },
        "bw_min" : 0,
        "bw_max" : 0,
        "bw_agg" : 0.000000,
        "bw_mean" : 0.000000,
        "bw_dev" : 0.000000,
        "bw_samples" : 0,
        "iops_min" : 0,
        "iops_max" : 0,
        "iops_mean" : 0.000000,
        "iops_stddev" : 0.000000,
        "iops_samples" : 0
      },
      "write" : {
        "io_bytes" : 256071434240,
        "io_kbytes" : 250069760,
        "bw_bytes" : 185984888,
        "bw" : 181625,
        "iops" : 1418.952093,
        "runtime" : 1376840,
        "total_ios" : 1953670,
        "short_ios" : 0,
        "drop_ios" : 0,
        "slat_ns" : {
          "min" : 7096,
          "max" : 357470,
          "mean" : 17403.268224,
          "stddev" : 5178.778572
        },
        "clat_ns" : {
          "min" : 498270,
          "max" : 115929720,
          "mean" : 22528694.942740,
          "stddev" : 14718280.570975,
          "percentile" : {
            "1.000000" : 12779520,
            "5.000000" : 13041664,
            "10.000000" : 13303808,
            "20.000000" : 13434880,
            "30.000000" : 13697024,
            "40.000000" : 13959168,
            "50.000000" : 14352384,
            "60.000000" : 14876672,
            "70.000000" : 15925248,
            "80.000000" : 35389440,
            "90.000000" : 53215232,
            "95.000000" : 56360960,
            "99.000000" : 62128128,
            "99.500000" : 63700992,
            "99.900000" : 73924608,
            "99.950000" : 78118912,
            "99.990000" : 92798976
          },
          "bins" : {
            "497664" : 1,
            "1384448" : 1,
            "1400832" : 1,
            "2113536" : 1,
            "2506752" : 1,
            "2867200" : 1,
            "3260416" : 1,
            "3653632" : 1,
            "4112384" : 1,
            "4489216" : 1,
            "4816896" : 1,
            "5210112" : 1,
            "5537792" : 1,
            "5931008" : 1,
            "6127616" : 1,
            "6193152" : 1,
            "6258688" : 3,
            "6324224" : 3,
            "6389760" : 4,
            "6455296" : 17,
            "6520832" : 29,
            "6586368" : 40,
            "6651904" : 47,
            "6717440" : 31,
            "6782976" : 23,
            "6848512" : 38,
            "6914048" : 43,
            "6979584" : 46,
            "7045120" : 47,
            "7110656" : 34,
            "7176192" : 30,
            "7241728" : 27,
            "7307264" : 28,
            "7372800" : 14,
            "7438336" : 16,
            "7503872" : 13,
            "7569408" : 14,
            "7634944" : 21,
            "7700480" : 17,
            "7766016" : 12,
            "7831552" : 19,
            "7897088" : 14,
            "7962624" : 21,
            "8028160" : 6,
            "8093696" : 16,
            "8159232" : 11,
            "8224768" : 20,
            "8290304" : 11,
            "8355840" : 5,
            "8454144" : 7,
            "8585216" : 6,
            "8716288" : 4,
            "8847360" : 3,
            "9109504" : 2,
            "9240576" : 2,
            "9502720" : 1,
            "9895936" : 1,
            "10027008" : 4,
            "10289152" : 3,
            "10420224" : 1,
            "10682368" : 1,
            "10813440" : 1,
            "11075584" : 3,
            "11206656" : 2,
            "11468800" : 2,
            "11599872" : 3,
            "11730944" : 13,
            "11862016" : 37,
            "11993088" : 66,
            "12124160" : 157,
            "12255232" : 245,
            "12386304" : 481,
            "12517376" : 1688,
            "12648448" : 4915,
            "12779520" : 14699,
            "12910592" : 33942,
            "13041664" : 56938,
            "13172736" : 79818,
            "13303808" : 96152,
            "13434880" : 104029,
            "13565952" : 108802,
            "13697024" : 104732,
            "13828096" : 96031,
            "13959168" : 84416,
            "14090240" : 75422,
            "14221312" : 69610,
            "14352384" : 63455,
            "14483456" : 58798,
            "14614528" : 52496,
            "14745600" : 46810,
            "14876672" : 41394,
            "15007744" : 37349,
            "15138816" : 33777,
            "15269888" : 27484,
            "15400960" : 23454,
            "15532032" : 18267,
            "15663104" : 14097,
            "15794176" : 10939,
            "15925248" : 8258,
            "16056320" : 6245,
            "16187392" : 4871,
            "16318464" : 3856,
            "16449536" : 3222,
            "16580608" : 2832,
            "16711680" : 2526,
            "16908288" : 3447,
            "17170432" : 1862,
            "17432576" : 870,
            "17694720" : 393,
            "17956864" : 194,
            "18219008" : 70,
            "18481152" : 45,
            "18743296" : 61,
            "19005440" : 49,
            "19267584" : 56,
            "19529728" : 64,
            "19791872" : 55,
            "20054016" : 54,
            "20316160" : 59,
            "20578304" : 62,
            "20840448" : 58,
            "21102592" : 50,
            "21364736" : 26,
            "21626880" : 39,
            "21889024" : 19,
            "22151168" : 22,
            "22413312" : 13,
            "22675456" : 8,
            "22937600" : 5,
            "23199744" : 6,
            "23461888" : 4,
            "23724032" : 2,
            "24248320" : 3,
            "24510464" : 3,
            "24772608" : 5,
            "25034752" : 11,
            "25296896" : 11,
            "25559040" : 27,
            "25821184" : 46,
            "26083328" : 70,
            "26345472" : 229,
            "26607616" : 1110,
            "26869760" : 3165,
            "27131904" : 4027,
            "27394048" : 3081,
            "27656192" : 1941,
            "27918336" : 1443,
            "28180480" : 1255,
            "28442624" : 1216,
            "28704768" : 917,
            "28966912" : 705,
            "29229056" : 443,
            "29491200" : 327,
            "29753344" : 246,
            "30015488" : 323,
            "30277632" : 373,
            "30539776" : 401,
            "30801920" : 546,
            "31064064" : 669,
            "31326208" : 920,