{
  "fio version" : "fio-3.8",
  "timestamp" : 1541615214,
  "timestamp_ms" : 1541615214714,
  "time" : "Wed Nov  7 10:26:54 2018",
  "jobs" : [
    {
      "jobname" : "wipc",
      "groupid" : 0,
      "error" : 0,
      "eta" : 0,
      "elapsed" : 1403,
      "job options" : {
        "ioengine" : "libaio",
        "group_reporting" : "1",
        "direct" : "1",
        "rw" : "write",
        "bssplit" : "128KB",
        "numjobs" : "2",
        "iodepth" : "16",
        "size" : "75%",
        "io_size" : "128035676160B",
        "filename" : "/dev/sdb"
      },
      "read" : {
        "io_bytes" : 0,
        "io_kbytes" : 0,
        "bw_bytes" : 0,
        "bw" : 0,
        "iops" : 0.000000,
        "runtime" : 0,
        "total_ios" : 0,
        "short_ios" : 0,
        "drop_ios" : 0,
        "slat_ns" : {
          "min" : 0,
          "max" : 0,
          "mean" : 0.000000,
          "stddev" : 0.000000
        },
        "clat_ns" : {
          "min" : 0,
          "max" : 0,
          "mean" : 0.000000,
          "stddev" : 0.000000,
          "percentile" : {
            "1.000000" : 0,
            "5.000000" : 0,
            "10.000000" : 0,
            "20.000000" : 0,
            "30.000000" : 0,
            "40.000000" : 0,
            "50.000000" : 0,
            "60.000000" : 0,
            "70.000000" : 0,
            "80.000000" : 0,
            "90.000000" : 0,
            "95.000000" : 0,
            "99.000000" : 0,
            "99.500000" : 0,
            "99.900000" : 0,
            "99.950000" : 0,
            "99.990000" : 0
          },
          "bins" : {

          }
        },
        "lat_ns" : {
          "min" : 0,
          "max" : 0,
          "mean" : 0.000000,
          "stddev" : 0.000000
        },
        "bw_min" : 0,
        "bw_max" : 0,
        "bw_agg" : 0.000000,
        "bw_mean" : 0.000000,
        "bw_dev" : 0.000000,
        "bw_samples" : 0,
        "iops_min" : 0,
        "iops_max" : 0,
        "iops_mean" : 0.000000,
        "iops_stddev" : 0.000000,
        "iops_samples" : 0
      },
      "write" : {
        "io_bytes" : 256071434240,
        "io_kbytes" : 250069760,
        "bw_bytes" : 182585382,
        "bw" : 178306,
        "iops" : 1393.015918,
        "runtime" : 1402475,
        "total_ios" : 1953670,
        "short_ios" : 0,
        "drop_ios" : 0,
        "slat_ns" : {
          "min" : 5495,
          "max" : 509417,
          "mean" : 14103.483556,
          "stddev" : 4103.106689
        },
        "clat_ns" : {
          "min" : 857757,
          "max" : 129289291,
          "mean" : 22953301.472891,
          "stddev" : 15669204.236951,
          "percentile" : {
            "1.000000" : 12648448,
            "5.000000" : 12910592,
            "10.000000" : 13041664,
            "20.000000" : 13172736,
            "30.000000" : 13303808,
            "40.000000" : 13434880,
            "50.000000" : 13697024,
            "60.000000" : 14090240,
            "70.000000" : 26083328,
            "80.000000" : 36438016,
            "90.000000" : 54263808,
            "95.000000" : 56885248,
            "99.000000" : 62652416,
            "99.500000" : 64749568,
            "99.900000" : 77070336,
            "99.950000" : 85458944,
            "99.990000" : 98041856
          },
          "bins" : {
            "856064" : 1,
            "1368064" : 1,
            "1400832" : 1,
            "1712128" : 1,
            "2473984" : 1,
            "2834432" : 1,
            "3325952" : 1,
            "3686400" : 1,
            "4079616" : 1,
            "4489216" : 1,
            "4816896" : 1,
            "5406720" : 1,
            "5799936" : 1,
            "5996544" : 1,
            "6127616" : 2,
            "6193152" : 8,
            "6258688" : 5,
            "6324224" : 9,
            "6389760" : 7,
            "6455296" : 9,
            "6520832" : 30,
            "6586368" : 23,
            "6651904" : 25,
            "6717440" : 18,
            "6782976" : 13,
            "6848512" : 4,
            "6914048" : 6,
            "6979584" : 16,
            "7045120" : 13,
            "7110656" : 7,
            "7176192" : 13,
            "7241728" : 11,
            "7307264" : 13,
            "7372800" : 12,
            "7438336" : 6,
            "7503872" : 5,
            "7569408" : 4,
            "7634944" : 8,
            "7700480" : 11,
            "7766016" : 10,
            "7831552" : 9,
            "7897088" : 8,
            "7962624" : 8,
            "8028160" : 8,
            "8093696" : 9,
            "8159232" : 3,
            "8224768" : 3,
            "8290304" : 3,
            "8355840" : 2,
            "8454144" : 6,
            "8585216" : 7,
            "8716288" : 2,
            "8847360" : 2,
            "8978432" : 3,
            "9240576" : 3,
            "9502720" : 1,
            "9633792" : 2,
            "9764864" : 3,
            "10027008" : 3,
            "10158080" : 3,
            "10420224" : 5,
            "10551296" : 1,
            "10813440" : 2,
            "10944512" : 3,
            "11075584" : 3,
            "11206656" : 6,
            "11337728" : 15,
            "11468800" : 36,
            "11599872" : 147,
            "11730944" : 197,
            "11862016" : 163,
            "11993088" : 231,
            "12124160" : 265,
            "12255232" : 316,
            "12386304" : 955,
            "12517376" : 3526,
            "12648448" : 14552,
            "12779520" : 48261,
            "12910592" : 105918,
            "13041664" : 159269,
            "13172736" : 180126,
            "13303808" : 172771,
            "13434880" : 146466,
            "13565952" : 108717,
            "13697024" : 83016,
            "13828096" : 70472,
            "13959168" : 56948,
            "14090240" : 42517,
            "14221312" : 30302,
            "14352384" : 24233,
            "14483456" : 19340,
            "14614528" : 15694,
            "14745600" : 13461,
            "14876672" : 11490,
            "15007744" : 10468,
            "15138816" : 9529,
            "15269888" : 8178,
            "15400960" : 6838,
            "15532032" : 5588,
            "15663104" : 3964,
            "15794176" : 3028,
            "15925248" : 2204,
            "16056320" : 1712,
            "16187392" : 1227,
            "16318464" : 911,
            "16449536" : 721,
            "16580608" : 554,
            "16711680" : 477,
            "16908288" : 591,
            "17170432" : 294,
            "17432576" : 120,
            "17694720" : 84,
            "17956864" : 52,
            "18219008" : 23,
            "18481152" : 17,
            "18743296" : 26,
            "19005440" : 58,
            "19267584" : 61,
            "19529728" : 94,
            "19791872" : 111,
            "20054016" : 65,
            "20316160" : 79,
            "20578304" : 92,
            "20840448" : 53,
            "21102592" : 59,
            "21364736" : 38,
            "21626880" : 26,
            "21889024" : 23,
            "22151168" : 6,
            "22413312" : 15,
            "22675456" : 14,
            "22937600" : 5,
            "23199744" : 1,
            "23461888" : 4,
            "23724032" : 6,
            "23986176" : 6,
            "24248320" : 2,
            "24510464" : 18,
            "24772608" : 3,
            "25034752" : 9,
            "25296896" : 12,
            "25559040" : 22,
            "25821184" : 44,
            "26083328" : 262,
            "26345472" : 863,
            "26607616" : 4550,
            "26869760" : 6083,
            "27131904" : 2740,
            "27394048" : 1358,
            "27656192" : 984,
            "27918336" : 837,
            "28180480" : 559,
            "28442624" : 359,
            "28704768" : 278,
            "28966912" : 196,
            "29229056" : 181,
            "29491200" : 228,
            "29753344" : 242,
            "30015488" : 247,
            "30277632" : 327,
            "30539776" : 437,