{
  "fio version" : "fio-3.8",
  "timestamp" : 1543455477,
  "timestamp_ms" : 1543455477472,
  "time" : "Wed Nov 28 17:37:57 2018",
  "jobs" : [
    {
      "jobname" : "wipc",
      "groupid" : 0,
      "error" : 0,
      "eta" : 0,
      "elapsed" : 1409,
      "job options" : {
        "ioengine" : "libaio",
        "group_reporting" : "1",
        "direct" : "1",
        "rw" : "write",
        "bssplit" : "128KB",
        "numjobs" : "2",
        "iodepth" : "16",
        "size" : "75%",
        "io_size" : "128035676160B",
        "filename" : "/dev/sda"
      },
      "read" : {
        "io_bytes" : 0,
        "io_kbytes" : 0,
        "bw_bytes" : 0,
        "bw" : 0,
        "iops" : 0.000000,
        "runtime" : 0,
        "total_ios" : 0,
        "short_ios" : 0,
        "drop_ios" : 0,
        "slat_ns" : {
          "min" : 0,
          "max" : 0,
          "mean" : 0.000000,
          "stddev" : 0.000000
        },
        "clat_ns" : {
          "min" : 0,
          "max" : 0,
          "mean" : 0.000000,
          "stddev" : 0.000000,
          "percentile" : {
            "1.000000" : 0,
            "5.000000" : 0,
            "10.000000" : 0,
            "20.000000" : 0,
            "30.000000" : 0,
            "40.000000" : 0,
            "50.000000" : 0,
            "60.000000" : 0,
            "70.000000" : 0,
            "80.000000" : 0,
            "90.000000" : 0,
            "95.000000" : 0,
            "99.000000" : 0,
            "99.500000" : 0,
            "99.900000" : 0,
            "99.950000" : 0,
            "99.990000" : 0
          },
          "bins" : {

          }
        },
        "lat_ns" : {
          "min" : 0,
          "max" : 0,
          "mean" : 0.000000,
          "stddev" : 0.000000
        },
        "bw_min" : 0,
        "bw_max" : 0,
        "bw_agg" : 0.000000,
        "bw_mean" : 0.000000,
        "bw_dev" : 0.000000,
        "bw_samples" : 0,
        "iops_min" : 0,
        "iops_max" : 0,
        "iops_mean" : 0.000000,
        "iops_stddev" : 0.000000,
        "iops_samples" : 0
      },
      "write" : {
        "io_bytes" : 256071434240,
        "io_kbytes" : 250069760,
        "bw_bytes" : 181848380,
        "bw" : 177586,
        "iops" : 1387.393043,
        "runtime" : 1408159,
        "total_ios" : 1953670,
        "short_ios" : 0,
        "drop_ios" : 0,
        "slat_ns" : {
          "min" : 5276,
          "max" : 322855,
          "mean" : 12849.733717,
          "stddev" : 4061.472348
        },
        "clat_ns" : {
          "min" : 872239,
          "max" : 126270995,
          "mean" : 23042031.505581,
          "stddev" : 15597998.764583,
          "percentile" : {
            "1.000000" : 12648448,
            "5.000000" : 12910592,
            "10.000000" : 13041664,
            "20.000000" : 13303808,
            "30.000000" : 13565952,
            "40.000000" : 13828096,
            "50.000000" : 14090240,
            "60.000000" : 14614528,
            "70.000000" : 15925248,
            "80.000000" : 36438016,
            "90.000000" : 54263808,
            "95.000000" : 57409536,
            "99.000000" : 63176704,
            "99.500000" : 65273856,
            "99.900000" : 77070336,
            "99.950000" : 83361792,
            "99.990000" : 95944704
          },
          "bins" : {
            "872448" : 1,
            "1335296" : 1,
            "1351680" : 1,
            "2113536" : 1,
            "2506752" : 1,
            "2801664" : 1,
            "3194880" : 1,
            "3620864" : 1,
            "3915776" : 1,
            "4292608" : 1,
            "4620288" : 1,
            "5013504" : 1,
            "5341184" : 1,
            "5603328" : 1,
            "5734400" : 1,
            "5996544" : 3,
            "6062080" : 4,
            "6127616" : 6,
            "6193152" : 14,
            "6258688" : 25,
            "6324224" : 31,
            "6389760" : 97,
            "6455296" : 63,
            "6520832" : 43,
            "6586368" : 45,
            "6651904" : 70,
            "6717440" : 93,
            "6782976" : 121,
            "6848512" : 77,
            "6914048" : 68,
            "6979584" : 67,
            "7045120" : 31,
            "7110656" : 47,
            "7176192" : 22,
            "7241728" : 33,
            "7307264" : 12,
            "7372800" : 6,
            "7438336" : 9,
            "7503872" : 13,
            "7569408" : 53,
            "7634944" : 41,
            "7700480" : 43,
            "7766016" : 42,
            "7831552" : 35,
            "7897088" : 22,
            "7962624" : 9,
            "8028160" : 15,
            "8093696" : 7,
            "8159232" : 10,
            "8224768" : 13,
            "8290304" : 12,
            "8355840" : 11,
            "8454144" : 11,
            "8585216" : 7,
            "8716288" : 5,
            "8847360" : 1,
            "8978432" : 3,
            "9240576" : 8,
            "9371648" : 1,
            "9633792" : 2,
            "9895936" : 3,
            "10027008" : 2,
            "10289152" : 2,
            "10420224" : 2,
            "10682368" : 3,
            "10944512" : 3,
            "11075584" : 15,
            "11206656" : 55,
            "11337728" : 151,
            "11468800" : 135,
            "11599872" : 173,
            "11730944" : 199,
            "11862016" : 219,
            "11993088" : 407,
            "12124160" : 586,
            "12255232" : 695,
            "12386304" : 1351,
            "12517376" : 3713,
            "12648448" : 12551,
            "12779520" : 35381,
            "12910592" : 67203,
            "13041664" : 91825,
            "13172736" : 106322,
            "13303808" : 113683,
            "13434880" : 119117,
            "13565952" : 115033,
            "13697024" : 101935,
            "13828096" : 85316,
            "13959168" : 75091,
            "14090240" : 66776,
            "14221312" : 59259,
            "14352384" : 49837,
            "14483456" : 41931,
            "14614528" : 38475,
            "14745600" : 38341,
            "14876672" : 35654,
            "15007744" : 29379,
            "15138816" : 23875,
            "15269888" : 17825,
            "15400960" : 12775,
            "15532032" : 8895,
            "15663104" : 6106,
            "15794176" : 4267,
            "15925248" : 3127,
            "16056320" : 2655,
            "16187392" : 1986,
            "16318464" : 1627,
            "16449536" : 1291,
            "16580608" : 905,
            "16711680" : 712,
            "16908288" : 895,
            "17170432" : 623,
            "17432576" : 316,
            "17694720" : 152,
            "17956864" : 89,
            "18219008" : 40,
            "18481152" : 30,
            "18743296" : 44,
            "19005440" : 71,
            "19267584" : 84,
            "19529728" : 57,
            "19791872" : 48,
            "20054016" : 43,
            "20316160" : 57,
            "20578304" : 66,
            "20840448" : 50,
            "21102592" : 28,
            "21364736" : 28,
            "21626880" : 15,
            "21889024" : 14,
            "22151168" : 8,
            "22413312" : 4,
            "22675456" : 2,
            "22937600" : 4,
            "23199744" : 7,
            "23461888" : 8,
            "23724032" : 14,
            "23986176" : 6,
            "24248320" : 1,
            "24510464" : 4,
            "24772608" : 6,
            "25034752" : 22,
            "25296896" : 20,
            "25559040" : 53,
            "25821184" : 130,
            "26083328" : 487,
            "26345472" : 1953,
            "26607616" : 3803,
            "26869760" : 3044,
            "27131904" : 1928,
            "27394048" : 1422,
            "27656192" : 1471,
            "27918336" : 1487,
            "28180480" : 1350,
            "28442624" : 915,
            "28704768" : 729,
            "28966912" : 506,
            "29229056" : 404,
            "29491200" : 287,
            "29753344" : 273,