{
  "fio version" : "fio-3.8",
  "timestamp" : 1542985099,
  "timestamp_ms" : 1542985099146,
  "time" : "Fri Nov 23 06:58:19 2018",
  "jobs" : [
    {
      "jobname" : "wipc",
      "groupid" : 0,
      "error" : 0,
      "eta" : 0,
      "elapsed" : 1368,
      "job options" : {
        "ioengine" : "libaio",
        "group_reporting" : "1",
        "direct" : "1",
        "rw" : "write",
        "bssplit" : "128KB",
        "numjobs" : "2",
        "iodepth" : "16",
        "size" : "75%",
        "io_size" : "128035676160B",
        "filename" : "/dev/sda"
      },
      "read" : {
        "io_bytes" : 0,
        "io_kbytes" : 0,
        "bw_bytes" : 0,
        "bw" : 0,
        "iops" : 0.000000,
        "runtime" : 0,
        "total_ios" : 0,
        "short_ios" : 0,
        "drop_ios" : 0,
        "slat_ns" : {
          "min" : 0,
          "max" : 0,
          "mean" : 0.000000,
          "stddev" : 0.000000
        },
        "clat_ns" : {
          "min" : 0,
          "max" : 0,
          "mean" : 0.000000,
          "stddev" : 0.000000,
          "percentile" : {
            "1.000000" : 0,
            "5.000000" : 0,
            "10.000000" : 0,
            "20.000000" : 0,
            "30.000000" : 0,
            "40.000000" : 0,
            "50.000000" : 0,
            "60.000000" : 0,
            "70.000000" : 0,
            "80.000000" : 0,
            "90.000000" : 0,
            "95.000000" : 0,
            "99.000000" : 0,
            "99.500000" : 0,
            "99.900000" : 0,
            "99.950000" : 0,
            "99.990000" : 0
          },
          "bins" : {

          }
        },
        "lat_ns" : {
          "min" : 0,
          "max" : 0,
          "mean" : 0.000000,
          "stddev" : 0.000000
        },
        "bw_min" : 0,
        "bw_max" : 0,
        "bw_agg" : 0.000000,
        "bw_mean" : 0.000000,
        "bw_dev" : 0.000000,
        "bw_samples" : 0,
        "iops_min" : 0,
        "iops_max" : 0,
        "iops_mean" : 0.000000,
        "iops_stddev" : 0.000000,
        "iops_samples" : 0
      },
      "write" : {
        "io_bytes" : 256071434240,
        "io_kbytes" : 250069760,
        "bw_bytes" : 187291045,
        "bw" : 182901,
        "iops" : 1428.917277,
        "runtime" : 1367238,
        "total_ios" : 1953670,
        "short_ios" : 0,
        "drop_ios" : 0,
        "slat_ns" : {
          "min" : 5503,
          "max" : 397143,
          "mean" : 13272.753906,
          "stddev" : 3854.973542
        },
        "clat_ns" : {
          "min" : 495435,
          "max" : 117408561,
          "mean" : 22349713.810802,
          "stddev" : 14608560.663838,
          "percentile" : {
            "1.000000" : 12779520,
            "5.000000" : 13041664,
            "10.000000" : 13172736,
            "20.000000" : 13434880,
            "30.000000" : 13697024,
            "40.000000" : 13959168,
            "50.000000" : 14221312,
            "60.000000" : 14745600,
            "70.000000" : 15794176,
            "80.000000" : 35913728,
            "90.000000" : 44826624,
            "95.000000" : 56885248,
            "99.000000" : 62652416,
            "99.500000" : 64225280,
            "99.900000" : 72876032,
            "99.950000" : 77070336,
            "99.990000" : 91750400
          },
          "bins" : {
            "493568" : 1,
            "1253376" : 1,
            "1286144" : 1,
            "1990656" : 1,
            "2441216" : 1,
            "2736128" : 1,
            "3129344" : 1,
            "3588096" : 1,
            "3883008" : 1,
            "4292608" : 1,
            "4620288" : 1,
            "5013504" : 1,
            "5341184" : 1,
            "5799936" : 1,
            "6062080" : 1,
            "6455296" : 3,
            "6520832" : 3,
            "6717440" : 5,
            "6782976" : 6,
            "6848512" : 54,
            "6914048" : 75,
            "6979584" : 90,
            "7045120" : 90,
            "7110656" : 95,
            "7176192" : 93,
            "7241728" : 79,
            "7307264" : 75,
            "7372800" : 47,
            "7438336" : 30,
            "7503872" : 18,
            "7569408" : 27,
            "7634944" : 42,
            "7700480" : 21,
            "7766016" : 23,
            "7831552" : 28,
            "7897088" : 24,
            "7962624" : 23,
            "8028160" : 16,
            "8093696" : 25,
            "8159232" : 27,
            "8224768" : 20,
            "8290304" : 15,
            "8355840" : 13,
            "8454144" : 26,
            "8585216" : 35,
            "8716288" : 33,
            "8847360" : 20,
            "8978432" : 6,
            "9109504" : 4,
            "9240576" : 3,
            "9371648" : 1,
            "9633792" : 2,
            "9764864" : 1,
            "10027008" : 2,
            "10289152" : 1,
            "10420224" : 1,
            "10813440" : 2,
            "11206656" : 2,
            "11337728" : 4,
            "11468800" : 15,
            "11599872" : 52,
            "11730944" : 82,
            "11862016" : 151,
            "11993088" : 318,
            "12124160" : 323,
            "12255232" : 605,
            "12386304" : 1054,
            "12517376" : 2160,
            "12648448" : 5472,
            "12779520" : 15001,
            "12910592" : 34980,
            "13041664" : 63746,
            "13172736" : 91800,
            "13303808" : 105576,
            "13434880" : 115436,
            "13565952" : 113980,
            "13697024" : 110028,
            "13828096" : 98529,
            "13959168" : 84548,
            "14090240" : 74562,
            "14221312" : 67419,
            "14352384" : 58759,
            "14483456" : 49758,
            "14614528" : 44701,
            "14745600" : 41099,
            "14876672" : 41061,
            "15007744" : 38663,
            "15138816" : 31950,
            "15269888" : 26928,
            "15400960" : 20202,
            "15532032" : 15225,
            "15663104" : 11612,
            "15794176" : 8286,
            "15925248" : 6424,
            "16056320" : 5090,
            "16187392" : 3909,
            "16318464" : 3253,
            "16449536" : 2494,
            "16580608" : 2073,
            "16711680" : 1500,
            "16908288" : 2295,
            "17170432" : 1281,
            "17432576" : 734,
            "17694720" : 298,
            "17956864" : 139,
            "18219008" : 97,
            "18481152" : 42,
            "18743296" : 32,
            "19005440" : 39,
            "19267584" : 54,
            "19529728" : 32,
            "19791872" : 27,
            "20054016" : 31,
            "20316160" : 31,
            "20578304" : 45,
            "20840448" : 43,
            "21102592" : 46,
            "21364736" : 51,
            "21626880" : 69,
            "21889024" : 66,
            "22151168" : 52,
            "22413312" : 43,
            "22675456" : 31,
            "22937600" : 28,
            "23199744" : 32,
            "23461888" : 28,
            "23724032" : 28,
            "23986176" : 25,
            "24248320" : 13,
            "24510464" : 11,
            "24772608" : 5,
            "25034752" : 6,
            "25296896" : 15,
            "25559040" : 39,
            "25821184" : 80,
            "26083328" : 233,
            "26345472" : 1473,
            "26607616" : 3930,
            "26869760" : 3881,
            "27131904" : 2575,
            "27394048" : 1793,
            "27656192" : 1206,
            "27918336" : 1358,
            "28180480" : 1237,
            "28442624" : 1263,
            "28704768" : 944,
            "28966912" : 617,
            "29229056" : 427,
            "29491200" : 301,
            "29753344" : 238,
            "30015488" : 224,
            "30277632" : 265,
            "30539776" : 285,
            "30801920" : 369,
            "31064064" : 392,
            "31326208" : 513,
            "31588352" : 704,
            "31850496" : 947,
            "32112640" : 1130,