{
  "fio version" : "fio-3.8",
  "timestamp" : 1543347742,
  "timestamp_ms" : 1543347742150,
  "time" : "Tue Nov 27 19:42:22 2018",
  "jobs" : [
    {
      "jobname" : "wipc",
      "groupid" : 0,
      "error" : 0,
      "eta" : 0,
      "elapsed" : 1440,
      "job options" : {
        "ioengine" : "libaio",
        "group_reporting" : "1",
        "direct" : "1",
        "rw" : "write",
        "bssplit" : "128KB",
        "numjobs" : "2",
        "iodepth" : "16",
        "size" : "75%",
        "io_size" : "128035676160B",
        "filename" : "/dev/sda"
      },
      "read" : {
        "io_bytes" : 0,
        "io_kbytes" : 0,
        "bw_bytes" : 0,
        "bw" : 0,
        "iops" : 0.000000,
        "runtime" : 0,
        "total_ios" : 0,
        "short_ios" : 0,
        "drop_ios" : 0,
        "slat_ns" : {
          "min" : 0,
          "max" : 0,
          "mean" : 0.000000,
          "stddev" : 0.000000
        },
        "clat_ns" : {
          "min" : 0,
          "max" : 0,
          "mean" : 0.000000,
          "stddev" : 0.000000,
          "percentile" : {
            "1.000000" : 0,
            "5.000000" : 0,
            "10.000000" : 0,
            "20.000000" : 0,
            "30.000000" : 0,
            "40.000000" : 0,
            "50.000000" : 0,
            "60.000000" : 0,
            "70.000000" : 0,
            "80.000000" : 0,
            "90.000000" : 0,
            "95.000000" : 0,
            "99.000000" : 0,
            "99.500000" : 0,
            "99.900000" : 0,
            "99.950000" : 0,
            "99.990000" : 0
          },
          "bins" : {

          }
        },
        "lat_ns" : {
          "min" : 0,
          "max" : 0,
          "mean" : 0.000000,
          "stddev" : 0.000000
        },
        "bw_min" : 0,
        "bw_max" : 0,
        "bw_agg" : 0.000000,
        "bw_mean" : 0.000000,
        "bw_dev" : 0.000000,
        "bw_samples" : 0,
        "iops_min" : 0,
        "iops_max" : 0,
        "iops_mean" : 0.000000,
        "iops_stddev" : 0.000000,
        "iops_samples" : 0
      },
      "write" : {
        "io_bytes" : 256071434240,
        "io_kbytes" : 250069760,
        "bw_bytes" : 177906825,
        "bw" : 173737,
        "iops" : 1357.321359,
        "runtime" : 1439357,
        "total_ios" : 1953670,
        "short_ios" : 0,
        "drop_ios" : 0,
        "slat_ns" : {
          "min" : 20708,
          "max" : 14626500,
          "mean" : 60539.369154,
          "stddev" : 65257.328797
        },
        "clat_ns" : {
          "min" : 2184000,
          "max" : 121333125,
          "mean" : 23504912.391737,
          "stddev" : 15804918.754878,
          "percentile" : {
            "1.000000" : 12124160,
            "5.000000" : 12517376,
            "10.000000" : 12779520,
            "20.000000" : 13041664,
            "30.000000" : 13303808,
            "40.000000" : 13697024,
            "50.000000" : 14090240,
            "60.000000" : 14745600,
            "70.000000" : 32899072,
            "80.000000" : 36438016,
            "90.000000" : 54263808,
            "95.000000" : 56885248,
            "99.000000" : 63176704,
            "99.500000" : 65273856,
            "99.900000" : 78118912,
            "99.950000" : 85458944,
            "99.990000" : 99090432
          },
          "bins" : {
            "2179072" : 4,
            "2211840" : 3,
            "2539520" : 1,
            "2801664" : 1,
            "2998272" : 1,
            "3227648" : 1,
            "3293184" : 1,
            "3325952" : 1,
            "3522560" : 1,
            "3588096" : 1,
            "3686400" : 1,
            "3751936" : 1,
            "3850240" : 1,
            "3948544" : 1,
            "4177920" : 1,
            "4358144" : 1,
            "4554752" : 1,
            "4620288" : 1,
            "4685824" : 1,
            "4816896" : 1,
            "4882432" : 1,
            "4947968" : 1,
            "5013504" : 1,
            "5079040" : 1,
            "5144576" : 1,
            "5210112" : 3,
            "5275648" : 1,
            "5341184" : 1,
            "5472256" : 2,
            "5603328" : 1,
            "5668864" : 3,
            "5734400" : 1,
            "5799936" : 1,
            "5865472" : 15,
            "5931008" : 11,
            "5996544" : 5,
            "6062080" : 9,
            "6127616" : 3,
            "6193152" : 9,
            "6258688" : 13,
            "6324224" : 14,
            "6389760" : 20,
            "6455296" : 30,
            "6520832" : 28,
            "6586368" : 30,
            "6651904" : 7,
            "6717440" : 9,
            "6782976" : 15,
            "6848512" : 13,
            "6914048" : 9,
            "6979584" : 21,
            "7045120" : 11,
            "7110656" : 16,
            "7176192" : 24,
            "7241728" : 19,
            "7307264" : 17,
            "7372800" : 5,
            "7438336" : 22,
            "7503872" : 19,
            "7569408" : 19,
            "7634944" : 32,
            "7700480" : 27,
            "7766016" : 31,
            "7831552" : 22,
            "7897088" : 19,
            "7962624" : 30,
            "8028160" : 28,
            "8093696" : 32,
            "8159232" : 31,
            "8224768" : 34,
            "8290304" : 26,
            "8355840" : 36,
            "8454144" : 79,
            "8585216" : 84,
            "8716288" : 85,
            "8847360" : 96,
            "8978432" : 89,
            "9109504" : 91,
            "9240576" : 99,
            "9371648" : 104,
            "9502720" : 127,
            "9633792" : 127,
            "9764864" : 143,
            "9895936" : 164,
            "10027008" : 147,
            "10158080" : 197,
            "10289152" : 223,
            "10420224" : 285,
            "10551296" : 381,
            "10682368" : 440,
            "10813440" : 552,
            "10944512" : 658,
            "11075584" : 625,
            "11206656" : 777,
            "11337728" : 785,
            "11468800" : 1077,
            "11599872" : 1371,
            "11730944" : 1604,
            "11862016" : 2066,
            "11993088" : 3480,
            "12124160" : 6672,
            "12255232" : 14490,
            "12386304" : 28735,
            "12517376" : 48667,
            "12648448" : 66513,
            "12779520" : 81957,
            "12910592" : 89235,
            "13041664" : 94301,
            "13172736" : 91554,
            "13303808" : 87117,
            "13434880" : 81088,
            "13565952" : 72405,
            "13697024" : 65120,
            "13828096" : 59655,
            "13959168" : 53961,
            "14090240" : 49160,
            "14221312" : 46044,
            "14352384" : 42997,
            "14483456" : 39343,
            "14614528" : 34447,
            "14745600" : 29469,
            "14876672" : 25074,
            "15007744" : 20671,
            "15138816" : 16632,
            "15269888" : 13590,
            "15400960" : 10324,
            "15532032" : 8075,
            "15663104" : 6542,
            "15794176" : 5474,
            "15925248" : 4233,
            "16056320" : 3345,
            "16187392" : 2564,
            "16318464" : 2147,
            "16449536" : 1571,
            "16580608" : 1209,
            "16711680" : 858,
            "16908288" : 1228,
            "17170432" : 931,
            "17432576" : 662,
            "17694720" : 504,
            "17956864" : 378,
            "18219008" : 348,
            "18481152" : 307,
            "18743296" : 282,
            "19005440" : 283,
            "19267584" : 258,
            "19529728" : 238,
            "19791872" : 182,
            "20054016" : 165,
            "20316160" : 119,
            "20578304" : 118,
            "20840448" : 96,
            "21102592" : 98,
            "21364736" : 88,
            "21626880" : 71,
            "21889024" : 69,
            "22151168" : 53,
            "22413312" : 40,
            "22675456" : 29,
            "22937600" : 36,