{
  "fio version" : "fio-3.8",
  "timestamp" : 1553286379,
  "timestamp_ms" : 1553286379297,
  "time" : "Fri Mar 22 13:26:19 2019",
  "jobs" : [
    {
      "jobname" : "wipc",
      "groupid" : 0,
      "error" : 0,
      "eta" : 0,
      "elapsed" : 1465,
      "job options" : {
        "ioengine" : "libaio",
        "group_reporting" : "1",
        "direct" : "1",
        "rw" : "write",
        "bssplit" : "128KB",
        "numjobs" : "2",
        "iodepth" : "16",
        "size" : "75%",
        "io_size" : "128035676160B",
        "filename" : "/dev/sdh"
      },
      "read" : {
        "io_bytes" : 0,
        "io_kbytes" : 0,
        "bw_bytes" : 0,
        "bw" : 0,
        "iops" : 0.000000,
        "runtime" : 0,
        "total_ios" : 0,
        "short_ios" : 0,
        "drop_ios" : 0,
        "slat_ns" : {
          "min" : 0,
          "max" : 0,
          "mean" : 0.000000,
          "stddev" : 0.000000
        },
        "clat_ns" : {
          "min" : 0,
          "max" : 0,
          "mean" : 0.000000,
          "stddev" : 0.000000,
          "percentile" : {
            "1.000000" : 0,
            "5.000000" : 0,
            "10.000000" : 0,
            "20.000000" : 0,
            "30.000000" : 0,
            "40.000000" : 0,
            "50.000000" : 0,
            "60.000000" : 0,
            "70.000000" : 0,
            "80.000000" : 0,
            "90.000000" : 0,
            "95.000000" : 0,
            "99.000000" : 0,
            "99.500000" : 0,
            "99.900000" : 0,
            "99.950000" : 0,
            "99.990000" : 0
          },
          "bins" : {

          }
        },
        "lat_ns" : {
          "min" : 0,
          "max" : 0,
          "mean" : 0.000000,
          "stddev" : 0.000000
        },
        "bw_min" : 0,
        "bw_max" : 0,
        "bw_agg" : 0.000000,
        "bw_mean" : 0.000000,
        "bw_dev" : 0.000000,
        "bw_samples" : 0,
        "iops_min" : 0,
        "iops_max" : 0,
        "iops_mean" : 0.000000,
        "iops_stddev" : 0.000000,
        "iops_samples" : 0
      },
      "write" : {
        "io_bytes" : 256071434240,
        "io_kbytes" : 250069760,
        "bw_bytes" : 174899040,
        "bw" : 170799,
        "iops" : 1334.373783,
        "runtime" : 1464110,
        "total_ios" : 1953670,
        "short_ios" : 0,
        "drop_ios" : 0,
        "slat_ns" : {
          "min" : 6546,
          "max" : 318452,
          "mean" : 16464.075880,
          "stddev" : 4827.267020
        },
        "clat_ns" : {
          "min" : 830057,
          "max" : 123539125,
          "mean" : 23958051.042787,
          "stddev" : 15071320.514505,
          "percentile" : {
            "1.000000" : 12910592,
            "5.000000" : 13172736,
            "10.000000" : 13303808,
            "20.000000" : 13565952,
            "30.000000" : 13828096,
            "40.000000" : 14221312,
            "50.000000" : 14614528,
            "60.000000" : 15400960,
            "70.000000" : 33816576,
            "80.000000" : 36438016,
            "90.000000" : 53215232,
            "95.000000" : 56885248,
            "99.000000" : 63176704,
            "99.500000" : 65273856,
            "99.900000" : 74973184,
            "99.950000" : 81264640,
            "99.990000" : 95944704
          },
          "bins" : {
            "831488" : 1,
            "1351680" : 1,
            "1368064" : 1,
            "2113536" : 1,
            "2473984" : 1,
            "2834432" : 2,
            "3325952" : 1,
            "3620864" : 1,
            "3915776" : 1,
            "4358144" : 1,
            "4685824" : 1,
            "5079040" : 1,
            "5603328" : 1,
            "5996544" : 1,
            "6389760" : 2,
            "6586368" : 1,
            "6717440" : 1,
            "7110656" : 1,
            "7438336" : 1,
            "7897088" : 1,
            "8224768" : 1,
            "8585216" : 1,
            "8847360" : 1,
            "8978432" : 1,
            "9371648" : 1,
            "9633792" : 1,
            "9764864" : 1,
            "9895936" : 1,
            "10289152" : 1,
            "10682368" : 1,
            "11075584" : 1,
            "11206656" : 3,
            "11337728" : 9,
            "11468800" : 23,
            "11599872" : 48,
            "11730944" : 107,
            "11862016" : 122,
            "11993088" : 115,
            "12124160" : 180,
            "12255232" : 200,
            "12386304" : 352,
            "12517376" : 1214,
            "12648448" : 3819,
            "12779520" : 10412,
            "12910592" : 21808,
            "13041664" : 41073,
            "13172736" : 59639,
            "13303808" : 76439,
            "13434880" : 89388,
            "13565952" : 97793,
            "13697024" : 100189,
            "13828096" : 98401,
            "13959168" : 85540,
            "14090240" : 75104,
            "14221312" : 66963,
            "14352384" : 59517,
            "14483456" : 52434,
            "14614528" : 47424,
            "14745600" : 42863,
            "14876672" : 40038,
            "15007744" : 37416,
            "15138816" : 33225,
            "15269888" : 28855,
            "15400960" : 24947,
            "15532032" : 20255,
            "15663104" : 16442,
            "15794176" : 12046,
            "15925248" : 9967,
            "16056320" : 7580,
            "16187392" : 5942,
            "16318464" : 4815,
            "16449536" : 3790,
            "16580608" : 3040,
            "16711680" : 2240,
            "16908288" : 3062,
            "17170432" : 1782,
            "17432576" : 976,
            "17694720" : 442,
            "17956864" : 239,
            "18219008" : 146,
            "18481152" : 87,
            "18743296" : 70,
            "19005440" : 42,
            "19267584" : 31,
            "19529728" : 41,
            "19791872" : 71,
            "20054016" : 48,
            "20316160" : 67,
            "20578304" : 47,
            "20840448" : 47,
            "21102592" : 58,
            "21364736" : 41,
            "21626880" : 38,
            "21889024" : 35,
            "22151168" : 15,
            "22413312" : 11,
            "22675456" : 10,
            "22937600" : 4,
            "23199744" : 6,
            "23461888" : 4,
            "23724032" : 7,
            "23986176" : 3,
            "24248320" : 8,
            "24510464" : 4,
            "24772608" : 2,
            "25034752" : 8,
            "25296896" : 30,
            "25559040" : 28,
            "25821184" : 39,
            "26083328" : 75,
            "26345472" : 179,
            "26607616" : 952,
            "26869760" : 2646,
            "27131904" : 2687,
            "27394048" : 1879,
            "27656192" : 1770,
            "27918336" : 1638,
            "28180480" : 1648,
            "28442624" : 1575,
            "28704768" : 1384,
            "28966912" : 887,
            "29229056" : 656,
            "29491200" : 495,
            "29753344" : 367,
            "30015488" : 375,
            "30277632" : 477,
            "30539776" : 548,
            "30801920" : 606,
            "31064064" : 822,
            "31326208" : 1094,
            "31588352" : 1432,
            "31850496" : 2005,
            "32112640" : 2794,
            "32374784" : 3720,
            "32636928" : 4997,
            "32899072" : 6630,
            "33161216" : 8204,
            "33423360" : 10358,
            "33816576" : 26662,
            "34340864" : 33596,
            "34865152" : 39529,
            "35389440" : 43409,
            "35913728" : 42176,
            "36438016" : 37919,
            "36962304" : 32639,
            "37486592" : 26239,
            "38010880" : 20312,
            "38535168" : 15710,
            "39059456" : 12642,
            "39583744" : 10824,
            "40108032" : 9397,
            "40632320" : 8116,
            "41156608" : 6725,
            "41680896" : 5229,
            "42205184" : 3848,
            "42729472" : 2765,