{
  "fio version" : "fio-3.8",
  "timestamp" : 1543192578,
  "timestamp_ms" : 1543192578685,
  "time" : "Sun Nov 25 16:36:18 2018",
  "jobs" : [
    {
      "jobname" : "wipc",
      "groupid" : 0,
      "error" : 0,
      "eta" : 0,
      "elapsed" : 1516,
      "job options" : {
        "ioengine" : "libaio",
        "group_reporting" : "1",
        "direct" : "1",
        "rw" : "write",
        "bssplit" : "128KB",
        "numjobs" : "2",
        "iodepth" : "16",
        "size" : "100%",
        "io_size" : "128035676160B",
        "filename" : "/dev/sda"
      },
      "read" : {
        "io_bytes" : 0,
        "io_kbytes" : 0,
        "bw_bytes" : 0,
        "bw" : 0,
        "iops" : 0.000000,
        "runtime" : 0,
        "total_ios" : 0,
        "short_ios" : 0,
        "drop_ios" : 0,
        "slat_ns" : {
          "min" : 0,
          "max" : 0,
          "mean" : 0.000000,
          "stddev" : 0.000000
        },
        "clat_ns" : {
          "min" : 0,
          "max" : 0,
          "mean" : 0.000000,
          "stddev" : 0.000000,
          "percentile" : {
            "1.000000" : 0,
            "5.000000" : 0,
            "10.000000" : 0,
            "20.000000" : 0,
            "30.000000" : 0,
            "40.000000" : 0,
            "50.000000" : 0,
            "60.000000" : 0,
            "70.000000" : 0,
            "80.000000" : 0,
            "90.000000" : 0,
            "95.000000" : 0,
            "99.000000" : 0,
            "99.500000" : 0,
            "99.900000" : 0,
            "99.950000" : 0,
            "99.990000" : 0
          },
          "bins" : {

          }
        },
        "lat_ns" : {
          "min" : 0,
          "max" : 0,
          "mean" : 0.000000,
          "stddev" : 0.000000
        },
        "bw_min" : 0,
        "bw_max" : 0,
        "bw_agg" : 0.000000,
        "bw_mean" : 0.000000,
        "bw_dev" : 0.000000,
        "bw_samples" : 0,
        "iops_min" : 0,
        "iops_max" : 0,
        "iops_mean" : 0.000000,
        "iops_stddev" : 0.000000,
        "iops_samples" : 0
      },
      "write" : {
        "io_bytes" : 256071172096,
        "io_kbytes" : 250069504,
        "bw_bytes" : 168944031,
        "bw" : 164984,
        "iops" : 1288.940672,
        "runtime" : 1515716,
        "total_ios" : 1953668,
        "short_ios" : 0,
        "drop_ios" : 0,
        "slat_ns" : {
          "min" : 5269,
          "max" : 380096,
          "mean" : 12055.472018,
          "stddev" : 3402.531633
        },
        "clat_ns" : {
          "min" : 889744,
          "max" : 93759076,
          "mean" : 24809214.160554,
          "stddev" : 16690763.715521,
          "percentile" : {
            "1.000000" : 12779520,
            "5.000000" : 13041664,
            "10.000000" : 13172736,
            "20.000000" : 13434880,
            "30.000000" : 13697024,
            "40.000000" : 13959168,
            "50.000000" : 14352384,
            "60.000000" : 15007744,
            "70.000000" : 34340864,
            "80.000000" : 38010880,
            "90.000000" : 55836672,
            "95.000000" : 58458112,
            "99.000000" : 63700992,
            "99.500000" : 64749568,
            "99.900000" : 70778880,
            "99.950000" : 72876032,
            "99.990000" : 79167488
          },
          "bins" : {
            "888832" : 1,
            "1318912" : 1,
            "1368064" : 1,
            "2072576" : 1,
            "2506752" : 1,
            "2834432" : 1,
            "3489792" : 1,
            "3850240" : 1,
            "4227072" : 1,
            "4554752" : 1,
            "4947968" : 1,
            "5734400" : 1,
            "6127616" : 1,
            "6455296" : 1,
            "6848512" : 1,
            "7241728" : 1,
            "7569408" : 1,
            "7962624" : 1,
            "8355840" : 1,
            "8716288" : 1,
            "9109504" : 1,
            "9502720" : 1,
            "10027008" : 1,
            "10420224" : 1,
            "10813440" : 1,
            "11075584" : 3,
            "11206656" : 8,
            "11337728" : 35,
            "11468800" : 87,
            "11599872" : 95,
            "11730944" : 110,
            "11862016" : 158,
            "11993088" : 146,
            "12124160" : 228,
            "12255232" : 497,
            "12386304" : 671,
            "12517376" : 1543,
            "12648448" : 4218,
            "12779520" : 12908,
            "12910592" : 35986,
            "13041664" : 68262,
            "13172736" : 89073,
            "13303808" : 102132,
            "13434880" : 104701,
            "13565952" : 106784,
            "13697024" : 109020,
            "13828096" : 90730,
            "13959168" : 76149,
            "14090240" : 67698,
            "14221312" : 61355,
            "14352384" : 57994,
            "14483456" : 50441,
            "14614528" : 40746,
            "14745600" : 36806,
            "14876672" : 34816,
            "15007744" : 32837,
            "15138816" : 29050,
            "15269888" : 22932,
            "15400960" : 17243,
            "15532032" : 12678,
            "15663104" : 8621,
            "15794176" : 6589,
            "15925248" : 4707,
            "16056320" : 3368,
            "16187392" : 2593,
            "16318464" : 2056,
            "16449536" : 1731,
            "16580608" : 1255,
            "16711680" : 1161,
            "16908288" : 1428,
            "17170432" : 844,
            "17432576" : 466,
            "17694720" : 293,
            "17956864" : 163,
            "18219008" : 144,
            "18481152" : 127,
            "18743296" : 135,
            "19005440" : 125,
            "19267584" : 101,
            "19529728" : 80,
            "19791872" : 81,
            "20054016" : 45,
            "20316160" : 48,
            "20578304" : 30,
            "20840448" : 9,
            "21102592" : 13,
            "21364736" : 13,
            "21626880" : 7,
            "21889024" : 16,
            "22151168" : 12,
            "22413312" : 11,
            "22675456" : 4,
            "22937600" : 9,
            "23199744" : 18,
            "23461888" : 5,
            "23724032" : 9,
            "23986176" : 6,
            "24248320" : 1,
            "24510464" : 7,
            "24772608" : 23,
            "25034752" : 50,
            "25296896" : 40,
            "25559040" : 74,
            "25821184" : 150,
            "26083328" : 268,
            "26345472" : 757,
            "26607616" : 4120,
            "26869760" : 4123,
            "27131904" : 3016,
            "27394048" : 1482,
            "27656192" : 1212,
            "27918336" : 796,
            "28180480" : 645,
            "28442624" : 497,
            "28704768" : 212,
            "28966912" : 139,
            "29229056" : 103,
            "29491200" : 104,
            "29753344" : 174,
            "30015488" : 215,
            "30277632" : 367,
            "30539776" : 393,
            "30801920" : 423,
            "31064064" : 514,
            "31326208" : 539,
            "31588352" : 672,
            "31850496" : 746,
            "32112640" : 1128,
            "32374784" : 1485,
            "32636928" : 1985,
            "32899072" : 2634,
            "33161216" : 3451,
            "33423360" : 4343,
            "33816576" : 12148,
            "34340864" : 17557,
            "34865152" : 23256,
            "35389440" : 29473,
            "35913728" : 34367,
            "36438016" : 33220,
            "36962304" : 29776,
            "37486592" : 26085,
            "38010880" : 20236,
            "38535168" : 13697,
            "39059456" : 9764,
            "39583744" : 7882,
            "40108032" : 6822,
            "40632320" : 5994,
            "41156608" : 5260,
            "41680896" : 5264,
            "42205184" : 4569,
            "42729472" : 3688,
            "43253760" : 2625,
            "43778048" : 1796,
            "44302336" : 1151,
            "44826624" : 694,
            "45350912" : 410,