{
  "fio version" : "fio-3.8",
  "timestamp" : 1543185527,
  "timestamp_ms" : 1543185527780,
  "time" : "Sun Nov 25 14:38:47 2018",
  "jobs" : [
    {
      "jobname" : "wipc",
      "groupid" : 0,
      "error" : 0,
      "eta" : 0,
      "elapsed" : 1514,
      "job options" : {
        "ioengine" : "libaio",
        "group_reporting" : "1",
        "direct" : "1",
        "rw" : "write",
        "bssplit" : "128KB",
        "numjobs" : "2",
        "iodepth" : "16",
        "size" : "100%",
        "io_size" : "128035676160B",
        "filename" : "/dev/sda"
      },
      "read" : {
        "io_bytes" : 0,
        "io_kbytes" : 0,
        "bw_bytes" : 0,
        "bw" : 0,
        "iops" : 0.000000,
        "runtime" : 0,
        "total_ios" : 0,
        "short_ios" : 0,
        "drop_ios" : 0,
        "slat_ns" : {
          "min" : 0,
          "max" : 0,
          "mean" : 0.000000,
          "stddev" : 0.000000
        },
        "clat_ns" : {
          "min" : 0,
          "max" : 0,
          "mean" : 0.000000,
          "stddev" : 0.000000,
          "percentile" : {
            "1.000000" : 0,
            "5.000000" : 0,
            "10.000000" : 0,
            "20.000000" : 0,
            "30.000000" : 0,
            "40.000000" : 0,
            "50.000000" : 0,
            "60.000000" : 0,
            "70.000000" : 0,
            "80.000000" : 0,
            "90.000000" : 0,
            "95.000000" : 0,
            "99.000000" : 0,
            "99.500000" : 0,
            "99.900000" : 0,
            "99.950000" : 0,
            "99.990000" : 0
          },
          "bins" : {

          }
        },
        "lat_ns" : {
          "min" : 0,
          "max" : 0,
          "mean" : 0.000000,
          "stddev" : 0.000000
        },
        "bw_min" : 0,
        "bw_max" : 0,
        "bw_agg" : 0.000000,
        "bw_mean" : 0.000000,
        "bw_dev" : 0.000000,
        "bw_samples" : 0,
        "iops_min" : 0,
        "iops_max" : 0,
        "iops_mean" : 0.000000,
        "iops_stddev" : 0.000000,
        "iops_samples" : 0
      },
      "write" : {
        "io_bytes" : 256071172096,
        "io_kbytes" : 250069504,
        "bw_bytes" : 169239698,
        "bw" : 165273,
        "iops" : 1291.196430,
        "runtime" : 1513068,
        "total_ios" : 1953668,
        "short_ios" : 0,
        "drop_ios" : 0,
        "slat_ns" : {
          "min" : 5357,
          "max" : 4543935,
          "mean" : 12662.911470,
          "stddev" : 5215.391462
        },
        "clat_ns" : {
          "min" : 809166,
          "max" : 109008073,
          "mean" : 24761745.772612,
          "stddev" : 16499023.117958,
          "percentile" : {
            "1.000000" : 12779520,
            "5.000000" : 13041664,
            "10.000000" : 13172736,
            "20.000000" : 13434880,
            "30.000000" : 13697024,
            "40.000000" : 13959168,
            "50.000000" : 14483456,
            "60.000000" : 15138816,
            "70.000000" : 34340864,
            "80.000000" : 37486592,
            "90.000000" : 55312384,
            "95.000000" : 57933824,
            "99.000000" : 63176704,
            "99.500000" : 64749568,
            "99.900000" : 71827456,
            "99.950000" : 73924608,
            "99.990000" : 80216064
          },
          "bins" : {
            "806912" : 1,
            "1286144" : 1,
            "1318912" : 1,
            "1990656" : 1,
            "2244608" : 2,
            "2277376" : 1,
            "2375680" : 1,
            "2703360" : 1,
            "3162112" : 1,
            "3588096" : 1,
            "3883008" : 1,
            "4292608" : 1,
            "4620288" : 1,
            "5013504" : 1,
            "5537792" : 1,
            "5734400" : 1,
            "5931008" : 3,
            "5996544" : 4,
            "6062080" : 4,
            "6127616" : 3,
            "6258688" : 12,
            "6324224" : 9,
            "6389760" : 2,
            "6455296" : 3,
            "6520832" : 6,
            "6586368" : 7,
            "6651904" : 4,
            "6717440" : 4,
            "6782976" : 2,
            "6848512" : 1,
            "6914048" : 4,
            "6979584" : 6,
            "7045120" : 2,
            "7307264" : 9,
            "7372800" : 4,
            "7438336" : 2,
            "7503872" : 1,
            "7569408" : 7,
            "7634944" : 4,
            "7700480" : 11,
            "7766016" : 8,
            "7831552" : 1,
            "7897088" : 5,
            "7962624" : 5,
            "8028160" : 8,
            "8093696" : 13,
            "8159232" : 3,
            "8224768" : 5,
            "8290304" : 3,
            "8355840" : 9,
            "8454144" : 5,
            "8585216" : 7,
            "8716288" : 3,
            "8847360" : 3,
            "8978432" : 1,
            "9109504" : 1,
            "9240576" : 3,
            "9371648" : 2,
            "9502720" : 2,
            "9633792" : 4,
            "9764864" : 4,
            "9895936" : 3,
            "10027008" : 9,
            "10158080" : 6,
            "10420224" : 4,
            "10551296" : 5,
            "10682368" : 1,
            "10813440" : 1,
            "11075584" : 1,
            "11468800" : 2,
            "11599872" : 10,
            "11730944" : 69,
            "11862016" : 109,
            "11993088" : 148,
            "12124160" : 297,
            "12255232" : 562,
            "12386304" : 1009,
            "12517376" : 2083,
            "12648448" : 5766,
            "12779520" : 17295,
            "12910592" : 43805,
            "13041664" : 71873,
            "13172736" : 88953,
            "13303808" : 100990,
            "13434880" : 104127,
            "13565952" : 103812,
            "13697024" : 98720,
            "13828096" : 81066,
            "13959168" : 69322,
            "14090240" : 63713,
            "14221312" : 60531,
            "14352384" : 56578,
            "14483456" : 47662,
            "14614528" : 39729,
            "14745600" : 37568,
            "14876672" : 36688,
            "15007744" : 34529,
            "15138816" : 28873,
            "15269888" : 23050,
            "15400960" : 17957,
            "15532032" : 13461,
            "15663104" : 9830,
            "15794176" : 7513,
            "15925248" : 5911,
            "16056320" : 4586,
            "16187392" : 3493,
            "16318464" : 2821,
            "16449536" : 2107,
            "16580608" : 1953,
            "16711680" : 1579,
            "16908288" : 1945,
            "17170432" : 1085,
            "17432576" : 566,
            "17694720" : 212,
            "17956864" : 115,
            "18219008" : 74,
            "18481152" : 54,
            "18743296" : 74,
            "19005440" : 111,
            "19267584" : 115,
            "19529728" : 120,
            "19791872" : 124,
            "20054016" : 155,
            "20316160" : 129,
            "20578304" : 107,
            "20840448" : 81,
            "21102592" : 70,
            "21364736" : 75,
            "21626880" : 56,
            "21889024" : 56,
            "22151168" : 48,
            "22413312" : 28,
            "22675456" : 28,
            "22937600" : 10,
            "23199744" : 16,
            "23461888" : 5,
            "23724032" : 7,
            "23986176" : 5,
            "24248320" : 4,
            "24510464" : 4,
            "24772608" : 11,
            "25034752" : 34,
            "25296896" : 36,
            "25559040" : 57,
            "25821184" : 154,
            "26083328" : 383,
            "26345472" : 932,
            "26607616" : 3613,
            "26869760" : 3733,
            "27131904" : 2039,
            "27394048" : 1233,
            "27656192" : 1173,
            "27918336" : 992,
            "28180480" : 1210,
            "28442624" : 960,
            "28704768" : 640,
            "28966912" : 416,
            "29229056" : 252,
            "29491200" : 209,
            "29753344" : 210,