{
  "fio version" : "fio-3.8",
  "timestamp" : 1542592796,
  "timestamp_ms" : 1542592796320,
  "time" : "Sun Nov 18 17:59:56 2018",
  "jobs" : [
    {
      "jobname" : "wipc",
      "groupid" : 0,
      "error" : 0,
      "eta" : 0,
      "elapsed" : 1502,
      "job options" : {
        "ioengine" : "libaio",
        "group_reporting" : "1",
        "direct" : "1",
        "rw" : "write",
        "bssplit" : "128KB",
        "numjobs" : "2",
        "iodepth" : "16",
        "size" : "100%",
        "io_size" : "128035676160B",
        "filename" : "/dev/sdb"
      },
      "read" : {
        "io_bytes" : 0,
        "io_kbytes" : 0,
        "bw_bytes" : 0,
        "bw" : 0,
        "iops" : 0.000000,
        "runtime" : 0,
        "total_ios" : 0,
        "short_ios" : 0,
        "drop_ios" : 0,
        "slat_ns" : {
          "min" : 0,
          "max" : 0,
          "mean" : 0.000000,
          "stddev" : 0.000000
        },
        "clat_ns" : {
          "min" : 0,
          "max" : 0,
          "mean" : 0.000000,
          "stddev" : 0.000000,
          "percentile" : {
            "1.000000" : 0,
            "5.000000" : 0,
            "10.000000" : 0,
            "20.000000" : 0,
            "30.000000" : 0,
            "40.000000" : 0,
            "50.000000" : 0,
            "60.000000" : 0,
            "70.000000" : 0,
            "80.000000" : 0,
            "90.000000" : 0,
            "95.000000" : 0,
            "99.000000" : 0,
            "99.500000" : 0,
            "99.900000" : 0,
            "99.950000" : 0,
            "99.990000" : 0
          },
          "bins" : {

          }
        },
        "lat_ns" : {
          "min" : 0,
          "max" : 0,
          "mean" : 0.000000,
          "stddev" : 0.000000
        },
        "bw_min" : 0,
        "bw_max" : 0,
        "bw_agg" : 0.000000,
        "bw_mean" : 0.000000,
        "bw_dev" : 0.000000,
        "bw_samples" : 0,
        "iops_min" : 0,
        "iops_max" : 0,
        "iops_mean" : 0.000000,
        "iops_stddev" : 0.000000,
        "iops_samples" : 0
      },
      "write" : {
        "io_bytes" : 256071172096,
        "io_kbytes" : 250069504,
        "bw_bytes" : 170547660,
        "bw" : 166550,
        "iops" : 1301.175386,
        "runtime" : 1501464,
        "total_ios" : 1953668,
        "short_ios" : 0,
        "drop_ios" : 0,
        "slat_ns" : {
          "min" : 5437,
          "max" : 2225047,
          "mean" : 13810.778904,
          "stddev" : 4345.223331
        },
        "clat_ns" : {
          "min" : 848805,
          "max" : 113775773,
          "mean" : 24571485.860385,
          "stddev" : 16228345.846782,
          "percentile" : {
            "1.000000" : 12779520,
            "5.000000" : 13041664,
            "10.000000" : 13172736,
            "20.000000" : 13434880,
            "30.000000" : 13697024,
            "40.000000" : 13959168,
            "50.000000" : 14352384,
            "60.000000" : 15007744,
            "70.000000" : 34340864,
            "80.000000" : 37486592,
            "90.000000" : 54788096,
            "95.000000" : 57409536,
            "99.000000" : 62652416,
            "99.500000" : 64225280,
            "99.900000" : 71827456,
            "99.950000" : 76021760,
            "99.990000" : 82313216
          },
          "bins" : {
            "847872" : 1,
            "1433600" : 1,
            "1449984" : 1,
            "2088960" : 1,
            "2539520" : 1,
            "2899968" : 1,
            "3227648" : 1,
            "3686400" : 1,
            "4046848" : 1,
            "4489216" : 1,
            "4751360" : 1,
            "5275648" : 1,
            "5603328" : 1,
            "5996544" : 1,
            "6389760" : 1,
            "6717440" : 1,
            "7045120" : 1,
            "7438336" : 1,
            "7897088" : 1,
            "8290304" : 1,
            "8716288" : 1,
            "8978432" : 1,
            "9633792" : 1,
            "10027008" : 1,
            "10420224" : 1,
            "10813440" : 1,
            "11075584" : 2,
            "11206656" : 9,
            "11337728" : 24,
            "11468800" : 34,
            "11599872" : 72,
            "11730944" : 120,
            "11862016" : 125,
            "11993088" : 145,
            "12124160" : 212,
            "12255232" : 347,
            "12386304" : 926,
            "12517376" : 3152,
            "12648448" : 10589,
            "12779520" : 27056,
            "12910592" : 52150,
            "13041664" : 77820,
            "13172736" : 92236,
            "13303808" : 100293,
            "13434880" : 101862,
            "13565952" : 97594,
            "13697024" : 95320,
            "13828096" : 83572,
            "13959168" : 68157,
            "14090240" : 59238,
            "14221312" : 56347,
            "14352384" : 54764,
            "14483456" : 52178,
            "14614528" : 45349,
            "14745600" : 38161,
            "14876672" : 34377,
            "15007744" : 29556,
            "15138816" : 25678,
            "15269888" : 21144,
            "15400960" : 15850,
            "15532032" : 11841,
            "15663104" : 8829,
            "15794176" : 6543,
            "15925248" : 4692,
            "16056320" : 3623,
            "16187392" : 2971,
            "16318464" : 2270,
            "16449536" : 1696,
            "16580608" : 1441,
            "16711680" : 1149,
            "16908288" : 1854,
            "17170432" : 1013,
            "17432576" : 429,
            "17694720" : 181,
            "17956864" : 108,
            "18219008" : 50,
            "18481152" : 37,
            "18743296" : 22,
            "19005440" : 60,
            "19267584" : 87,
            "19529728" : 78,
            "19791872" : 62,
            "20054016" : 52,
            "20316160" : 70,
            "20578304" : 71,
            "20840448" : 74,
            "21102592" : 52,
            "21364736" : 32,
            "21626880" : 26,
            "21889024" : 24,
            "22151168" : 13,
            "22413312" : 9,
            "22675456" : 7,
            "22937600" : 4,
            "23199744" : 2,
            "23461888" : 4,
            "23724032" : 9,
            "23986176" : 7,
            "24248320" : 22,
            "24510464" : 7,
            "24772608" : 24,
            "25034752" : 3,
            "25296896" : 22,
            "25559040" : 17,
            "25821184" : 29,
            "26083328" : 77,
            "26345472" : 655,
            "26607616" : 2384,
            "26869760" : 4239,
            "27131904" : 2291,
            "27394048" : 1323,
            "27656192" : 1218,
            "27918336" : 1130,
            "28180480" : 1588,
            "28442624" : 1547,
            "28704768" : 840,
            "28966912" : 462,
            "29229056" : 393,
            "29491200" : 308,
            "29753344" : 251,
            "30015488" : 245,
            "30277632" : 288,
            "30539776" : 305,
            "30801920" : 442,
            "31064064" : 651,
            "31326208" : 762,
            "31588352" : 955,
            "31850496" : 1206,
            "32112640" : 1699,
            "32374784" : 2341,
            "32636928" : 3165,
            "32899072" : 4033,
            "33161216" : 5219,
            "33423360" : 6361,
            "33816576" : 16897,
            "34340864" : 23250,
            "34865152" : 32149,
            "35389440" : 37514,
            "35913728" : 36935,
            "36438016" : 33618,
            "36962304" : 31394,
            "37486592" : 23389,
            "38010880" : 14216,
            "38535168" : 10222,
            "39059456" : 8605,
            "39583744" : 6883,
            "40108032" : 6156,
            "40632320" : 6074,
            "41156608" : 5772,
            "41680896" : 4647,
            "42205184" : 3639,
            "42729472" : 2585,
            "43253760" : 1824,
            "43778048" : 983,
            "44302336" : 503,
            "44826624" : 376,