{
  "fio version" : "fio-3.8",
  "timestamp" : 1542400315,
  "timestamp_ms" : 1542400315169,
  "time" : "Fri Nov 16 12:31:55 2018",
  "jobs" : [
    {
      "jobname" : "wipc",
      "groupid" : 0,
      "error" : 0,
      "eta" : 0,
      "elapsed" : 1492,
      "job options" : {
        "ioengine" : "libaio",
        "group_reporting" : "1",
        "direct" : "1",
        "rw" : "write",
        "bssplit" : "128KB",
        "numjobs" : "2",
        "iodepth" : "16",
        "size" : "100%",
        "io_size" : "128035676160B",
        "filename" : "/dev/sdb"
      },
      "read" : {
        "io_bytes" : 0,
        "io_kbytes" : 0,
        "bw_bytes" : 0,
        "bw" : 0,
        "iops" : 0.000000,
        "runtime" : 0,
        "total_ios" : 0,
        "short_ios" : 0,
        "drop_ios" : 0,
        "slat_ns" : {
          "min" : 0,
          "max" : 0,
          "mean" : 0.000000,
          "stddev" : 0.000000
        },
        "clat_ns" : {
          "min" : 0,
          "max" : 0,
          "mean" : 0.000000,
          "stddev" : 0.000000,
          "percentile" : {
            "1.000000" : 0,
            "5.000000" : 0,
            "10.000000" : 0,
            "20.000000" : 0,
            "30.000000" : 0,
            "40.000000" : 0,
            "50.000000" : 0,
            "60.000000" : 0,
            "70.000000" : 0,
            "80.000000" : 0,
            "90.000000" : 0,
            "95.000000" : 0,
            "99.000000" : 0,
            "99.500000" : 0,
            "99.900000" : 0,
            "99.950000" : 0,
            "99.990000" : 0
          },
          "bins" : {

          }
        },
        "lat_ns" : {
          "min" : 0,
          "max" : 0,
          "mean" : 0.000000,
          "stddev" : 0.000000
        },
        "bw_min" : 0,
        "bw_max" : 0,
        "bw_agg" : 0.000000,
        "bw_mean" : 0.000000,
        "bw_dev" : 0.000000,
        "bw_samples" : 0,
        "iops_min" : 0,
        "iops_max" : 0,
        "iops_mean" : 0.000000,
        "iops_stddev" : 0.000000,
        "iops_samples" : 0
      },
      "write" : {
        "io_bytes" : 256071172096,
        "io_kbytes" : 250069504,
        "bw_bytes" : 171675382,
        "bw" : 167651,
        "iops" : 1309.779224,
        "runtime" : 1491601,
        "total_ios" : 1953668,
        "short_ios" : 0,
        "drop_ios" : 0,
        "slat_ns" : {
          "min" : 5330,
          "max" : 590686,
          "mean" : 10565.945008,
          "stddev" : 3613.518753
        },
        "clat_ns" : {
          "min" : 492695,
          "max" : 101982705,
          "mean" : 24417669.817529,
          "stddev" : 15540574.398164,
          "percentile" : {
            "1.000000" : 12648448,
            "5.000000" : 12910592,
            "10.000000" : 13041664,
            "20.000000" : 13303808,
            "30.000000" : 13565952,
            "40.000000" : 13828096,
            "50.000000" : 14221312,
            "60.000000" : 15007744,
            "70.000000" : 34340864,
            "80.000000" : 36438016,
            "90.000000" : 54263808,
            "95.000000" : 56360960,
            "99.000000" : 62128128,
            "99.500000" : 63176704,
            "99.900000" : 69730304,
            "99.950000" : 72876032,
            "99.990000" : 79167488
          },
          "bins" : {
            "493568" : 1,
            "1253376" : 1,
            "1269760" : 1,
            "2023424" : 1,
            "2375680" : 1,
            "2736128" : 1,
            "3293184" : 1,
            "3686400" : 1,
            "4046848" : 1,
            "4423680" : 1,
            "4751360" : 1,
            "5472256" : 1,
            "5799936" : 1,
            "6193152" : 1,
            "6520832" : 1,
            "6914048" : 1,
            "7241728" : 1,
            "7634944" : 1,
            "7962624" : 1,
            "8355840" : 1,
            "8716288" : 1,
            "9109504" : 1,
            "9764864" : 1,
            "10158080" : 1,
            "10420224" : 1,
            "10813440" : 1,
            "11075584" : 2,
            "11206656" : 32,
            "11337728" : 90,
            "11468800" : 116,
            "11599872" : 119,
            "11730944" : 168,
            "11862016" : 174,
            "11993088" : 298,
            "12124160" : 490,
            "12255232" : 783,
            "12386304" : 1942,
            "12517376" : 5733,
            "12648448" : 15187,
            "12779520" : 33128,
            "12910592" : 61097,
            "13041664" : 85506,
            "13172736" : 98856,
            "13303808" : 110924,
            "13434880" : 109452,
            "13565952" : 105193,
            "13697024" : 100877,
            "13828096" : 80285,
            "13959168" : 67925,
            "14090240" : 59895,
            "14221312" : 52350,
            "14352384" : 45326,
            "14483456" : 37457,
            "14614528" : 32186,
            "14745600" : 30389,
            "14876672" : 29067,
            "15007744" : 24097,
            "15138816" : 19555,
            "15269888" : 14229,
            "15400960" : 9137,
            "15532032" : 6042,
            "15663104" : 3175,
            "15794176" : 1825,
            "15925248" : 1129,
            "16056320" : 737,
            "16187392" : 401,
            "16318464" : 254,
            "16449536" : 144,
            "16580608" : 106,
            "16711680" : 71,
            "16908288" : 197,
            "17170432" : 187,
            "17432576" : 150,
            "17694720" : 157,
            "17956864" : 129,
            "18219008" : 79,
            "18481152" : 63,
            "18743296" : 138,
            "19005440" : 105,
            "19267584" : 57,
            "19529728" : 45,
            "19791872" : 39,
            "20054016" : 24,
            "20316160" : 7,
            "20578304" : 6,
            "20840448" : 4,
            "23199744" : 1,
            "23724032" : 2,
            "23986176" : 4,
            "24248320" : 11,
            "24510464" : 14,
            "24772608" : 45,
            "25034752" : 37,
            "25296896" : 48,
            "25559040" : 107,
            "25821184" : 321,
            "26083328" : 472,
            "26345472" : 2410,
            "26607616" : 5014,
            "26869760" : 3156,
            "27131904" : 1816,
            "27394048" : 1122,
            "27656192" : 773,
            "27918336" : 663,
            "28180480" : 693,
            "28442624" : 496,
            "28704768" : 370,
            "28966912" : 305,
            "29229056" : 285,
            "29491200" : 302,
            "29753344" : 359,
            "30015488" : 494,
            "30277632" : 578,
            "30539776" : 646,
            "30801920" : 731,
            "31064064" : 865,
            "31326208" : 1252,
            "31588352" : 1674,
            "31850496" : 2544,
            "32112640" : 3438,
            "32374784" : 4800,
            "32636928" : 6348,
            "32899072" : 7894,
            "33161216" : 9898,
            "33423360" : 11516,
            "33816576" : 29699,
            "34340864" : 39348,
            "34865152" : 47345,
            "35389440" : 49023,
            "35913728" : 45060,
            "36438016" : 37529,
            "36962304" : 30060,
            "37486592" : 20247,
            "38010880" : 13113,
            "38535168" : 10656,
            "39059456" : 9438,
            "39583744" : 8392,
            "40108032" : 7687,
            "40632320" : 7070,
            "41156608" : 6126,
            "41680896" : 4643,
            "42205184" : 3162,
            "42729472" : 2121,
            "43253760" : 1133,
            "43778048" : 578,
            "44302336" : 435,
            "44826624" : 275,
            "45350912" : 176,
            "45875200" : 183,
            "46399488" : 236,
            "46923776" : 318,
            "47448064" : 439,
            "47972352" : 342,
            "48496640" : 433,
            "49020928" : 511,