{
  "fio version" : "fio-3.8",
  "timestamp" : 1562565021,
  "timestamp_ms" : 1562565021640,
  "time" : "Sun Jul  7 22:50:21 2019",
  "jobs" : [
    {
      "jobname" : "wipc",
      "groupid" : 0,
      "error" : 0,
      "eta" : 0,
      "elapsed" : 1433,
      "job options" : {
        "ioengine" : "libaio",
        "group_reporting" : "1",
        "direct" : "1",
        "rw" : "write",
        "bssplit" : "128KB",
        "numjobs" : "2",
        "iodepth" : "16",
        "size" : "75%",
        "io_size" : "128035676160B",
        "filename" : "/dev/sdd"
      },
      "read" : {
        "io_bytes" : 0,
        "io_kbytes" : 0,
        "bw_bytes" : 0,
        "bw" : 0,
        "iops" : 0.000000,
        "runtime" : 0,
        "total_ios" : 0,
        "short_ios" : 0,
        "drop_ios" : 0,
        "slat_ns" : {
          "min" : 0,
          "max" : 0,
          "mean" : 0.000000,
          "stddev" : 0.000000
        },
        "clat_ns" : {
          "min" : 0,
          "max" : 0,
          "mean" : 0.000000,
          "stddev" : 0.000000,
          "percentile" : {
            "1.000000" : 0,
            "5.000000" : 0,
            "10.000000" : 0,
            "20.000000" : 0,
            "30.000000" : 0,
            "40.000000" : 0,
            "50.000000" : 0,
            "60.000000" : 0,
            "70.000000" : 0,
            "80.000000" : 0,
            "90.000000" : 0,
            "95.000000" : 0,
            "99.000000" : 0,
            "99.500000" : 0,
            "99.900000" : 0,
            "99.950000" : 0,
            "99.990000" : 0
          },
          "bins" : {

          }
        },
        "lat_ns" : {
          "min" : 0,
          "max" : 0,
          "mean" : 0.000000,
          "stddev" : 0.000000
        },
        "bw_min" : 0,
        "bw_max" : 0,
        "bw_agg" : 0.000000,
        "bw_mean" : 0.000000,
        "bw_dev" : 0.000000,
        "bw_samples" : 0,
        "iops_min" : 0,
        "iops_max" : 0,
        "iops_mean" : 0.000000,
        "iops_stddev" : 0.000000,
        "iops_samples" : 0
      },
      "write" : {
        "io_bytes" : 256071434240,
        "io_kbytes" : 250069760,
        "bw_bytes" : 178717746,
        "bw" : 174529,
        "iops" : 1363.508200,
        "runtime" : 1432826,
        "total_ios" : 1953670,
        "short_ios" : 0,
        "drop_ios" : 0,
        "slat_ns" : {
          "min" : 6387,
          "max" : 329511,
          "mean" : 16964.699647,
          "stddev" : 4835.624291
        },
        "clat_ns" : {
          "min" : 935583,
          "max" : 123580959,
          "mean" : 23442861.430244,
          "stddev" : 15408598.713794,
          "percentile" : {
            "1.000000" : 13172736,
            "5.000000" : 13303808,
            "10.000000" : 13565952,
            "20.000000" : 13828096,
            "30.000000" : 14090240,
            "40.000000" : 14352384,
            "50.000000" : 14745600,
            "60.000000" : 15269888,
            "70.000000" : 16580608,
            "80.000000" : 36438016,
            "90.000000" : 54788096,
            "95.000000" : 57409536,
            "99.000000" : 63176704,
            "99.500000" : 65273856,
            "99.900000" : 78118912,
            "99.950000" : 87556096,
            "99.990000" : 101187584
          },
          "bins" : {
            "937984" : 1,
            "1433600" : 2,
            "2179072" : 1,
            "2572288" : 1,
            "2998272" : 1,
            "3424256" : 1,
            "3784704" : 1,
            "4145152" : 1,
            "4554752" : 1,
            "4947968" : 1,
            "5537792" : 1,
            "5865472" : 1,
            "6127616" : 1,
            "6258688" : 3,
            "6324224" : 3,
            "6389760" : 4,
            "6455296" : 13,
            "6520832" : 8,
            "6586368" : 22,
            "6651904" : 48,
            "6717440" : 66,
            "6782976" : 55,
            "6848512" : 63,
            "6914048" : 47,
            "6979584" : 53,
            "7045120" : 45,
            "7110656" : 50,
            "7176192" : 48,
            "7241728" : 33,
            "7307264" : 16,
            "7372800" : 19,
            "7438336" : 13,
            "7503872" : 10,
            "7569408" : 13,
            "7634944" : 12,
            "7700480" : 4,
            "7766016" : 5,
            "7831552" : 9,
            "7897088" : 11,
            "7962624" : 11,
            "8028160" : 11,
            "8093696" : 28,
            "8159232" : 33,
            "8224768" : 25,
            "8290304" : 18,
            "8355840" : 9,
            "8454144" : 24,
            "8585216" : 34,
            "8716288" : 18,
            "8847360" : 8,
            "8978432" : 3,
            "9109504" : 2,
            "9240576" : 4,
            "9371648" : 6,
            "9502720" : 3,
            "9633792" : 2,
            "9764864" : 6,
            "9895936" : 2,
            "10158080" : 2,
            "10289152" : 2,
            "10420224" : 2,
            "10551296" : 1,
            "10682368" : 2,
            "10813440" : 1,
            "10944512" : 1,
            "11075584" : 3,
            "11337728" : 1,
            "11468800" : 1,
            "11599872" : 4,
            "11730944" : 5,
            "11862016" : 15,
            "11993088" : 23,
            "12124160" : 48,
            "12255232" : 95,
            "12386304" : 115,
            "12517376" : 132,
            "12648448" : 234,
            "12779520" : 663,
            "12910592" : 2879,
            "13041664" : 11001,
            "13172736" : 31261,
            "13303808" : 58773,
            "13434880" : 83320,
            "13565952" : 93941,
            "13697024" : 94297,
            "13828096" : 95518,
            "13959168" : 98756,
            "14090240" : 98450,
            "14221312" : 88648,
            "14352384" : 75238,
            "14483456" : 64338,
            "14614528" : 57374,
            "14745600" : 57400,
            "14876672" : 56411,
            "15007744" : 53292,
            "15138816" : 47576,
            "15269888" : 43000,
            "15400960" : 37383,
            "15532032" : 31000,
            "15663104" : 24381,
            "15794176" : 18881,
            "15925248" : 13890,
            "16056320" : 9514,
            "16187392" : 6953,
            "16318464" : 5164,
            "16449536" : 3740,
            "16580608" : 2997,
            "16711680" : 2305,
            "16908288" : 3625,
            "17170432" : 2436,
            "17432576" : 1456,
            "17694720" : 729,
            "17956864" : 279,
            "18219008" : 145,
            "18481152" : 72,
            "18743296" : 33,
            "19005440" : 20,
            "19267584" : 26,
            "19529728" : 37,
            "19791872" : 42,
            "20054016" : 61,
            "20316160" : 65,
            "20578304" : 64,
            "20840448" : 67,
            "21102592" : 51,
            "21364736" : 57,
            "21626880" : 46,
            "21889024" : 39,
            "22151168" : 29,
            "22413312" : 25,
            "22675456" : 10,
            "22937600" : 19,
            "23199744" : 15,
            "23461888" : 4,
            "23724032" : 25,
            "23986176" : 20,
            "24248320" : 16,
            "24510464" : 7,
            "24772608" : 3,
            "25034752" : 7,
            "25296896" : 15,
            "25559040" : 19,
            "25821184" : 41,
            "26083328" : 32,
            "26345472" : 46,
            "26607616" : 125,
            "26869760" : 602,
            "27131904" : 2878,
            "27394048" : 5783,
            "27656192" : 3540,
            "27918336" : 2087,
            "28180480" : 1399,
            "28442624" : 859,
            "28704768" : 811,
            "28966912" : 528,
            "29229056" : 372,
            "29491200" : 209,
            "29753344" : 209,
            "30015488" : 226,
            "30277632" : 259,