{
  "fio version" : "fio-3.8",
  "timestamp" : 1562644030,
  "timestamp_ms" : 1562644030308,
  "time" : "Mon Jul  8 20:47:10 2019",
  "jobs" : [
    {
      "jobname" : "wipc",
      "groupid" : 0,
      "error" : 0,
      "eta" : 0,
      "elapsed" : 1406,
      "job options" : {
        "ioengine" : "libaio",
        "group_reporting" : "1",
        "direct" : "1",
        "rw" : "write",
        "bssplit" : "128KB",
        "numjobs" : "2",
        "iodepth" : "16",
        "size" : "75%",
        "io_size" : "128035676160B",
        "filename" : "/dev/sdd"
      },
      "read" : {
        "io_bytes" : 0,
        "io_kbytes" : 0,
        "bw_bytes" : 0,
        "bw" : 0,
        "iops" : 0.000000,
        "runtime" : 0,
        "total_ios" : 0,
        "short_ios" : 0,
        "drop_ios" : 0,
        "slat_ns" : {
          "min" : 0,
          "max" : 0,
          "mean" : 0.000000,
          "stddev" : 0.000000
        },
        "clat_ns" : {
          "min" : 0,
          "max" : 0,
          "mean" : 0.000000,
          "stddev" : 0.000000,
          "percentile" : {
            "1.000000" : 0,
            "5.000000" : 0,
            "10.000000" : 0,
            "20.000000" : 0,
            "30.000000" : 0,
            "40.000000" : 0,
            "50.000000" : 0,
            "60.000000" : 0,
            "70.000000" : 0,
            "80.000000" : 0,
            "90.000000" : 0,
            "95.000000" : 0,
            "99.000000" : 0,
            "99.500000" : 0,
            "99.900000" : 0,
            "99.950000" : 0,
            "99.990000" : 0
          },
          "bins" : {

          }
        },
        "lat_ns" : {
          "min" : 0,
          "max" : 0,
          "mean" : 0.000000,
          "stddev" : 0.000000
        },
        "bw_min" : 0,
        "bw_max" : 0,
        "bw_agg" : 0.000000,
        "bw_mean" : 0.000000,
        "bw_dev" : 0.000000,
        "bw_samples" : 0,
        "iops_min" : 0,
        "iops_max" : 0,
        "iops_mean" : 0.000000,
        "iops_stddev" : 0.000000,
        "iops_samples" : 0
      },
      "write" : {
        "io_bytes" : 256071434240,
        "io_kbytes" : 250069760,
        "bw_bytes" : 182221712,
        "bw" : 177950,
        "iops" : 1390.241334,
        "runtime" : 1405274,
        "total_ios" : 1953670,
        "short_ios" : 0,
        "drop_ios" : 0,
        "slat_ns" : {
          "min" : 5615,
          "max" : 370412,
          "mean" : 16837.414844,
          "stddev" : 5011.318878
        },
        "clat_ns" : {
          "min" : 925748,
          "max" : 125474862,
          "mean" : 22992513.945772,
          "stddev" : 15235304.667725,
          "percentile" : {
            "1.000000" : 13172736,
            "5.000000" : 13303808,
            "10.000000" : 13434880,
            "20.000000" : 13828096,
            "30.000000" : 14090240,
            "40.000000" : 14352384,
            "50.000000" : 14745600,
            "60.000000" : 15138816,
            "70.000000" : 15925248,
            "80.000000" : 36438016,
            "90.000000" : 54263808,
            "95.000000" : 57409536,
            "99.000000" : 63176704,
            "99.500000" : 65273856,
            "99.900000" : 78118912,
            "99.950000" : 88604672,
            "99.990000" : 106430464
          },
          "bins" : {
            "929792" : 1,
            "1433600" : 1,
            "1531904" : 1,
            "2244608" : 1,
            "2605056" : 1,
            "2998272" : 1,
            "3457024" : 1,
            "3817472" : 1,
            "4177920" : 1,
            "4554752" : 1,
            "5013504" : 1,
            "5537792" : 1,
            "5931008" : 1,
            "6389760" : 1,
            "6586368" : 1,
            "6651904" : 1,
            "6717440" : 1,
            "6914048" : 1,
            "7110656" : 2,
            "7176192" : 6,
            "7241728" : 3,
            "7307264" : 6,
            "7503872" : 5,
            "7766016" : 1,
            "7962624" : 1,
            "8159232" : 1,
            "8290304" : 2,
            "8585216" : 2,
            "8716288" : 1,
            "9109504" : 1,
            "9371648" : 1,
            "9633792" : 1,
            "9764864" : 2,
            "9895936" : 1,
            "10158080" : 1,
            "10551296" : 1,
            "10813440" : 1,
            "10944512" : 1,
            "11206656" : 1,
            "11337728" : 1,
            "11468800" : 3,
            "11599872" : 2,
            "11862016" : 7,
            "11993088" : 1,
            "12124160" : 4,
            "12255232" : 12,
            "12386304" : 22,
            "12517376" : 62,
            "12648448" : 94,
            "12779520" : 477,
            "12910592" : 2505,
            "13041664" : 11694,
            "13172736" : 33511,
            "13303808" : 64198,
            "13434880" : 86293,
            "13565952" : 93879,
            "13697024" : 92516,
            "13828096" : 96027,
            "13959168" : 101806,
            "14090240" : 103306,
            "14221312" : 90720,
            "14352384" : 74364,
            "14483456" : 63591,
            "14614528" : 59851,
            "14745600" : 60338,
            "14876672" : 58880,
            "15007744" : 54002,
            "15138816" : 48620,
            "15269888" : 45001,
            "15400960" : 39490,
            "15532032" : 32532,
            "15663104" : 25495,
            "15794176" : 18337,
            "15925248" : 13993,
            "16056320" : 9628,
            "16187392" : 7097,
            "16318464" : 5419,
            "16449536" : 4204,
            "16580608" : 3489,
            "16711680" : 2571,
            "16908288" : 3902,
            "17170432" : 2337,
            "17432576" : 1148,
            "17694720" : 544,
            "17956864" : 248,
            "18219008" : 153,
            "18481152" : 106,
            "18743296" : 76,
            "19005440" : 39,
            "19267584" : 39,
            "19529728" : 46,
            "19791872" : 73,
            "20054016" : 80,
            "20316160" : 60,
            "20578304" : 77,
            "20840448" : 82,
            "21102592" : 75,
            "21364736" : 64,
            "21626880" : 60,
            "21889024" : 41,
            "22151168" : 33,
            "22413312" : 34,
            "22675456" : 17,
            "22937600" : 8,
            "23199744" : 11,
            "23461888" : 3,
            "23724032" : 9,
            "23986176" : 4,
            "24248320" : 3,
            "24510464" : 5,
            "24772608" : 1,
            "25034752" : 2,
            "25296896" : 4,
            "25559040" : 7,
            "25821184" : 12,
            "26083328" : 27,
            "26345472" : 41,
            "26607616" : 197,
            "26869760" : 452,
            "27131904" : 2136,
            "27394048" : 4612,
            "27656192" : 3511,
            "27918336" : 1827,
            "28180480" : 1411,
            "28442624" : 1556,
            "28704768" : 1876,
            "28966912" : 1622,
            "29229056" : 756,
            "29491200" : 358,
            "29753344" : 192,
            "30015488" : 226,
            "30277632" : 239,
            "30539776" : 301,
            "30801920" : 305,
            "31064064" : 480,
            "31326208" : 497,
            "31588352" : 708,
            "31850496" : 879,
            "32112640" : 1073,
            "32374784" : 1472,
            "32636928" : 1833,
            "32899072" : 2400,
            "33161216" : 3107,
            "33423360" : 4153,
            "33816576" : 11035,
            "34340864" : 15534,
            "34865152" : 19627,
            "35389440" : 25244,
            "35913728" : 29181,
            "36438016" : 28451,
            "36962304" : 25424,
            "37486592" : 24000,
            "38010880" : 20723,
            "38535168" : 14970,
            "39059456" : 9573,
            "39583744" : 7526,
            "40108032" : 6323,
            "40632320" : 5299,