{
  "fio version" : "fio-3.8",
  "timestamp" : 1543050132,
  "timestamp_ms" : 1543050132547,
  "time" : "Sat Nov 24 09:02:12 2018",
  "jobs" : [
    {
      "jobname" : "wipc",
      "groupid" : 0,
      "error" : 0,
      "eta" : 0,
      "elapsed" : 1498,
      "job options" : {
        "ioengine" : "libaio",
        "group_reporting" : "1",
        "direct" : "1",
        "rw" : "write",
        "bssplit" : "128KB",
        "numjobs" : "2",
        "iodepth" : "16",
        "size" : "100%",
        "io_size" : "128035676160B",
        "filename" : "/dev/sda"
      },
      "read" : {
        "io_bytes" : 0,
        "io_kbytes" : 0,
        "bw_bytes" : 0,
        "bw" : 0,
        "iops" : 0.000000,
        "runtime" : 0,
        "total_ios" : 0,
        "short_ios" : 0,
        "drop_ios" : 0,
        "slat_ns" : {
          "min" : 0,
          "max" : 0,
          "mean" : 0.000000,
          "stddev" : 0.000000
        },
        "clat_ns" : {
          "min" : 0,
          "max" : 0,
          "mean" : 0.000000,
          "stddev" : 0.000000,
          "percentile" : {
            "1.000000" : 0,
            "5.000000" : 0,
            "10.000000" : 0,
            "20.000000" : 0,
            "30.000000" : 0,
            "40.000000" : 0,
            "50.000000" : 0,
            "60.000000" : 0,
            "70.000000" : 0,
            "80.000000" : 0,
            "90.000000" : 0,
            "95.000000" : 0,
            "99.000000" : 0,
            "99.500000" : 0,
            "99.900000" : 0,
            "99.950000" : 0,
            "99.990000" : 0
          },
          "bins" : {

          }
        },
        "lat_ns" : {
          "min" : 0,
          "max" : 0,
          "mean" : 0.000000,
          "stddev" : 0.000000
        },
        "bw_min" : 0,
        "bw_max" : 0,
        "bw_agg" : 0.000000,
        "bw_mean" : 0.000000,
        "bw_dev" : 0.000000,
        "bw_samples" : 0,
        "iops_min" : 0,
        "iops_max" : 0,
        "iops_mean" : 0.000000,
        "iops_stddev" : 0.000000,
        "iops_samples" : 0
      },
      "write" : {
        "io_bytes" : 256071172096,
        "io_kbytes" : 250069504,
        "bw_bytes" : 171024238,
        "bw" : 167015,
        "iops" : 1304.811391,
        "runtime" : 1497280,
        "total_ios" : 1953668,
        "short_ios" : 0,
        "drop_ios" : 0,
        "slat_ns" : {
          "min" : 30916,
          "max" : 2325459,
          "mean" : 54941.020848,
          "stddev" : 30568.684595
        },
        "clat_ns" : {
          "min" : 2172333,
          "max" : 109516750,
          "mean" : 24462153.456353,
          "stddev" : 16431107.213204,
          "percentile" : {
            "1.000000" : 12255232,
            "5.000000" : 12517376,
            "10.000000" : 12648448,
            "20.000000" : 12910592,
            "30.000000" : 13172736,
            "40.000000" : 13434880,
            "50.000000" : 13828096,
            "60.000000" : 14614528,
            "70.000000" : 34865152,
            "80.000000" : 37486592,
            "90.000000" : 55312384,
            "95.000000" : 57933824,
            "99.000000" : 63700992,
            "99.500000" : 65273856,
            "99.900000" : 72876032,
            "99.950000" : 74973184,
            "99.990000" : 81264640
          },
          "bins" : {
            "2179072" : 2,
            "2211840" : 3,
            "2342912" : 1,
            "2768896" : 1,
            "2998272" : 1,
            "3293184" : 1,
            "3555328" : 1,
            "3784704" : 1,
            "4014080" : 1,
            "4554752" : 1,
            "5013504" : 2,
            "5275648" : 1,
            "5472256" : 1,
            "5734400" : 1,
            "5931008" : 1,
            "6193152" : 1,
            "6389760" : 1,
            "6717440" : 1,
            "6914048" : 1,
            "7962624" : 1,
            "8159232" : 1,
            "8454144" : 1,
            "8585216" : 1,
            "9371648" : 2,
            "9633792" : 5,
            "9764864" : 9,
            "9895936" : 32,
            "10027008" : 59,
            "10158080" : 126,
            "10289152" : 175,
            "10420224" : 231,
            "10551296" : 265,
            "10682368" : 353,
            "10813440" : 477,
            "10944512" : 396,
            "11075584" : 344,
            "11206656" : 387,
            "11337728" : 445,
            "11468800" : 692,
            "11599872" : 1048,
            "11730944" : 1364,
            "11862016" : 1723,
            "11993088" : 3021,
            "12124160" : 6492,
            "12255232" : 16242,
            "12386304" : 36025,
            "12517376" : 65936,
            "12648448" : 95307,
            "12779520" : 113617,
            "12910592" : 114363,
            "13041664" : 108762,
            "13172736" : 98531,
            "13303808" : 88009,
            "13434880" : 76520,
            "13565952" : 65713,
            "13697024" : 55013,
            "13828096" : 45939,
            "13959168" : 38789,
            "14090240" : 34980,
            "14221312" : 31851,
            "14352384" : 28861,
            "14483456" : 27157,
            "14614528" : 23601,
            "14745600" : 19629,
            "14876672" : 15226,
            "15007744" : 11444,
            "15138816" : 8409,
            "15269888" : 6453,
            "15400960" : 4678,
            "15532032" : 3630,
            "15663104" : 3018,
            "15794176" : 2150,
            "15925248" : 1814,
            "16056320" : 1195,
            "16187392" : 848,
            "16318464" : 608,
            "16449536" : 500,
            "16580608" : 389,
            "16711680" : 330,
            "16908288" : 479,
            "17170432" : 507,
            "17432576" : 454,
            "17694720" : 244,
            "17956864" : 152,
            "18219008" : 100,
            "18481152" : 110,
            "18743296" : 75,
            "19005440" : 60,
            "19267584" : 35,
            "19529728" : 30,
            "19791872" : 17,
            "20054016" : 19,
            "20316160" : 9,
            "20578304" : 6,
            "20840448" : 5,
            "21364736" : 1,
            "22937600" : 7,
            "23199744" : 9,
            "23461888" : 15,
            "23724032" : 14,
            "23986176" : 37,
            "24248320" : 47,
            "24510464" : 98,
            "24772608" : 127,
            "25034752" : 184,
            "25296896" : 424,
            "25559040" : 1152,
            "25821184" : 3089,
            "26083328" : 2294,
            "26345472" : 1816,
            "26607616" : 1582,
            "26869760" : 1289,
            "27131904" : 1184,
            "27394048" : 1201,
            "27656192" : 976,
            "27918336" : 677,
            "28180480" : 525,
            "28442624" : 344,
            "28704768" : 351,
            "28966912" : 259,
            "29229056" : 250,
            "29491200" : 250,
            "29753344" : 291,
            "30015488" : 291,
            "30277632" : 284,
            "30539776" : 328,
            "30801920" : 394,
            "31064064" : 459,
            "31326208" : 594,
            "31588352" : 757,
            "31850496" : 1022,
            "32112640" : 1466,
            "32374784" : 1917,
            "32636928" : 2672,
            "32899072" : 3612,
            "33161216" : 4885,
            "33423360" : 6402,
            "33816576" : 18146,
            "34340864" : 25344,
            "34865152" : 32062,
            "35389440" : 39023,
            "35913728" : 42457,
            "36438016" : 40469,
            "36962304" : 35012,
            "37486592" : 29750,
            "38010880" : 22296,
            "38535168" : 15634,
            "39059456" : 10768,
            "39583744" : 8943,
            "40108032" : 7881,
            "40632320" : 7279,
            "41156608" : 6834,
            "41680896" : 6078,
            "42205184" : 5501,
            "42729472" : 4582,