{
  "fio version" : "fio-3.8",
  "timestamp" : 1553198311,
  "timestamp_ms" : 1553198311339,
  "time" : "Thu Mar 21 12:58:31 2019",
  "jobs" : [
    {
      "jobname" : "wipc",
      "groupid" : 0,
      "error" : 0,
      "eta" : 0,
      "elapsed" : 1449,
      "job options" : {
        "ioengine" : "libaio",
        "group_reporting" : "1",
        "direct" : "1",
        "rw" : "write",
        "bssplit" : "128KB",
        "numjobs" : "2",
        "iodepth" : "16",
        "size" : "75%",
        "io_size" : "128035676160B",
        "filename" : "/dev/sdg"
      },
      "read" : {
        "io_bytes" : 0,
        "io_kbytes" : 0,
        "bw_bytes" : 0,
        "bw" : 0,
        "iops" : 0.000000,
        "runtime" : 0,
        "total_ios" : 0,
        "short_ios" : 0,
        "drop_ios" : 0,
        "slat_ns" : {
          "min" : 0,
          "max" : 0,
          "mean" : 0.000000,
          "stddev" : 0.000000
        },
        "clat_ns" : {
          "min" : 0,
          "max" : 0,
          "mean" : 0.000000,
          "stddev" : 0.000000,
          "percentile" : {
            "1.000000" : 0,
            "5.000000" : 0,
            "10.000000" : 0,
            "20.000000" : 0,
            "30.000000" : 0,
            "40.000000" : 0,
            "50.000000" : 0,
            "60.000000" : 0,
            "70.000000" : 0,
            "80.000000" : 0,
            "90.000000" : 0,
            "95.000000" : 0,
            "99.000000" : 0,
            "99.500000" : 0,
            "99.900000" : 0,
            "99.950000" : 0,
            "99.990000" : 0
          },
          "bins" : {

          }
        },
        "lat_ns" : {
          "min" : 0,
          "max" : 0,
          "mean" : 0.000000,
          "stddev" : 0.000000
        },
        "bw_min" : 0,
        "bw_max" : 0,
        "bw_agg" : 0.000000,
        "bw_mean" : 0.000000,
        "bw_dev" : 0.000000,
        "bw_samples" : 0,
        "iops_min" : 0,
        "iops_max" : 0,
        "iops_mean" : 0.000000,
        "iops_stddev" : 0.000000,
        "iops_samples" : 0
      },
      "write" : {
        "io_bytes" : 256071434240,
        "io_kbytes" : 250069760,
        "bw_bytes" : 176776302,
        "bw" : 172633,
        "iops" : 1348.696155,
        "runtime" : 1448562,
        "total_ios" : 1953670,
        "short_ios" : 0,
        "drop_ios" : 0,
        "slat_ns" : {
          "min" : 5318,
          "max" : 333737,
          "mean" : 13446.160638,
          "stddev" : 3091.872945
        },
        "clat_ns" : {
          "min" : 892550,
          "max" : 123144929,
          "mean" : 23709613.539086,
          "stddev" : 15488552.718122,
          "percentile" : {
            "1.000000" : 12779520,
            "5.000000" : 13041664,
            "10.000000" : 13172736,
            "20.000000" : 13434880,
            "30.000000" : 13697024,
            "40.000000" : 13959168,
            "50.000000" : 14352384,
            "60.000000" : 14876672,
            "70.000000" : 32636928,
            "80.000000" : 35913728,
            "90.000000" : 53739520,
            "95.000000" : 56360960,
            "99.000000" : 62128128,
            "99.500000" : 64749568,
            "99.900000" : 80216064,
            "99.950000" : 87556096,
            "99.990000" : 103284736
          },
          "bins" : {
            "888832" : 1,
            "1449984" : 1,
            "1515520" : 1,
            "2277376" : 1,
            "2703360" : 1,
            "3096576" : 1,
            "3489792" : 1,
            "3850240" : 1,
            "4292608" : 1,
            "4685824" : 1,
            "4947968" : 1,
            "5537792" : 1,
            "5931008" : 1,
            "6193152" : 1,
            "6258688" : 1,
            "6324224" : 1,
            "6389760" : 1,
            "6520832" : 7,
            "6586368" : 18,
            "6651904" : 9,
            "6717440" : 13,
            "6782976" : 3,
            "6848512" : 2,
            "6914048" : 8,
            "6979584" : 2,
            "7045120" : 1,
            "7110656" : 1,
            "7176192" : 5,
            "7307264" : 5,
            "7372800" : 2,
            "7503872" : 1,
            "7569408" : 1,
            "7634944" : 1,
            "7962624" : 3,
            "8028160" : 1,
            "8093696" : 2,
            "8290304" : 1,
            "8355840" : 2,
            "8454144" : 23,
            "8585216" : 7,
            "8716288" : 3,
            "8847360" : 8,
            "8978432" : 5,
            "9109504" : 2,
            "9240576" : 3,
            "9371648" : 1,
            "9502720" : 1,
            "9633792" : 1,
            "9764864" : 2,
            "9895936" : 7,
            "10027008" : 1,
            "10158080" : 3,
            "10289152" : 4,
            "10420224" : 1,
            "10682368" : 4,
            "10813440" : 5,
            "10944512" : 2,
            "11075584" : 1,
            "11206656" : 2,
            "11337728" : 1,
            "11599872" : 1,
            "11730944" : 3,
            "11862016" : 2,
            "11993088" : 18,
            "12124160" : 20,
            "12255232" : 43,
            "12386304" : 213,
            "12517376" : 751,
            "12648448" : 3980,
            "12779520" : 24099,
            "12910592" : 65834,
            "13041664" : 87424,
            "13172736" : 94478,
            "13303808" : 90766,
            "13434880" : 88426,
            "13565952" : 96763,
            "13697024" : 103738,
            "13828096" : 90163,
            "13959168" : 67797,
            "14090240" : 53102,
            "14221312" : 51661,
            "14352384" : 57727,
            "14483456" : 60330,
            "14614528" : 55037,
            "14745600" : 45388,
            "14876672" : 39416,
            "15007744" : 33886,
            "15138816" : 27173,
            "15269888" : 21065,
            "15400960" : 15835,
            "15532032" : 11117,
            "15663104" : 7982,
            "15794176" : 5761,
            "15925248" : 4361,
            "16056320" : 3119,
            "16187392" : 2519,
            "16318464" : 1938,
            "16449536" : 1576,
            "16580608" : 1555,
            "16711680" : 1021,
            "16908288" : 1515,
            "17170432" : 769,
            "17432576" : 325,
            "17694720" : 139,
            "17956864" : 59,
            "18219008" : 33,
            "18481152" : 15,
            "18743296" : 25,
            "19005440" : 39,
            "19267584" : 47,
            "19529728" : 58,
            "19791872" : 59,
            "20054016" : 80,
            "20316160" : 80,
            "20578304" : 75,
            "20840448" : 59,
            "21102592" : 44,
            "21364736" : 48,
            "21626880" : 35,
            "21889024" : 18,
            "22151168" : 17,
            "22413312" : 10,
            "22675456" : 4,
            "23199744" : 3,
            "23461888" : 1,
            "23724032" : 11,
            "23986176" : 2,
            "24248320" : 12,
            "24510464" : 4,
            "24772608" : 3,
            "25034752" : 5,
            "25296896" : 4,
            "25559040" : 19,
            "25821184" : 26,
            "26083328" : 32,
            "26345472" : 44,
            "26607616" : 57,
            "26869760" : 68,
            "27131904" : 88,
            "27394048" : 95,
            "27656192" : 133,
            "27918336" : 132,
            "28180480" : 190,
            "28442624" : 594,
            "28704768" : 3389,
            "28966912" : 5285,
            "29229056" : 2943,
            "29491200" : 1528,
            "29753344" : 1134,
            "30015488" : 1234,
            "30277632" : 1984,
            "30539776" : 1924,
            "30801920" : 1597,
            "31064064" : 1475,
            "31326208" : 2007,
            "31588352" : 2580,
            "31850496" : 3578,
            "32112640" : 4888,
            "32374784" : 6341,
            "32636928" : 8040,