{
  "fio version" : "fio-3.8",
  "timestamp" : 1553185556,
  "timestamp_ms" : 1553185556312,
  "time" : "Thu Mar 21 09:25:56 2019",
  "jobs" : [
    {
      "jobname" : "wipc",
      "groupid" : 0,
      "error" : 0,
      "eta" : 0,
      "elapsed" : 1383,
      "job options" : {
        "ioengine" : "libaio",
        "group_reporting" : "1",
        "direct" : "1",
        "rw" : "write",
        "bssplit" : "128KB",
        "numjobs" : "2",
        "iodepth" : "16",
        "size" : "75%",
        "io_size" : "128035676160B",
        "filename" : "/dev/sdg"
      },
      "read" : {
        "io_bytes" : 0,
        "io_kbytes" : 0,
        "bw_bytes" : 0,
        "bw" : 0,
        "iops" : 0.000000,
        "runtime" : 0,
        "total_ios" : 0,
        "short_ios" : 0,
        "drop_ios" : 0,
        "slat_ns" : {
          "min" : 0,
          "max" : 0,
          "mean" : 0.000000,
          "stddev" : 0.000000
        },
        "clat_ns" : {
          "min" : 0,
          "max" : 0,
          "mean" : 0.000000,
          "stddev" : 0.000000,
          "percentile" : {
            "1.000000" : 0,
            "5.000000" : 0,
            "10.000000" : 0,
            "20.000000" : 0,
            "30.000000" : 0,
            "40.000000" : 0,
            "50.000000" : 0,
            "60.000000" : 0,
            "70.000000" : 0,
            "80.000000" : 0,
            "90.000000" : 0,
            "95.000000" : 0,
            "99.000000" : 0,
            "99.500000" : 0,
            "99.900000" : 0,
            "99.950000" : 0,
            "99.990000" : 0
          },
          "bins" : {

          }
        },
        "lat_ns" : {
          "min" : 0,
          "max" : 0,
          "mean" : 0.000000,
          "stddev" : 0.000000
        },
        "bw_min" : 0,
        "bw_max" : 0,
        "bw_agg" : 0.000000,
        "bw_mean" : 0.000000,
        "bw_dev" : 0.000000,
        "bw_samples" : 0,
        "iops_min" : 0,
        "iops_max" : 0,
        "iops_mean" : 0.000000,
        "iops_stddev" : 0.000000,
        "iops_samples" : 0
      },
      "write" : {
        "io_bytes" : 256071434240,
        "io_kbytes" : 250069760,
        "bw_bytes" : 185232705,
        "bw" : 180891,
        "iops" : 1413.213390,
        "runtime" : 1382431,
        "total_ios" : 1953670,
        "short_ios" : 0,
        "drop_ios" : 0,
        "slat_ns" : {
          "min" : 5319,
          "max" : 353534,
          "mean" : 11946.043289,
          "stddev" : 3377.204520
        },
        "clat_ns" : {
          "min" : 915773,
          "max" : 124890222,
          "mean" : 22628696.561313,
          "stddev" : 15867961.050908,
          "percentile" : {
            "1.000000" : 12648448,
            "5.000000" : 12779520,
            "10.000000" : 13041664,
            "20.000000" : 13172736,
            "30.000000" : 13434880,
            "40.000000" : 13697024,
            "50.000000" : 13959168,
            "60.000000" : 14352384,
            "70.000000" : 15007744,
            "80.000000" : 35389440,
            "90.000000" : 54263808,
            "95.000000" : 56360960,
            "99.000000" : 62128128,
            "99.500000" : 64225280,
            "99.900000" : 81264640,
            "99.950000" : 88604672,
            "99.990000" : 108527616
          },
          "bins" : {
            "913408" : 1,
            "1482752" : 2,
            "2113536" : 1,
            "2277376" : 1,
            "2637824" : 1,
            "3031040" : 1,
            "3424256" : 1,
            "3784704" : 1,
            "4227072" : 1,
            "4620288" : 1,
            "4947968" : 1,
            "5406720" : 1,
            "5799936" : 1,
            "6193152" : 1,
            "6586368" : 1,
            "6979584" : 1,
            "7438336" : 1,
            "7831552" : 1,
            "8224768" : 1,
            "8585216" : 1,
            "8978432" : 1,
            "9371648" : 3,
            "9764864" : 1,
            "9895936" : 1,
            "10158080" : 1,
            "10551296" : 1,
            "10944512" : 1,
            "11337728" : 3,
            "11468800" : 44,
            "11599872" : 154,
            "11730944" : 179,
            "11862016" : 146,
            "11993088" : 192,
            "12124160" : 201,
            "12255232" : 333,
            "12386304" : 1564,
            "12517376" : 8809,
            "12648448" : 28155,
            "12779520" : 58707,
            "12910592" : 89859,
            "13041664" : 103254,
            "13172736" : 106235,
            "13303808" : 116494,
            "13434880" : 124413,
            "13565952" : 125393,
            "13697024" : 105308,
            "13828096" : 77517,
            "13959168" : 64062,
            "14090240" : 64055,
            "14221312" : 62751,
            "14352384" : 56804,
            "14483456" : 48539,
            "14614528" : 40629,
            "14745600" : 37385,
            "14876672" : 32299,
            "15007744" : 25706,
            "15138816" : 18804,
            "15269888" : 12657,
            "15400960" : 7114,
            "15532032" : 3820,
            "15663104" : 2097,
            "15794176" : 1270,
            "15925248" : 687,
            "16056320" : 407,
            "16187392" : 229,
            "16318464" : 106,
            "16449536" : 64,
            "16580608" : 61,
            "16711680" : 87,
            "16908288" : 209,
            "17170432" : 169,
            "17432576" : 73,
            "17694720" : 26,
            "17956864" : 10,
            "18219008" : 5,
            "18481152" : 16,
            "18743296" : 40,
            "19005440" : 58,
            "19267584" : 91,
            "19529728" : 91,
            "19791872" : 87,
            "20054016" : 80,
            "20316160" : 78,
            "20578304" : 60,
            "20840448" : 57,
            "21102592" : 43,
            "21364736" : 23,
            "21626880" : 20,
            "21889024" : 4,
            "22151168" : 3,
            "22413312" : 3,
            "22675456" : 1,
            "22937600" : 1,
            "23199744" : 1,
            "23724032" : 3,
            "24248320" : 5,
            "24510464" : 5,
            "24772608" : 4,
            "25034752" : 9,
            "25296896" : 12,
            "25559040" : 27,
            "25821184" : 43,
            "26083328" : 53,
            "26345472" : 52,
            "26607616" : 69,
            "26869760" : 72,
            "27131904" : 127,
            "27394048" : 176,
            "27656192" : 312,
            "27918336" : 412,
            "28180480" : 617,
            "28442624" : 3552,
            "28704768" : 5766,
            "28966912" : 3336,
            "29229056" : 2160,
            "29491200" : 1706,
            "29753344" : 1285,
            "30015488" : 1240,
            "30277632" : 1007,
            "30539776" : 898,
            "30801920" : 1133,
            "31064064" : 1419,
            "31326208" : 1776,
            "31588352" : 2235,
            "31850496" : 2897,
            "32112640" : 3745,
            "32374784" : 4528,
            "32636928" : 5587,
            "32899072" : 6449,
            "33161216" : 7203,
            "33423360" : 7721,
            "33816576" : 17560,
            "34340864" : 20217,
            "34865152" : 21386,
            "35389440" : 19072,
            "35913728" : 17043,
            "36438016" : 14707,
            "36962304" : 11635,
            "37486592" : 8052,
            "38010880" : 6111,
            "38535168" : 4913,
            "39059456" : 4181,
            "39583744" : 3619,
            "40108032" : 3037,
            "40632320" : 2481,
            "41156608" : 1992,
            "41680896" : 1420,
            "42205184" : 906,
            "42729472" : 540,
            "43253760" : 317,
            "43778048" : 199,
            "44302336" : 187,
            "44826624" : 262,
            "45350912" : 467,
            "45875200" : 632,
            "46399488" : 768,