{
  "fio version" : "fio-3.8",
  "timestamp" : 1542897072,
  "timestamp_ms" : 1542897072744,
  "time" : "Thu Nov 22 14:31:12 2018",
  "jobs" : [
    {
      "jobname" : "wipc",
      "groupid" : 0,
      "error" : 0,
      "eta" : 0,
      "elapsed" : 1453,
      "job options" : {
        "ioengine" : "libaio",
        "group_reporting" : "1",
        "direct" : "1",
        "rw" : "write",
        "bssplit" : "128KB",
        "numjobs" : "2",
        "iodepth" : "16",
        "size" : "75%",
        "io_size" : "128035676160B",
        "filename" : "/dev/sda"
      },
      "read" : {
        "io_bytes" : 0,
        "io_kbytes" : 0,
        "bw_bytes" : 0,
        "bw" : 0,
        "iops" : 0.000000,
        "runtime" : 0,
        "total_ios" : 0,
        "short_ios" : 0,
        "drop_ios" : 0,
        "slat_ns" : {
          "min" : 0,
          "max" : 0,
          "mean" : 0.000000,
          "stddev" : 0.000000
        },
        "clat_ns" : {
          "min" : 0,
          "max" : 0,
          "mean" : 0.000000,
          "stddev" : 0.000000,
          "percentile" : {
            "1.000000" : 0,
            "5.000000" : 0,
            "10.000000" : 0,
            "20.000000" : 0,
            "30.000000" : 0,
            "40.000000" : 0,
            "50.000000" : 0,
            "60.000000" : 0,
            "70.000000" : 0,
            "80.000000" : 0,
            "90.000000" : 0,
            "95.000000" : 0,
            "99.000000" : 0,
            "99.500000" : 0,
            "99.900000" : 0,
            "99.950000" : 0,
            "99.990000" : 0
          },
          "bins" : {

          }
        },
        "lat_ns" : {
          "min" : 0,
          "max" : 0,
          "mean" : 0.000000,
          "stddev" : 0.000000
        },
        "bw_min" : 0,
        "bw_max" : 0,
        "bw_agg" : 0.000000,
        "bw_mean" : 0.000000,
        "bw_dev" : 0.000000,
        "bw_samples" : 0,
        "iops_min" : 0,
        "iops_max" : 0,
        "iops_mean" : 0.000000,
        "iops_stddev" : 0.000000,
        "iops_samples" : 0
      },
      "write" : {
        "io_bytes" : 256071434240,
        "io_kbytes" : 250069760,
        "bw_bytes" : 176360044,
        "bw" : 172226,
        "iops" : 1345.520361,
        "runtime" : 1451981,
        "total_ios" : 1953670,
        "short_ios" : 0,
        "drop_ios" : 0,
        "slat_ns" : {
          "min" : 22166,
          "max" : 15206333,
          "mean" : 59406.103110,
          "stddev" : 69945.424343
        },
        "clat_ns" : {
          "min" : 2201000,
          "max" : 119807417,
          "mean" : 23714243.007772,
          "stddev" : 15945227.128867,
          "percentile" : {
            "1.000000" : 12386304,
            "5.000000" : 12648448,
            "10.000000" : 12910592,
            "20.000000" : 13172736,
            "30.000000" : 13434880,
            "40.000000" : 13697024,
            "50.000000" : 14090240,
            "60.000000" : 14745600,
            "70.000000" : 33423360,
            "80.000000" : 36962304,
            "90.000000" : 54788096,
            "95.000000" : 57409536,
            "99.000000" : 63176704,
            "99.500000" : 65273856,
            "99.900000" : 78118912,
            "99.950000" : 85458944,
            "99.990000" : 98041856
          },
          "bins" : {
            "2211840" : 1,
            "2277376" : 4,
            "2310144" : 2,
            "2670592" : 1,
            "2965504" : 1,
            "3194880" : 1,
            "3260416" : 1,
            "3457024" : 1,
            "3489792" : 1,
            "3719168" : 1,
            "4014080" : 1,
            "4046848" : 1,
            "4489216" : 1,
            "4751360" : 1,
            "4816896" : 1,
            "4947968" : 1,
            "5013504" : 1,
            "5079040" : 4,
            "5144576" : 1,
            "5275648" : 1,
            "5341184" : 1,
            "5406720" : 4,
            "5472256" : 1,
            "5537792" : 1,
            "5603328" : 3,
            "5668864" : 1,
            "5799936" : 4,
            "5865472" : 1,
            "5931008" : 1,
            "5996544" : 2,
            "6062080" : 1,
            "6127616" : 1,
            "6258688" : 5,
            "6324224" : 4,
            "6389760" : 4,
            "6455296" : 2,
            "6520832" : 6,
            "6586368" : 9,
            "6651904" : 6,
            "6717440" : 6,
            "6782976" : 9,
            "6848512" : 5,
            "6914048" : 9,
            "6979584" : 15,
            "7045120" : 12,
            "7110656" : 13,
            "7176192" : 13,
            "7241728" : 13,
            "7307264" : 17,
            "7372800" : 20,
            "7438336" : 20,
            "7503872" : 21,
            "7569408" : 17,
            "7634944" : 16,
            "7700480" : 27,
            "7766016" : 16,
            "7831552" : 14,
            "7897088" : 31,
            "7962624" : 26,
            "8028160" : 26,
            "8093696" : 30,
            "8159232" : 23,
            "8224768" : 15,
            "8290304" : 33,
            "8355840" : 21,
            "8454144" : 64,
            "8585216" : 70,
            "8716288" : 84,
            "8847360" : 82,
            "8978432" : 82,
            "9109504" : 88,
            "9240576" : 105,
            "9371648" : 99,
            "9502720" : 139,
            "9633792" : 135,
            "9764864" : 151,
            "9895936" : 186,
            "10027008" : 184,
            "10158080" : 214,
            "10289152" : 242,
            "10420224" : 225,
            "10551296" : 259,
            "10682368" : 343,
            "10813440" : 355,
            "10944512" : 422,
            "11075584" : 506,
            "11206656" : 624,
            "11337728" : 702,
            "11468800" : 691,
            "11599872" : 740,
            "11730944" : 902,
            "11862016" : 1265,
            "11993088" : 1737,
            "12124160" : 2661,
            "12255232" : 4764,
            "12386304" : 10672,
            "12517376" : 24772,
            "12648448" : 48574,
            "12779520" : 75254,
            "12910592" : 96306,
            "13041664" : 104955,
            "13172736" : 102056,
            "13303808" : 97363,
            "13434880" : 91921,
            "13565952" : 83474,
            "13697024" : 76093,
            "13828096" : 65278,
            "13959168" : 54159,
            "14090240" : 47068,
            "14221312" : 42818,
            "14352384" : 38798,
            "14483456" : 37805,
            "14614528" : 35271,
            "14745600" : 32417,
            "14876672" : 27928,
            "15007744" : 23725,
            "15138816" : 19546,
            "15269888" : 14848,
            "15400960" : 11614,
            "15532032" : 8860,
            "15663104" : 7003,
            "15794176" : 5560,
            "15925248" : 4346,
            "16056320" : 3304,
            "16187392" : 2594,
            "16318464" : 2269,
            "16449536" : 1593,
            "16580608" : 1281,
            "16711680" : 1018,
            "16908288" : 1571,
            "17170432" : 900,
            "17432576" : 705,
            "17694720" : 562,
            "17956864" : 409,
            "18219008" : 370,
            "18481152" : 328,
            "18743296" : 280,
            "19005440" : 270,
            "19267584" : 204,
            "19529728" : 214,
            "19791872" : 190,
            "20054016" : 163,
            "20316160" : 111,
            "20578304" : 90,
            "20840448" : 77,
            "21102592" : 64,
            "21364736" : 42,
            "21626880" : 40,
            "21889024" : 40,
            "22151168" : 34,
            "22413312" : 38,
            "22675456" : 28,
            "22937600" : 27,
            "23199744" : 22,
            "23461888" : 31,
            "23724032" : 20,
            "23986176" : 34,
            "24248320" : 58,
            "24510464" : 77,
            "24772608" : 116,