{
  "fio version" : "fio-3.8",
  "timestamp" : 1542521651,
  "timestamp_ms" : 1542521651543,
  "time" : "Sun Nov 18 06:14:11 2018",
  "jobs" : [
    {
      "jobname" : "wipc",
      "groupid" : 0,
      "error" : 0,
      "eta" : 0,
      "elapsed" : 1395,
      "job options" : {
        "ioengine" : "libaio",
        "group_reporting" : "1",
        "direct" : "1",
        "rw" : "write",
        "bssplit" : "128KB",
        "numjobs" : "2",
        "iodepth" : "16",
        "size" : "75%",
        "io_size" : "128035676160B",
        "filename" : "/dev/sda"
      },
      "read" : {
        "io_bytes" : 0,
        "io_kbytes" : 0,
        "bw_bytes" : 0,
        "bw" : 0,
        "iops" : 0.000000,
        "runtime" : 0,
        "total_ios" : 0,
        "short_ios" : 0,
        "drop_ios" : 0,
        "slat_ns" : {
          "min" : 0,
          "max" : 0,
          "mean" : 0.000000,
          "stddev" : 0.000000
        },
        "clat_ns" : {
          "min" : 0,
          "max" : 0,
          "mean" : 0.000000,
          "stddev" : 0.000000,
          "percentile" : {
            "1.000000" : 0,
            "5.000000" : 0,
            "10.000000" : 0,
            "20.000000" : 0,
            "30.000000" : 0,
            "40.000000" : 0,
            "50.000000" : 0,
            "60.000000" : 0,
            "70.000000" : 0,
            "80.000000" : 0,
            "90.000000" : 0,
            "95.000000" : 0,
            "99.000000" : 0,
            "99.500000" : 0,
            "99.900000" : 0,
            "99.950000" : 0,
            "99.990000" : 0
          },
          "bins" : {

          }
        },
        "lat_ns" : {
          "min" : 0,
          "max" : 0,
          "mean" : 0.000000,
          "stddev" : 0.000000
        },
        "bw_min" : 0,
        "bw_max" : 0,
        "bw_agg" : 0.000000,
        "bw_mean" : 0.000000,
        "bw_dev" : 0.000000,
        "bw_samples" : 0,
        "iops_min" : 0,
        "iops_max" : 0,
        "iops_mean" : 0.000000,
        "iops_stddev" : 0.000000,
        "iops_samples" : 0
      },
      "write" : {
        "io_bytes" : 256071434240,
        "io_kbytes" : 250069760,
        "bw_bytes" : 183626013,
        "bw" : 179322,
        "iops" : 1400.955306,
        "runtime" : 1394527,
        "total_ios" : 1953670,
        "short_ios" : 0,
        "drop_ios" : 0,
        "slat_ns" : {
          "min" : 21875,
          "max" : 22397666,
          "mean" : 58368.868279,
          "stddev" : 67573.058658
        },
        "clat_ns" : {
          "min" : 2193333,
          "max" : 129586458,
          "mean" : 22775222.248420,
          "stddev" : 15726398.314478,
          "percentile" : {
            "1.000000" : 12386304,
            "5.000000" : 12779520,
            "10.000000" : 12910592,
            "20.000000" : 13172736,
            "30.000000" : 13434880,
            "40.000000" : 13565952,
            "50.000000" : 13959168,
            "60.000000" : 14483456,
            "70.000000" : 15663104,
            "80.000000" : 36438016,
            "90.000000" : 54788096,
            "95.000000" : 57409536,
            "99.000000" : 63700992,
            "99.500000" : 65273856,
            "99.900000" : 78118912,
            "99.950000" : 87556096,
            "99.990000" : 102236160
          },
          "bins" : {
            "2179072" : 1,
            "2211840" : 2,
            "2244608" : 3,
            "2310144" : 1,
            "2703360" : 1,
            "3096576" : 3,
            "3325952" : 1,
            "3358720" : 1,
            "3424256" : 1,
            "3489792" : 1,
            "3522560" : 2,
            "3686400" : 1,
            "4227072" : 1,
            "4292608" : 1,
            "4358144" : 2,
            "4554752" : 1,
            "4620288" : 2,
            "4751360" : 1,
            "4816896" : 2,
            "4882432" : 1,
            "4947968" : 2,
            "5013504" : 2,
            "5079040" : 1,
            "5210112" : 2,
            "5275648" : 1,
            "5341184" : 1,
            "5406720" : 1,
            "5472256" : 2,
            "5537792" : 2,
            "5603328" : 1,
            "5668864" : 3,
            "5734400" : 7,
            "5799936" : 5,
            "5865472" : 3,
            "5931008" : 3,
            "5996544" : 5,
            "6062080" : 2,
            "6127616" : 6,
            "6193152" : 7,
            "6258688" : 6,
            "6324224" : 5,
            "6389760" : 9,
            "6455296" : 4,
            "6520832" : 12,
            "6586368" : 8,
            "6651904" : 23,
            "6717440" : 14,
            "6782976" : 14,
            "6848512" : 28,
            "6914048" : 22,
            "6979584" : 16,
            "7045120" : 18,
            "7110656" : 22,
            "7176192" : 18,
            "7241728" : 14,
            "7307264" : 35,
            "7372800" : 40,
            "7438336" : 19,
            "7503872" : 18,
            "7569408" : 30,
            "7634944" : 18,
            "7700480" : 26,
            "7766016" : 19,
            "7831552" : 31,
            "7897088" : 26,
            "7962624" : 16,
            "8028160" : 28,
            "8093696" : 37,
            "8159232" : 31,
            "8224768" : 31,
            "8290304" : 34,
            "8355840" : 29,
            "8454144" : 66,
            "8585216" : 68,
            "8716288" : 82,
            "8847360" : 79,
            "8978432" : 93,
            "9109504" : 108,
            "9240576" : 111,
            "9371648" : 96,
            "9502720" : 112,
            "9633792" : 115,
            "9764864" : 149,
            "9895936" : 150,
            "10027008" : 157,
            "10158080" : 174,
            "10289152" : 202,
            "10420224" : 252,
            "10551296" : 310,
            "10682368" : 413,
            "10813440" : 392,
            "10944512" : 491,
            "11075584" : 538,
            "11206656" : 601,
            "11337728" : 629,
            "11468800" : 665,
            "11599872" : 678,
            "11730944" : 966,
            "11862016" : 1058,
            "11993088" : 1601,
            "12124160" : 2278,
            "12255232" : 3862,
            "12386304" : 8270,
            "12517376" : 17577,
            "12648448" : 38708,
            "12779520" : 70085,
            "12910592" : 96582,
            "13041664" : 111555,
            "13172736" : 113023,
            "13303808" : 109916,
            "13434880" : 103451,
            "13565952" : 96322,
            "13697024" : 85359,
            "13828096" : 73185,
            "13959168" : 59924,
            "14090240" : 50048,
            "14221312" : 44921,
            "14352384" : 41220,
            "14483456" : 38949,
            "14614528" : 37173,
            "14745600" : 34579,
            "14876672" : 30787,
            "15007744" : 26268,
            "15138816" : 20871,
            "15269888" : 15842,
            "15400960" : 12338,
            "15532032" : 9453,
            "15663104" : 7045,
            "15794176" : 5808,
            "15925248" : 4451,
            "16056320" : 3633,
            "16187392" : 2857,
            "16318464" : 2174,
            "16449536" : 1536,
            "16580608" : 1341,
            "16711680" : 1036,
            "16908288" : 1552,
            "17170432" : 1028,
            "17432576" : 961,
            "17694720" : 739,
            "17956864" : 504,
            "18219008" : 378,
            "18481152" : 347,
            "18743296" : 339,
            "19005440" : 287,
            "19267584" : 269,
            "19529728" : 219,
            "19791872" : 169,
            "20054016" : 143,
            "20316160" : 126,
            "20578304" : 116,
            "20840448" : 84,
            "21102592" : 73,
            "21364736" : 71,
            "21626880" : 58,
            "21889024" : 47,
            "22151168" : 47,
            "22413312" : 58,
            "22675456" : 56,
            "22937600" : 38,