{
  "fio version" : "fio-3.8",
  "timestamp" : 1545231776,
  "timestamp_ms" : 1545231776250,
  "time" : "Wed Dec 19 07:02:56 2018",
  "jobs" : [
    {
      "jobname" : "wipc",
      "groupid" : 0,
      "error" : 0,
      "eta" : 0,
      "elapsed" : 1436,
      "job options" : {
        "ioengine" : "libaio",
        "group_reporting" : "1",
        "direct" : "1",
        "rw" : "write",
        "bssplit" : "128KB",
        "numjobs" : "2",
        "iodepth" : "16",
        "size" : "75%",
        "io_size" : "128035676160B",
        "filename" : "/dev/sdc"
      },
      "read" : {
        "io_bytes" : 0,
        "io_kbytes" : 0,
        "bw_bytes" : 0,
        "bw" : 0,
        "iops" : 0.000000,
        "runtime" : 0,
        "total_ios" : 0,
        "short_ios" : 0,
        "drop_ios" : 0,
        "slat_ns" : {
          "min" : 0,
          "max" : 0,
          "mean" : 0.000000,
          "stddev" : 0.000000
        },
        "clat_ns" : {
          "min" : 0,
          "max" : 0,
          "mean" : 0.000000,
          "stddev" : 0.000000,
          "percentile" : {
            "1.000000" : 0,
            "5.000000" : 0,
            "10.000000" : 0,
            "20.000000" : 0,
            "30.000000" : 0,
            "40.000000" : 0,
            "50.000000" : 0,
            "60.000000" : 0,
            "70.000000" : 0,
            "80.000000" : 0,
            "90.000000" : 0,
            "95.000000" : 0,
            "99.000000" : 0,
            "99.500000" : 0,
            "99.900000" : 0,
            "99.950000" : 0,
            "99.990000" : 0
          },
          "bins" : {

          }
        },
        "lat_ns" : {
          "min" : 0,
          "max" : 0,
          "mean" : 0.000000,
          "stddev" : 0.000000
        },
        "bw_min" : 0,
        "bw_max" : 0,
        "bw_agg" : 0.000000,
        "bw_mean" : 0.000000,
        "bw_dev" : 0.000000,
        "bw_samples" : 0,
        "iops_min" : 0,
        "iops_max" : 0,
        "iops_mean" : 0.000000,
        "iops_stddev" : 0.000000,
        "iops_samples" : 0
      },
      "write" : {
        "io_bytes" : 256071434240,
        "io_kbytes" : 250069760,
        "bw_bytes" : 178357006,
        "bw" : 174176,
        "iops" : 1360.755967,
        "runtime" : 1435724,
        "total_ios" : 1953670,
        "short_ios" : 0,
        "drop_ios" : 0,
        "slat_ns" : {
          "min" : 6782,
          "max" : 373923,
          "mean" : 15379.632056,
          "stddev" : 4696.681351
        },
        "clat_ns" : {
          "min" : 826895,
          "max" : 131747953,
          "mean" : 23494474.119861,
          "stddev" : 15670967.802655,
          "percentile" : {
            "1.000000" : 12910592,
            "5.000000" : 13172736,
            "10.000000" : 13303808,
            "20.000000" : 13565952,
            "30.000000" : 13828096,
            "40.000000" : 14090240,
            "50.000000" : 14352384,
            "60.000000" : 14876672,
            "70.000000" : 27131904,
            "80.000000" : 36962304,
            "90.000000" : 54788096,
            "95.000000" : 57933824,
            "99.000000" : 63700992,
            "99.500000" : 65798144,
            "99.900000" : 78118912,
            "99.950000" : 87556096,
            "99.990000" : 103284736
          },
          "bins" : {
            "823296" : 1,
            "1302528" : 1,
            "1400832" : 1,
            "2039808" : 1,
            "2375680" : 1,
            "2736128" : 1,
            "3260416" : 1,
            "3620864" : 1,
            "4014080" : 1,
            "4423680" : 1,
            "4751360" : 1,
            "5275648" : 1,
            "5603328" : 1,
            "5996544" : 1,
            "6389760" : 1,
            "6717440" : 1,
            "7045120" : 1,
            "7438336" : 1,
            "7766016" : 1,
            "8093696" : 1,
            "8454144" : 1,
            "8847360" : 1,
            "9502720" : 1,
            "9895936" : 1,
            "10289152" : 1,
            "10682368" : 1,
            "11206656" : 4,
            "11337728" : 18,
            "11468800" : 37,
            "11599872" : 86,
            "11730944" : 100,
            "11862016" : 134,
            "11993088" : 166,
            "12124160" : 239,
            "12255232" : 337,
            "12386304" : 549,
            "12517376" : 1195,
            "12648448" : 3792,
            "12779520" : 10350,
            "12910592" : 24706,
            "13041664" : 47824,
            "13172736" : 73228,
            "13303808" : 95020,
            "13434880" : 106450,
            "13565952" : 110263,
            "13697024" : 109232,
            "13828096" : 100673,
            "13959168" : 92591,
            "14090240" : 84074,
            "14221312" : 74404,
            "14352384" : 65040,
            "14483456" : 56296,
            "14614528" : 48614,
            "14745600" : 41045,
            "14876672" : 37431,
            "15007744" : 35376,
            "15138816" : 32089,
            "15269888" : 28012,
            "15400960" : 22039,
            "15532032" : 16971,
            "15663104" : 11995,
            "15794176" : 8146,
            "15925248" : 6062,
            "16056320" : 4148,
            "16187392" : 3000,
            "16318464" : 2255,
            "16449536" : 1662,
            "16580608" : 1338,
            "16711680" : 880,
            "16908288" : 1375,
            "17170432" : 812,
            "17432576" : 394,
            "17694720" : 251,
            "17956864" : 216,
            "18219008" : 88,
            "18481152" : 63,
            "18743296" : 25,
            "19005440" : 18,
            "19267584" : 20,
            "19529728" : 18,
            "19791872" : 43,
            "20054016" : 48,
            "20316160" : 46,
            "20578304" : 56,
            "20840448" : 50,
            "21102592" : 39,
            "21364736" : 25,
            "21626880" : 27,
            "21889024" : 32,
            "22151168" : 15,
            "22413312" : 12,
            "22937600" : 5,
            "23199744" : 5,
            "23461888" : 5,
            "23724032" : 10,
            "23986176" : 2,
            "24248320" : 2,
            "24510464" : 1,
            "24772608" : 5,
            "25034752" : 4,
            "25296896" : 5,
            "25559040" : 12,
            "25821184" : 67,
            "26083328" : 160,
            "26345472" : 282,
            "26607616" : 923,
            "26869760" : 2717,
            "27131904" : 3258,
            "27394048" : 2615,
            "27656192" : 1803,
            "27918336" : 1497,
            "28180480" : 1452,
            "28442624" : 1522,
            "28704768" : 1210,
            "28966912" : 709,
            "29229056" : 500,
            "29491200" : 403,
            "29753344" : 271,
            "30015488" : 236,
            "30277632" : 286,
            "30539776" : 343,
            "30801920" : 351,
            "31064064" : 434,
            "31326208" : 541,
            "31588352" : 773,
            "31850496" : 994,
            "32112640" : 1250,
            "32374784" : 1611,
            "32636928" : 1984,
            "32899072" : 2573,
            "33161216" : 3354,
            "33423360" : 4371,
            "33816576" : 12518,
            "34340864" : 17641,
            "34865152" : 22238,
            "35389440" : 28088,
            "35913728" : 33419,
            "36438016" : 34147,
            "36962304" : 30571,
            "37486592" : 27456,
            "38010880" : 23498,
            "38535168" : 17664,
            "39059456" : 12420,
            "39583744" : 9472,
            "40108032" : 7760,
            "40632320" : 6963,
            "41156608" : 6409,
            "41680896" : 5963,
            "42205184" : 5124,
            "42729472" : 4174,
            "43253760" : 3138,
            "43778048" : 2263,
            "44302336" : 1356,
            "44826624" : 866,
            "45350912" : 535,
            "45875200" : 395,