{
  "fio version" : "fio-3.8",
  "timestamp" : 1554837643,
  "timestamp_ms" : 1554837643352,
  "time" : "Tue Apr  9 12:20:43 2019",
  "jobs" : [
    {
      "jobname" : "wipc",
      "groupid" : 0,
      "error" : 0,
      "eta" : 0,
      "elapsed" : 3867,
      "job options" : {
        "ioengine" : "libaio",
        "group_reporting" : "1",
        "direct" : "1",
        "rw" : "write",
        "bssplit" : "128KB",
        "numjobs" : "2",
        "iodepth" : "16",
        "size" : "75%",
        "io_size" : "960197124096B",
        "filename" : "/dev/nvme0n1"
      },
      "read" : {
        "io_bytes" : 0,
        "io_kbytes" : 0,
        "bw_bytes" : 0,
        "bw" : 0,
        "iops" : 0.000000,
        "runtime" : 0,
        "total_ios" : 0,
        "short_ios" : 0,
        "drop_ios" : 0,
        "slat_ns" : {
          "min" : 0,
          "max" : 0,
          "mean" : 0.000000,
          "stddev" : 0.000000
        },
        "clat_ns" : {
          "min" : 0,
          "max" : 0,
          "mean" : 0.000000,
          "stddev" : 0.000000,
          "percentile" : {
            "1.000000" : 0,
            "5.000000" : 0,
            "10.000000" : 0,
            "20.000000" : 0,
            "30.000000" : 0,
            "40.000000" : 0,
            "50.000000" : 0,
            "60.000000" : 0,
            "70.000000" : 0,
            "80.000000" : 0,
            "90.000000" : 0,
            "95.000000" : 0,
            "99.000000" : 0,
            "99.500000" : 0,
            "99.900000" : 0,
            "99.950000" : 0,
            "99.990000" : 0
          },
          "bins" : {

          }
        },
        "lat_ns" : {
          "min" : 0,
          "max" : 0,
          "mean" : 0.000000,
          "stddev" : 0.000000
        },
        "bw_min" : 0,
        "bw_max" : 0,
        "bw_agg" : 0.000000,
        "bw_mean" : 0.000000,
        "bw_dev" : 0.000000,
        "bw_samples" : 0,
        "iops_min" : 0,
        "iops_max" : 0,
        "iops_mean" : 0.000000,
        "iops_stddev" : 0.000000,
        "iops_samples" : 0
      },
      "write" : {
        "io_bytes" : 1920394330112,
        "io_kbytes" : 1875385088,
        "bw_bytes" : 496707744,
        "bw" : 485066,
        "iops" : 3789.579349,
        "runtime" : 3866246,
        "total_ios" : 14651446,
        "short_ios" : 0,
        "drop_ios" : 0,
        "slat_ns" : {
          "min" : 6245,
          "max" : 18926803,
          "mean" : 14399.400364,
          "stddev" : 8836.168650
        },
        "clat_ns" : {
          "min" : 165271,
          "max" : 61682870,
          "mean" : 8410186.159147,
          "stddev" : 4514003.587080,
          "percentile" : {
            "1.000000" : 2965504,
            "5.000000" : 3522560,
            "10.000000" : 3948544,
            "20.000000" : 4620288,
            "30.000000" : 5079040,
            "40.000000" : 5668864,
            "50.000000" : 6586368,
            "60.000000" : 8585216,
            "70.000000" : 10944512,
            "80.000000" : 12648448,
            "90.000000" : 14483456,
            "95.000000" : 16580608,
            "99.000000" : 20578304,
            "99.500000" : 22937600,
            "99.900000" : 31326208,
            "99.950000" : 33423360,
            "99.990000" : 36962304
          },
          "bins" : {
            "164864" : 1,
            "175104" : 1,
            "201728" : 1,
            "205824" : 1,
            "218112" : 1,
            "224256" : 1,
            "643072" : 1,
            "724992" : 1,
            "872448" : 1,
            "995328" : 1,
            "1028096" : 1,
            "1253376" : 1,
            "1400832" : 1,
            "1417216" : 1,
            "1515520" : 1,
            "1531904" : 2,
            "1564672" : 1,
            "1613824" : 1,
            "1777664" : 1,
            "2088960" : 1,
            "2146304" : 1,
            "2211840" : 1,
            "2244608" : 5,
            "2277376" : 6,
            "2310144" : 5,
            "2342912" : 15,
            "2375680" : 18,
            "2408448" : 30,
            "2441216" : 54,
            "2473984" : 109,
            "2506752" : 187,
            "2539520" : 486,
            "2572288" : 905,
            "2605056" : 2063,
            "2637824" : 3946,
            "2670592" : 6768,
            "2703360" : 10032,
            "2736128" : 13044,
            "2768896" : 15036,
            "2801664" : 16570,
            "2834432" : 17403,
            "2867200" : 17909,
            "2899968" : 17634,
            "2932736" : 17681,
            "2965504" : 18642,
            "2998272" : 19575,
            "3031040" : 21322,
            "3063808" : 23889,
            "3096576" : 26545,
            "3129344" : 28923,
            "3162112" : 31334,
            "3194880" : 32789,
            "3227648" : 33393,
            "3260416" : 34803,
            "3293184" : 35793,
            "3325952" : 37798,
            "3358720" : 40263,
            "3391488" : 41741,
            "3424256" : 43120,
            "3457024" : 42658,
            "3489792" : 43772,
            "3522560" : 45262,
            "3555328" : 48137,
            "3588096" : 52066,
            "3620864" : 54399,
            "3653632" : 56562,
            "3686400" : 56710,
            "3719168" : 57520,
            "3751936" : 57973,
            "3784704" : 60274,
            "3817472" : 63764,
            "3850240" : 66394,
            "3883008" : 67753,
            "3915776" : 67806,
            "3948544" : 66899,
            "3981312" : 66607,
            "4014080" : 67718,
            "4046848" : 69534,
            "4079616" : 71464,
            "4112384" : 73118,
            "4145152" : 74166,
            "4177920" : 74605,
            "4227072" : 147462,
            "4292608" : 146698,
            "4358144" : 148820,
            "4423680" : 146997,
            "4489216" : 145291,
            "4554752" : 152356,
            "4620288" : 162709,
            "4685824" : 168973,
            "4751360" : 177626,
            "4816896" : 199991,
            "4882432" : 228725,
            "4947968" : 238204,
            "5013504" : 233108,
            "5079040" : 222391,
            "5144576" : 205166,
            "5210112" : 186026,
            "5275648" : 174076,
            "5341184" : 164836,
            "5406720" : 153159,
            "5472256" : 144890,
            "5537792" : 140222,
            "5603328" : 138364,
            "5668864" : 132179,
            "5734400" : 126242,
            "5799936" : 121375,
            "5865472" : 118293,
            "5931008" : 112768,
            "5996544" : 108386,
            "6062080" : 107748,
            "6127616" : 104070,
            "6193152" : 97041,
            "6258688" : 91747,
            "6324224" : 87752,
            "6389760" : 82248,
            "6455296" : 77386,
            "6520832" : 74617,
            "6586368" : 72202,
            "6651904" : 68857,
            "6717440" : 66187,
            "6782976" : 63074,
            "6848512" : 61414,
            "6914048" : 59288,
            "6979584" : 58138,
            "7045120" : 59536,
            "7110656" : 59794,
            "7176192" : 59276,
            "7241728" : 60168,
            "7307264" : 60756,
            "7372800" : 58908,
            "7438336" : 55315,
            "7503872" : 49918,
            "7569408" : 45788,
            "7634944" : 41942,
            "7700480" : 39597,
            "7766016" : 37724,
            "7831552" : 36912,
            "7897088" : 36022,
            "7962624" : 35204,
            "8028160" : 35057,
            "8093696" : 34290,
            "8159232" : 34509,
            "8224768" : 34479,
            "8290304" : 34894,
            "8355840" : 34225,
            "8454144" : 68948,
            "8585216" : 69736,
            "8716288" : 70680,
            "8847360" : 72003,
            "8978432" : 72342,
            "9109504" : 72424,
            "9240576" : 73142,
            "9371648" : 75039,