{
  "fio version" : "fio-3.8",
  "timestamp" : 1553208537,
  "timestamp_ms" : 1553208537984,
  "time" : "Thu Mar 21 15:48:57 2019",
  "jobs" : [
    {
      "jobname" : "wipc",
      "groupid" : 0,
      "error" : 0,
      "eta" : 0,
      "elapsed" : 1485,
      "job options" : {
        "ioengine" : "libaio",
        "group_reporting" : "1",
        "direct" : "1",
        "rw" : "write",
        "bssplit" : "128KB",
        "numjobs" : "2",
        "iodepth" : "16",
        "size" : "75%",
        "io_size" : "128035676160B",
        "filename" : "/dev/sdh"
      },
      "read" : {
        "io_bytes" : 0,
        "io_kbytes" : 0,
        "bw_bytes" : 0,
        "bw" : 0,
        "iops" : 0.000000,
        "runtime" : 0,
        "total_ios" : 0,
        "short_ios" : 0,
        "drop_ios" : 0,
        "slat_ns" : {
          "min" : 0,
          "max" : 0,
          "mean" : 0.000000,
          "stddev" : 0.000000
        },
        "clat_ns" : {
          "min" : 0,
          "max" : 0,
          "mean" : 0.000000,
          "stddev" : 0.000000,
          "percentile" : {
            "1.000000" : 0,
            "5.000000" : 0,
            "10.000000" : 0,
            "20.000000" : 0,
            "30.000000" : 0,
            "40.000000" : 0,
            "50.000000" : 0,
            "60.000000" : 0,
            "70.000000" : 0,
            "80.000000" : 0,
            "90.000000" : 0,
            "95.000000" : 0,
            "99.000000" : 0,
            "99.500000" : 0,
            "99.900000" : 0,
            "99.950000" : 0,
            "99.990000" : 0
          },
          "bins" : {

          }
        },
        "lat_ns" : {
          "min" : 0,
          "max" : 0,
          "mean" : 0.000000,
          "stddev" : 0.000000
        },
        "bw_min" : 0,
        "bw_max" : 0,
        "bw_agg" : 0.000000,
        "bw_mean" : 0.000000,
        "bw_dev" : 0.000000,
        "bw_samples" : 0,
        "iops_min" : 0,
        "iops_max" : 0,
        "iops_mean" : 0.000000,
        "iops_stddev" : 0.000000,
        "iops_samples" : 0
      },
      "write" : {
        "io_bytes" : 256071434240,
        "io_kbytes" : 250069760,
        "bw_bytes" : 172494896,
        "bw" : 168452,
        "iops" : 1316.031622,
        "runtime" : 1484516,
        "total_ios" : 1953670,
        "short_ios" : 0,
        "drop_ios" : 0,
        "slat_ns" : {
          "min" : 6980,
          "max" : 367107,
          "mean" : 17219.147727,
          "stddev" : 4960.604040
        },
        "clat_ns" : {
          "min" : 808379,
          "max" : 127404798,
          "mean" : 24288035.289714,
          "stddev" : 15769925.546037,
          "percentile" : {
            "1.000000" : 12779520,
            "5.000000" : 13172736,
            "10.000000" : 13303808,
            "20.000000" : 13565952,
            "30.000000" : 13828096,
            "40.000000" : 14221312,
            "50.000000" : 14614528,
            "60.000000" : 15269888,
            "70.000000" : 33816576,
            "80.000000" : 36962304,
            "90.000000" : 54788096,
            "95.000000" : 57933824,
            "99.000000" : 63700992,
            "99.500000" : 66322432,
            "99.900000" : 78118912,
            "99.950000" : 87556096,
            "99.990000" : 99090432
          },
          "bins" : {
            "806912" : 1,
            "1384448" : 2,
            "2113536" : 1,
            "2473984" : 1,
            "2867200" : 1,
            "3489792" : 1,
            "3883008" : 1,
            "4227072" : 1,
            "4620288" : 1,
            "4685824" : 1,
            "4947968" : 1,
            "5013504" : 1,
            "5406720" : 1,
            "5799936" : 1,
            "6062080" : 1,
            "6127616" : 1,
            "6389760" : 1,
            "6520832" : 1,
            "6782976" : 1,
            "6848512" : 1,
            "6914048" : 1,
            "7045120" : 3,
            "7241728" : 7,
            "7307264" : 1,
            "7372800" : 1,
            "7438336" : 7,
            "7569408" : 2,
            "7634944" : 6,
            "7766016" : 2,
            "7831552" : 1,
            "7897088" : 1,
            "7962624" : 2,
            "8028160" : 4,
            "8093696" : 1,
            "8159232" : 1,
            "8224768" : 2,
            "8290304" : 1,
            "8355840" : 4,
            "8454144" : 1,
            "8585216" : 3,
            "8716288" : 1,
            "8847360" : 4,
            "8978432" : 3,
            "9109504" : 6,
            "9240576" : 5,
            "9371648" : 1,
            "9502720" : 6,
            "9633792" : 3,
            "9764864" : 1,
            "9895936" : 5,
            "10027008" : 8,
            "10158080" : 10,
            "10289152" : 16,
            "10420224" : 4,
            "10551296" : 10,
            "10682368" : 10,
            "10813440" : 7,
            "10944512" : 3,
            "11075584" : 8,
            "11206656" : 2,
            "11337728" : 9,
            "11468800" : 4,
            "11599872" : 12,
            "11730944" : 23,
            "11862016" : 56,
            "11993088" : 128,
            "12124160" : 178,
            "12255232" : 370,
            "12386304" : 716,
            "12517376" : 2051,
            "12648448" : 5483,
            "12779520" : 12687,
            "12910592" : 25630,
            "13041664" : 43474,
            "13172736" : 62306,
            "13303808" : 79517,
            "13434880" : 90710,
            "13565952" : 98111,
            "13697024" : 99508,
            "13828096" : 95206,
            "13959168" : 85386,
            "14090240" : 73924,
            "14221312" : 65875,
            "14352384" : 58726,
            "14483456" : 50214,
            "14614528" : 46163,
            "14745600" : 41396,
            "14876672" : 38369,
            "15007744" : 36623,
            "15138816" : 33927,
            "15269888" : 27964,
            "15400960" : 24483,
            "15532032" : 20497,
            "15663104" : 17184,
            "15794176" : 13816,
            "15925248" : 10761,
            "16056320" : 8398,
            "16187392" : 6577,
            "16318464" : 5162,
            "16449536" : 4003,
            "16580608" : 3291,
            "16711680" : 2636,
            "16908288" : 3647,
            "17170432" : 1959,
            "17432576" : 1103,
            "17694720" : 639,
            "17956864" : 388,
            "18219008" : 211,
            "18481152" : 140,
            "18743296" : 94,
            "19005440" : 96,
            "19267584" : 60,
            "19529728" : 68,
            "19791872" : 73,
            "20054016" : 77,
            "20316160" : 91,
            "20578304" : 97,
            "20840448" : 77,
            "21102592" : 92,
            "21364736" : 95,
            "21626880" : 94,
            "21889024" : 90,
            "22151168" : 69,
            "22413312" : 65,
            "22675456" : 57,
            "22937600" : 51,
            "23199744" : 23,
            "23461888" : 39,
            "23724032" : 22,
            "23986176" : 11,
            "24248320" : 12,
            "24510464" : 19,
            "24772608" : 15,
            "25034752" : 22,
            "25296896" : 26,
            "25559040" : 51,
            "25821184" : 60,
            "26083328" : 100,
            "26345472" : 344,
            "26607616" : 1262,
            "26869760" : 2407,
            "27131904" : 2813,
            "27394048" : 2062,
            "27656192" : 1623,
            "27918336" : 1539,
            "28180480" : 1559,
            "28442624" : 1814,
            "28704768" : 1053,
            "28966912" : 657,
            "29229056" : 548,
            "29491200" : 388,
            "29753344" : 467,
            "30015488" : 385,
            "30277632" : 394,
            "30539776" : 474,
            "30801920" : 576,
            "31064064" : 747,
            "31326208" : 910,
            "31588352" : 1108,