{
  "fio version" : "fio-3.8",
  "timestamp" : 1543739297,
  "timestamp_ms" : 1543739297974,
  "time" : "Sun Dec  2 00:28:17 2018",
  "jobs" : [
    {
      "jobname" : "wipc",
      "groupid" : 0,
      "error" : 0,
      "eta" : 0,
      "elapsed" : 1402,
      "job options" : {
        "ioengine" : "libaio",
        "group_reporting" : "1",
        "direct" : "1",
        "rw" : "write",
        "bssplit" : "128KB",
        "numjobs" : "2",
        "iodepth" : "16",
        "size" : "75%",
        "io_size" : "128035676160B",
        "filename" : "/dev/sda"
      },
      "read" : {
        "io_bytes" : 0,
        "io_kbytes" : 0,
        "bw_bytes" : 0,
        "bw" : 0,
        "iops" : 0.000000,
        "runtime" : 0,
        "total_ios" : 0,
        "short_ios" : 0,
        "drop_ios" : 0,
        "slat_ns" : {
          "min" : 0,
          "max" : 0,
          "mean" : 0.000000,
          "stddev" : 0.000000
        },
        "clat_ns" : {
          "min" : 0,
          "max" : 0,
          "mean" : 0.000000,
          "stddev" : 0.000000,
          "percentile" : {
            "1.000000" : 0,
            "5.000000" : 0,
            "10.000000" : 0,
            "20.000000" : 0,
            "30.000000" : 0,
            "40.000000" : 0,
            "50.000000" : 0,
            "60.000000" : 0,
            "70.000000" : 0,
            "80.000000" : 0,
            "90.000000" : 0,
            "95.000000" : 0,
            "99.000000" : 0,
            "99.500000" : 0,
            "99.900000" : 0,
            "99.950000" : 0,
            "99.990000" : 0
          },
          "bins" : {

          }
        },
        "lat_ns" : {
          "min" : 0,
          "max" : 0,
          "mean" : 0.000000,
          "stddev" : 0.000000
        },
        "bw_min" : 0,
        "bw_max" : 0,
        "bw_agg" : 0.000000,
        "bw_mean" : 0.000000,
        "bw_dev" : 0.000000,
        "bw_samples" : 0,
        "iops_min" : 0,
        "iops_max" : 0,
        "iops_mean" : 0.000000,
        "iops_stddev" : 0.000000,
        "iops_samples" : 0
      },
      "write" : {
        "io_bytes" : 256071434240,
        "io_kbytes" : 250069760,
        "bw_bytes" : 182741089,
        "bw" : 178458,
        "iops" : 1394.203871,
        "runtime" : 1401280,
        "total_ios" : 1953670,
        "short_ios" : 0,
        "drop_ios" : 0,
        "slat_ns" : {
          "min" : 5407,
          "max" : 297633,
          "mean" : 13599.130451,
          "stddev" : 3555.167236
        },
        "clat_ns" : {
          "min" : 956418,
          "max" : 126072522,
          "mean" : 22920257.066697,
          "stddev" : 15632672.734084,
          "percentile" : {
            "1.000000" : 12779520,
            "5.000000" : 13041664,
            "10.000000" : 13172736,
            "20.000000" : 13434880,
            "30.000000" : 13697024,
            "40.000000" : 13959168,
            "50.000000" : 14352384,
            "60.000000" : 14745600,
            "70.000000" : 15663104,
            "80.000000" : 36438016,
            "90.000000" : 54788096,
            "95.000000" : 57409536,
            "99.000000" : 63176704,
            "99.500000" : 64749568,
            "99.900000" : 76021760,
            "99.950000" : 83361792,
            "99.990000" : 98041856
          },
          "bins" : {
            "954368" : 1,
            "1417216" : 1,
            "1482752" : 1,
            "2244608" : 1,
            "2605056" : 1,
            "2998272" : 1,
            "3358720" : 1,
            "3751936" : 1,
            "4145152" : 1,
            "4489216" : 1,
            "4947968" : 1,
            "5472256" : 1,
            "5865472" : 1,
            "6258688" : 1,
            "6651904" : 1,
            "6979584" : 1,
            "7372800" : 1,
            "7766016" : 1,
            "7962624" : 1,
            "8093696" : 1,
            "8159232" : 2,
            "8224768" : 1,
            "8290304" : 1,
            "8454144" : 1,
            "8716288" : 1,
            "8847360" : 3,
            "8978432" : 1,
            "9240576" : 2,
            "9371648" : 1,
            "9633792" : 1,
            "9764864" : 2,
            "9895936" : 2,
            "10027008" : 1,
            "10158080" : 1,
            "10289152" : 1,
            "10420224" : 1,
            "10551296" : 1,
            "10682368" : 1,
            "10944512" : 1,
            "11075584" : 2,
            "11206656" : 5,
            "11337728" : 12,
            "11468800" : 27,
            "11599872" : 68,
            "11730944" : 111,
            "11862016" : 177,
            "11993088" : 162,
            "12124160" : 238,
            "12255232" : 292,
            "12386304" : 543,
            "12517376" : 1390,
            "12648448" : 4716,
            "12779520" : 14784,
            "12910592" : 37109,
            "13041664" : 68147,
            "13172736" : 88909,
            "13303808" : 98952,
            "13434880" : 106208,
            "13565952" : 110276,
            "13697024" : 114302,
            "13828096" : 99238,
            "13959168" : 80667,
            "14090240" : 68256,
            "14221312" : 64684,
            "14352384" : 62429,
            "14483456" : 59889,
            "14614528" : 53295,
            "14745600" : 47022,
            "14876672" : 43709,
            "15007744" : 38661,
            "15138816" : 33348,
            "15269888" : 26636,
            "15400960" : 20985,
            "15532032" : 15454,
            "15663104" : 11545,
            "15794176" : 8488,
            "15925248" : 6923,
            "16056320" : 5306,
            "16187392" : 4301,
            "16318464" : 3562,
            "16449536" : 2904,
            "16580608" : 2333,
            "16711680" : 1852,
            "16908288" : 2787,
            "17170432" : 1469,
            "17432576" : 799,
            "17694720" : 460,
            "17956864" : 227,
            "18219008" : 229,
            "18481152" : 203,
            "18743296" : 206,
            "19005440" : 242,
            "19267584" : 201,
            "19529728" : 199,
            "19791872" : 169,
            "20054016" : 143,
            "20316160" : 147,
            "20578304" : 124,
            "20840448" : 138,
            "21102592" : 92,
            "21364736" : 86,
            "21626880" : 52,
            "21889024" : 51,
            "22151168" : 36,
            "22413312" : 30,
            "22675456" : 28,
            "22937600" : 23,
            "23199744" : 18,
            "23461888" : 9,
            "23724032" : 8,
            "23986176" : 6,
            "24248320" : 26,
            "24510464" : 24,
            "24772608" : 11,
            "25034752" : 20,
            "25296896" : 27,
            "25559040" : 45,
            "25821184" : 76,
            "26083328" : 170,
            "26345472" : 465,
            "26607616" : 2503,
            "26869760" : 5604,
            "27131904" : 3390,
            "27394048" : 2438,
            "27656192" : 1613,
            "27918336" : 1045,
            "28180480" : 807,
            "28442624" : 722,
            "28704768" : 497,
            "28966912" : 342,
            "29229056" : 262,
            "29491200" : 226,
            "29753344" : 199,
            "30015488" : 196,
            "30277632" : 244,
            "30539776" : 306,
            "30801920" : 395,
            "31064064" : 498,
            "31326208" : 625,
            "31588352" : 844,
            "31850496" : 1013,
            "32112640" : 1331,
            "32374784" : 1625,
            "32636928" : 2121,
            "32899072" : 2726,
            "33161216" : 3344,
            "33423360" : 4223,
            "33816576" : 10872,
            "34340864" : 14800,
            "34865152" : 18521,
            "35389440" : 22276,
            "35913728" : 25947,
            "36438016" : 25156,
            "36962304" : 22669,
            "37486592" : 21045,
            "38010880" : 16941,
            "38535168" : 12047,