{
  "fio version" : "fio-3.8",
  "timestamp" : 1543752372,
  "timestamp_ms" : 1543752372620,
  "time" : "Sun Dec  2 04:06:12 2018",
  "jobs" : [
    {
      "jobname" : "wipc",
      "groupid" : 0,
      "error" : 0,
      "eta" : 0,
      "elapsed" : 1419,
      "job options" : {
        "ioengine" : "libaio",
        "group_reporting" : "1",
        "direct" : "1",
        "rw" : "write",
        "bssplit" : "128KB",
        "numjobs" : "2",
        "iodepth" : "16",
        "size" : "75%",
        "io_size" : "128035676160B",
        "filename" : "/dev/sda"
      },
      "read" : {
        "io_bytes" : 0,
        "io_kbytes" : 0,
        "bw_bytes" : 0,
        "bw" : 0,
        "iops" : 0.000000,
        "runtime" : 0,
        "total_ios" : 0,
        "short_ios" : 0,
        "drop_ios" : 0,
        "slat_ns" : {
          "min" : 0,
          "max" : 0,
          "mean" : 0.000000,
          "stddev" : 0.000000
        },
        "clat_ns" : {
          "min" : 0,
          "max" : 0,
          "mean" : 0.000000,
          "stddev" : 0.000000,
          "percentile" : {
            "1.000000" : 0,
            "5.000000" : 0,
            "10.000000" : 0,
            "20.000000" : 0,
            "30.000000" : 0,
            "40.000000" : 0,
            "50.000000" : 0,
            "60.000000" : 0,
            "70.000000" : 0,
            "80.000000" : 0,
            "90.000000" : 0,
            "95.000000" : 0,
            "99.000000" : 0,
            "99.500000" : 0,
            "99.900000" : 0,
            "99.950000" : 0,
            "99.990000" : 0
          },
          "bins" : {

          }
        },
        "lat_ns" : {
          "min" : 0,
          "max" : 0,
          "mean" : 0.000000,
          "stddev" : 0.000000
        },
        "bw_min" : 0,
        "bw_max" : 0,
        "bw_agg" : 0.000000,
        "bw_mean" : 0.000000,
        "bw_dev" : 0.000000,
        "bw_samples" : 0,
        "iops_min" : 0,
        "iops_max" : 0,
        "iops_mean" : 0.000000,
        "iops_stddev" : 0.000000,
        "iops_samples" : 0
      },
      "write" : {
        "io_bytes" : 256071434240,
        "io_kbytes" : 250069760,
        "bw_bytes" : 180586215,
        "bw" : 176353,
        "iops" : 1377.763485,
        "runtime" : 1418001,
        "total_ios" : 1953670,
        "short_ios" : 0,
        "drop_ios" : 0,
        "slat_ns" : {
          "min" : 5399,
          "max" : 323135,
          "mean" : 13402.447101,
          "stddev" : 3550.719442
        },
        "clat_ns" : {
          "min" : 906564,
          "max" : 118259618,
          "mean" : 23207148.612584,
          "stddev" : 15789673.756174,
          "percentile" : {
            "1.000000" : 12779520,
            "5.000000" : 13041664,
            "10.000000" : 13172736,
            "20.000000" : 13434880,
            "30.000000" : 13697024,
            "40.000000" : 13959168,
            "50.000000" : 14352384,
            "60.000000" : 14876672,
            "70.000000" : 15925248,
            "80.000000" : 36438016,
            "90.000000" : 54788096,
            "95.000000" : 57409536,
            "99.000000" : 63176704,
            "99.500000" : 64749568,
            "99.900000" : 78118912,
            "99.950000" : 87556096,
            "99.990000" : 101187584
          },
          "bins" : {
            "905216" : 1,
            "1400832" : 1,
            "1433600" : 1,
            "2244608" : 1,
            "2473984" : 1,
            "2899968" : 1,
            "3325952" : 1,
            "3686400" : 1,
            "4079616" : 1,
            "4358144" : 1,
            "4816896" : 1,
            "5210112" : 1,
            "5472256" : 1,
            "5537792" : 1,
            "5799936" : 3,
            "5865472" : 1,
            "5931008" : 1,
            "5996544" : 1,
            "6062080" : 4,
            "6127616" : 12,
            "6193152" : 14,
            "6258688" : 9,
            "6324224" : 8,
            "6389760" : 7,
            "6455296" : 14,
            "6520832" : 10,
            "6586368" : 20,
            "6651904" : 17,
            "6717440" : 29,
            "6782976" : 30,
            "6848512" : 23,
            "6914048" : 36,
            "6979584" : 24,
            "7045120" : 23,
            "7110656" : 16,
            "7176192" : 17,
            "7241728" : 12,
            "7307264" : 26,
            "7372800" : 9,
            "7438336" : 21,
            "7503872" : 23,
            "7569408" : 16,
            "7634944" : 7,
            "7700480" : 7,
            "7766016" : 5,
            "7831552" : 7,
            "7897088" : 10,
            "7962624" : 15,
            "8028160" : 11,
            "8093696" : 10,
            "8159232" : 15,
            "8224768" : 11,
            "8290304" : 4,
            "8355840" : 11,
            "8454144" : 9,
            "8585216" : 8,
            "8716288" : 6,
            "8847360" : 6,
            "8978432" : 12,
            "9109504" : 4,
            "9240576" : 6,
            "9502720" : 3,
            "9633792" : 9,
            "9764864" : 1,
            "9895936" : 2,
            "10027008" : 1,
            "10158080" : 1,
            "10289152" : 2,
            "10420224" : 1,
            "10551296" : 1,
            "10682368" : 1,
            "10944512" : 1,
            "11075584" : 1,
            "11599872" : 1,
            "11730944" : 7,
            "11862016" : 19,
            "11993088" : 74,
            "12124160" : 146,
            "12255232" : 192,
            "12386304" : 531,
            "12517376" : 1437,
            "12648448" : 4849,
            "12779520" : 16041,
            "12910592" : 38813,
            "13041664" : 68069,
            "13172736" : 87832,
            "13303808" : 96038,
            "13434880" : 103321,
            "13565952" : 110119,
            "13697024" : 109381,
            "13828096" : 98715,
            "13959168" : 80357,
            "14090240" : 66707,
            "14221312" : 63506,
            "14352384" : 63541,
            "14483456" : 60824,
            "14614528" : 53559,
            "14745600" : 45826,
            "14876672" : 42954,
            "15007744" : 38816,
            "15138816" : 31955,
            "15269888" : 26049,
            "15400960" : 20475,
            "15532032" : 15271,
            "15663104" : 11859,
            "15794176" : 8302,
            "15925248" : 6220,
            "16056320" : 4850,
            "16187392" : 3692,
            "16318464" : 3120,
            "16449536" : 2322,
            "16580608" : 2172,
            "16711680" : 1526,
            "16908288" : 2223,
            "17170432" : 1163,
            "17432576" : 565,
            "17694720" : 224,
            "17956864" : 89,
            "18219008" : 58,
            "18481152" : 44,
            "18743296" : 30,
            "19005440" : 49,
            "19267584" : 41,
            "19529728" : 30,
            "19791872" : 24,
            "20054016" : 40,
            "20316160" : 42,
            "20578304" : 50,
            "20840448" : 33,
            "21102592" : 44,
            "21364736" : 39,
            "21626880" : 102,
            "21889024" : 80,
            "22151168" : 55,
            "22413312" : 28,
            "22675456" : 35,
            "22937600" : 32,
            "23199744" : 36,
            "23461888" : 17,
            "23724032" : 14,
            "23986176" : 13,
            "24248320" : 10,
            "24510464" : 6,
            "24772608" : 8,
            "25034752" : 3,
            "25296896" : 8,
            "25559040" : 33,
            "25821184" : 66,
            "26083328" : 143,
            "26345472" : 457,
            "26607616" : 2519,
            "26869760" : 4781,
            "27131904" : 3265,
            "27394048" : 2432,
            "27656192" : 1227,
            "27918336" : 895,
            "28180480" : 1099,
            "28442624" : 1187,
            "28704768" : 643,
            "28966912" : 349,