{
  "fio version" : "fio-3.8",
  "timestamp" : 1546048784,
  "timestamp_ms" : 1546048784136,
  "time" : "Fri Dec 28 17:59:44 2018",
  "jobs" : [
    {
      "jobname" : "wipc",
      "groupid" : 0,
      "error" : 0,
      "eta" : 0,
      "elapsed" : 1484,
      "job options" : {
        "ioengine" : "libaio",
        "group_reporting" : "1",
        "direct" : "1",
        "rw" : "write",
        "bssplit" : "128KB",
        "numjobs" : "2",
        "iodepth" : "16",
        "size" : "75%",
        "io_size" : "128035676160B",
        "filename" : "/dev/sdc"
      },
      "read" : {
        "io_bytes" : 0,
        "io_kbytes" : 0,
        "bw_bytes" : 0,
        "bw" : 0,
        "iops" : 0.000000,
        "runtime" : 0,
        "total_ios" : 0,
        "short_ios" : 0,
        "drop_ios" : 0,
        "slat_ns" : {
          "min" : 0,
          "max" : 0,
          "mean" : 0.000000,
          "stddev" : 0.000000
        },
        "clat_ns" : {
          "min" : 0,
          "max" : 0,
          "mean" : 0.000000,
          "stddev" : 0.000000,
          "percentile" : {
            "1.000000" : 0,
            "5.000000" : 0,
            "10.000000" : 0,
            "20.000000" : 0,
            "30.000000" : 0,
            "40.000000" : 0,
            "50.000000" : 0,
            "60.000000" : 0,
            "70.000000" : 0,
            "80.000000" : 0,
            "90.000000" : 0,
            "95.000000" : 0,
            "99.000000" : 0,
            "99.500000" : 0,
            "99.900000" : 0,
            "99.950000" : 0,
            "99.990000" : 0
          },
          "bins" : {

          }
        },
        "lat_ns" : {
          "min" : 0,
          "max" : 0,
          "mean" : 0.000000,
          "stddev" : 0.000000
        },
        "bw_min" : 0,
        "bw_max" : 0,
        "bw_agg" : 0.000000,
        "bw_mean" : 0.000000,
        "bw_dev" : 0.000000,
        "bw_samples" : 0,
        "iops_min" : 0,
        "iops_max" : 0,
        "iops_mean" : 0.000000,
        "iops_stddev" : 0.000000,
        "iops_samples" : 0
      },
      "write" : {
        "io_bytes" : 256071434240,
        "io_kbytes" : 250069760,
        "bw_bytes" : 172586624,
        "bw" : 168541,
        "iops" : 1316.731447,
        "runtime" : 1483727,
        "total_ios" : 1953670,
        "short_ios" : 0,
        "drop_ios" : 0,
        "slat_ns" : {
          "min" : 6193,
          "max" : 350511,
          "mean" : 17555.907810,
          "stddev" : 5869.764194
        },
        "clat_ns" : {
          "min" : 818804,
          "max" : 127121331,
          "mean" : 24271491.381042,
          "stddev" : 16286005.444196,
          "percentile" : {
            "1.000000" : 13172736,
            "5.000000" : 13434880,
            "10.000000" : 13565952,
            "20.000000" : 13828096,
            "30.000000" : 14090240,
            "40.000000" : 14483456,
            "50.000000" : 14876672,
            "60.000000" : 15400960,
            "70.000000" : 25559040,
            "80.000000" : 38010880,
            "90.000000" : 56360960,
            "95.000000" : 58458112,
            "99.000000" : 64225280,
            "99.500000" : 66322432,
            "99.900000" : 76021760,
            "99.950000" : 84410368,
            "99.990000" : 103284736
          },
          "bins" : {
            "815104" : 1,
            "1302528" : 1,
            "1400832" : 1,
            "2088960" : 1,
            "2441216" : 1,
            "2834432" : 1,
            "3293184" : 1,
            "3686400" : 1,
            "4046848" : 1,
            "4423680" : 1,
            "4751360" : 1,
            "5210112" : 1,
            "5537792" : 1,
            "5996544" : 1,
            "6324224" : 1,
            "6717440" : 1,
            "7045120" : 1,
            "7438336" : 1,
            "7831552" : 1,
            "8224768" : 1,
            "8585216" : 1,
            "8978432" : 2,
            "9240576" : 1,
            "9502720" : 1,
            "9633792" : 1,
            "9895936" : 1,
            "10027008" : 1,
            "10158080" : 1,
            "10289152" : 1,
            "10551296" : 1,
            "10682368" : 2,
            "11075584" : 1,
            "11337728" : 2,
            "11468800" : 3,
            "11599872" : 8,
            "11730944" : 17,
            "11862016" : 48,
            "11993088" : 87,
            "12124160" : 120,
            "12255232" : 142,
            "12386304" : 189,
            "12517376" : 223,
            "12648448" : 400,
            "12779520" : 920,
            "12910592" : 2800,
            "13041664" : 8256,
            "13172736" : 20797,
            "13303808" : 42100,
            "13434880" : 65441,
            "13565952" : 79389,
            "13697024" : 90513,
            "13828096" : 98277,
            "13959168" : 100551,
            "14090240" : 95991,
            "14221312" : 85883,
            "14352384" : 76014,
            "14483456" : 66044,
            "14614528" : 60853,
            "14745600" : 60327,
            "14876672" : 57792,
            "15007744" : 52723,
            "15138816" : 45796,
            "15269888" : 42329,
            "15400960" : 38663,
            "15532032" : 34099,
            "15663104" : 28887,
            "15794176" : 23712,
            "15925248" : 19548,
            "16056320" : 15230,
            "16187392" : 11609,
            "16318464" : 8968,
            "16449536" : 6956,
            "16580608" : 5217,
            "16711680" : 4142,
            "16908288" : 6083,
            "17170432" : 3991,
            "17432576" : 2509,
            "17694720" : 1380,
            "17956864" : 733,
            "18219008" : 341,
            "18481152" : 155,
            "18743296" : 66,
            "19005440" : 37,
            "19267584" : 32,
            "19529728" : 45,
            "19791872" : 64,
            "20054016" : 67,
            "20316160" : 72,
            "20578304" : 49,
            "20840448" : 79,
            "21102592" : 102,
            "21364736" : 98,
            "21626880" : 72,
            "21889024" : 70,
            "22151168" : 62,
            "22413312" : 59,
            "22675456" : 40,
            "22937600" : 35,
            "23199744" : 27,
            "23461888" : 22,
            "23724032" : 21,
            "23986176" : 13,
            "24248320" : 2,
            "24510464" : 2,
            "24772608" : 1,
            "25034752" : 3,
            "25296896" : 28,
            "25559040" : 149,
            "25821184" : 199,
            "26083328" : 99,
            "26345472" : 65,
            "26607616" : 109,
            "26869760" : 621,
            "27131904" : 2229,
            "27394048" : 3133,
            "27656192" : 2708,
            "27918336" : 2132,
            "28180480" : 1820,
            "28442624" : 1840,
            "28704768" : 1550,
            "28966912" : 1053,
            "29229056" : 629,
            "29491200" : 469,
            "29753344" : 290,
            "30015488" : 204,
            "30277632" : 206,
            "30539776" : 222,
            "30801920" : 214,
            "31064064" : 302,
            "31326208" : 332,
            "31588352" : 431,
            "31850496" : 519,
            "32112640" : 692,
            "32374784" : 753,
            "32636928" : 1021,
            "32899072" : 1332,
            "33161216" : 1671,
            "33423360" : 2276,
            "33816576" : 6838,
            "34340864" : 11151,
            "34865152" : 15828,
            "35389440" : 19611,
            "35913728" : 24595,
            "36438016" : 30273,
            "36962304" : 29056,
            "37486592" : 25993,
            "38010880" : 23260,
            "38535168" : 20123,
            "39059456" : 14967,
            "39583744" : 10180,
            "40108032" : 7917,
            "40632320" : 6581,
            "41156608" : 5738,
            "41680896" : 5080,
            "42205184" : 4497,
            "42729472" : 3927,