{
  "fio version" : "fio-3.8",
  "timestamp" : 1546062319,
  "timestamp_ms" : 1546062319913,
  "time" : "Fri Dec 28 21:45:19 2018",
  "jobs" : [
    {
      "jobname" : "wipc",
      "groupid" : 0,
      "error" : 0,
      "eta" : 0,
      "elapsed" : 1384,
      "job options" : {
        "ioengine" : "libaio",
        "group_reporting" : "1",
        "direct" : "1",
        "rw" : "write",
        "bssplit" : "128KB",
        "numjobs" : "2",
        "iodepth" : "16",
        "size" : "75%",
        "io_size" : "128035676160B",
        "filename" : "/dev/sdc"
      },
      "read" : {
        "io_bytes" : 0,
        "io_kbytes" : 0,
        "bw_bytes" : 0,
        "bw" : 0,
        "iops" : 0.000000,
        "runtime" : 0,
        "total_ios" : 0,
        "short_ios" : 0,
        "drop_ios" : 0,
        "slat_ns" : {
          "min" : 0,
          "max" : 0,
          "mean" : 0.000000,
          "stddev" : 0.000000
        },
        "clat_ns" : {
          "min" : 0,
          "max" : 0,
          "mean" : 0.000000,
          "stddev" : 0.000000,
          "percentile" : {
            "1.000000" : 0,
            "5.000000" : 0,
            "10.000000" : 0,
            "20.000000" : 0,
            "30.000000" : 0,
            "40.000000" : 0,
            "50.000000" : 0,
            "60.000000" : 0,
            "70.000000" : 0,
            "80.000000" : 0,
            "90.000000" : 0,
            "95.000000" : 0,
            "99.000000" : 0,
            "99.500000" : 0,
            "99.900000" : 0,
            "99.950000" : 0,
            "99.990000" : 0
          },
          "bins" : {

          }
        },
        "lat_ns" : {
          "min" : 0,
          "max" : 0,
          "mean" : 0.000000,
          "stddev" : 0.000000
        },
        "bw_min" : 0,
        "bw_max" : 0,
        "bw_agg" : 0.000000,
        "bw_mean" : 0.000000,
        "bw_dev" : 0.000000,
        "bw_samples" : 0,
        "iops_min" : 0,
        "iops_max" : 0,
        "iops_mean" : 0.000000,
        "iops_stddev" : 0.000000,
        "iops_samples" : 0
      },
      "write" : {
        "io_bytes" : 256071434240,
        "io_kbytes" : 250069760,
        "bw_bytes" : 185139896,
        "bw" : 180800,
        "iops" : 1412.505314,
        "runtime" : 1383124,
        "total_ios" : 1953670,
        "short_ios" : 0,
        "drop_ios" : 0,
        "slat_ns" : {
          "min" : 6029,
          "max" : 350924,
          "mean" : 16285.044178,
          "stddev" : 5455.178661
        },
        "clat_ns" : {
          "min" : 485471,
          "max" : 118251699,
          "mean" : 22634500.727069,
          "stddev" : 14731458.776647,
          "percentile" : {
            "1.000000" : 13172736,
            "5.000000" : 13434880,
            "10.000000" : 13565952,
            "20.000000" : 13828096,
            "30.000000" : 14090240,
            "40.000000" : 14352384,
            "50.000000" : 14745600,
            "60.000000" : 15138816,
            "70.000000" : 15925248,
            "80.000000" : 36438016,
            "90.000000" : 53215232,
            "95.000000" : 57409536,
            "99.000000" : 63176704,
            "99.500000" : 64749568,
            "99.900000" : 73924608,
            "99.950000" : 79167488,
            "99.990000" : 94896128
          },
          "bins" : {
            "485376" : 1,
            "1286144" : 1,
            "1368064" : 1,
            "2088960" : 1,
            "2506752" : 1,
            "2834432" : 1,
            "3194880" : 1,
            "3555328" : 1,
            "3948544" : 1,
            "4292608" : 1,
            "4685824" : 1,
            "5079040" : 1,
            "5406720" : 1,
            "5799936" : 1,
            "6193152" : 1,
            "6258688" : 1,
            "6389760" : 1,
            "6586368" : 2,
            "6717440" : 2,
            "6782976" : 6,
            "6848512" : 4,
            "6914048" : 7,
            "6979584" : 2,
            "7045120" : 7,
            "7110656" : 4,
            "7241728" : 7,
            "7307264" : 15,
            "7372800" : 9,
            "7438336" : 16,
            "7503872" : 9,
            "7569408" : 9,
            "7634944" : 9,
            "7700480" : 3,
            "7766016" : 8,
            "7831552" : 7,
            "7897088" : 7,
            "7962624" : 5,
            "8028160" : 8,
            "8093696" : 1,
            "8159232" : 2,
            "8224768" : 2,
            "8290304" : 5,
            "8355840" : 3,
            "8454144" : 9,
            "8585216" : 11,
            "8716288" : 7,
            "8847360" : 7,
            "8978432" : 10,
            "9109504" : 1,
            "9240576" : 4,
            "9371648" : 1,
            "9502720" : 1,
            "9764864" : 2,
            "9895936" : 1,
            "10027008" : 1,
            "10158080" : 1,
            "10289152" : 1,
            "10420224" : 1,
            "10682368" : 2,
            "10813440" : 1,
            "10944512" : 1,
            "11337728" : 1,
            "11862016" : 1,
            "11993088" : 5,
            "12124160" : 13,
            "12255232" : 40,
            "12386304" : 80,
            "12517376" : 125,
            "12648448" : 288,
            "12779520" : 788,
            "12910592" : 1882,
            "13041664" : 5363,
            "13172736" : 14841,
            "13303808" : 34359,
            "13434880" : 60992,
            "13565952" : 82666,
            "13697024" : 95080,
            "13828096" : 102003,
            "13959168" : 106085,
            "14090240" : 105490,
            "14221312" : 98442,
            "14352384" : 87590,
            "14483456" : 77008,
            "14614528" : 69380,
            "14745600" : 64464,
            "14876672" : 61463,
            "15007744" : 55826,
            "15138816" : 49428,
            "15269888" : 43216,
            "15400960" : 39101,
            "15532032" : 35300,
            "15663104" : 30495,
            "15794176" : 25479,
            "15925248" : 21069,
            "16056320" : 15688,
            "16187392" : 11547,
            "16318464" : 8378,
            "16449536" : 6130,
            "16580608" : 4574,
            "16711680" : 3422,
            "16908288" : 4906,
            "17170432" : 2963,
            "17432576" : 1933,
            "17694720" : 1052,
            "17956864" : 573,
            "18219008" : 285,
            "18481152" : 111,
            "18743296" : 42,
            "19005440" : 54,
            "19267584" : 49,
            "19529728" : 44,
            "19791872" : 59,
            "20054016" : 68,
            "20316160" : 70,
            "20578304" : 80,
            "20840448" : 73,
            "21102592" : 63,
            "21364736" : 49,
            "21626880" : 53,
            "21889024" : 46,
            "22151168" : 20,
            "22413312" : 27,
            "22675456" : 16,
            "22937600" : 6,
            "23199744" : 5,
            "23461888" : 2,
            "23724032" : 1,
            "23986176" : 2,
            "24248320" : 12,
            "24510464" : 4,
            "24772608" : 5,
            "25034752" : 19,
            "25296896" : 3,
            "25559040" : 4,
            "25821184" : 12,
            "26083328" : 25,
            "26345472" : 75,
            "26607616" : 116,
            "26869760" : 474,
            "27131904" : 2553,
            "27394048" : 5299,
            "27656192" : 3894,
            "27918336" : 2379,
            "28180480" : 1566,
            "28442624" : 1062,
            "28704768" : 939,
            "28966912" : 894,
            "29229056" : 570,
            "29491200" : 316,
            "29753344" : 239,
            "30015488" : 188,
            "30277632" : 246,
            "30539776" : 210,
            "30801920" : 271,
            "31064064" : 325,
            "31326208" : 420,
            "31588352" : 493,
            "31850496" : 575,
            "32112640" : 730,
            "32374784" : 1016,