{
  "fio version" : "fio-3.8",
  "timestamp" : 1555876440,
  "timestamp_ms" : 1555876440783,
  "time" : "Sun Apr 21 12:54:00 2019",
  "jobs" : [
    {
      "jobname" : "wipc",
      "groupid" : 0,
      "error" : 0,
      "eta" : 0,
      "elapsed" : 1414,
      "job options" : {
        "ioengine" : "libaio",
        "group_reporting" : "1",
        "direct" : "1",
        "rw" : "write",
        "bssplit" : "128KB",
        "numjobs" : "2",
        "iodepth" : "16",
        "size" : "75%",
        "io_size" : "128035676160B",
        "filename" : "/dev/sdd"
      },
      "read" : {
        "io_bytes" : 0,
        "io_kbytes" : 0,
        "bw_bytes" : 0,
        "bw" : 0,
        "iops" : 0.000000,
        "runtime" : 0,
        "total_ios" : 0,
        "short_ios" : 0,
        "drop_ios" : 0,
        "slat_ns" : {
          "min" : 0,
          "max" : 0,
          "mean" : 0.000000,
          "stddev" : 0.000000
        },
        "clat_ns" : {
          "min" : 0,
          "max" : 0,
          "mean" : 0.000000,
          "stddev" : 0.000000,
          "percentile" : {
            "1.000000" : 0,
            "5.000000" : 0,
            "10.000000" : 0,
            "20.000000" : 0,
            "30.000000" : 0,
            "40.000000" : 0,
            "50.000000" : 0,
            "60.000000" : 0,
            "70.000000" : 0,
            "80.000000" : 0,
            "90.000000" : 0,
            "95.000000" : 0,
            "99.000000" : 0,
            "99.500000" : 0,
            "99.900000" : 0,
            "99.950000" : 0,
            "99.990000" : 0
          },
          "bins" : {

          }
        },
        "lat_ns" : {
          "min" : 0,
          "max" : 0,
          "mean" : 0.000000,
          "stddev" : 0.000000
        },
        "bw_min" : 0,
        "bw_max" : 0,
        "bw_agg" : 0.000000,
        "bw_mean" : 0.000000,
        "bw_dev" : 0.000000,
        "bw_samples" : 0,
        "iops_min" : 0,
        "iops_max" : 0,
        "iops_mean" : 0.000000,
        "iops_stddev" : 0.000000,
        "iops_samples" : 0
      },
      "write" : {
        "io_bytes" : 256071434240,
        "io_kbytes" : 250069760,
        "bw_bytes" : 181154719,
        "bw" : 176908,
        "iops" : 1382.100823,
        "runtime" : 1413551,
        "total_ios" : 1953670,
        "short_ios" : 0,
        "drop_ios" : 0,
        "slat_ns" : {
          "min" : 6248,
          "max" : 511875,
          "mean" : 15953.571866,
          "stddev" : 5375.315744
        },
        "clat_ns" : {
          "min" : 877047,
          "max" : 124269299,
          "mean" : 23132888.045852,
          "stddev" : 15263135.195882,
          "percentile" : {
            "1.000000" : 13303808,
            "5.000000" : 13565952,
            "10.000000" : 13697024,
            "20.000000" : 13959168,
            "30.000000" : 14090240,
            "40.000000" : 14352384,
            "50.000000" : 14745600,
            "60.000000" : 15269888,
            "70.000000" : 15925248,
            "80.000000" : 36438016,
            "90.000000" : 54788096,
            "95.000000" : 57409536,
            "99.000000" : 63176704,
            "99.500000" : 65273856,
            "99.900000" : 73924608,
            "99.950000" : 80216064,
            "99.990000" : 98041856
          },
          "bins" : {
            "880640" : 1,
            "1368064" : 1,
            "1400832" : 1,
            "2146304" : 1,
            "2539520" : 1,
            "2932736" : 1,
            "3391488" : 1,
            "3784704" : 1,
            "4145152" : 1,
            "4554752" : 1,
            "4947968" : 1,
            "5406720" : 1,
            "5734400" : 1,
            "6127616" : 1,
            "6324224" : 1,
            "6389760" : 1,
            "6455296" : 1,
            "6520832" : 2,
            "6586368" : 1,
            "6651904" : 7,
            "6717440" : 7,
            "6782976" : 11,
            "6848512" : 27,
            "6914048" : 13,
            "6979584" : 8,
            "7045120" : 12,
            "7110656" : 20,
            "7176192" : 7,
            "7241728" : 18,
            "7307264" : 15,
            "7372800" : 10,
            "7438336" : 6,
            "7503872" : 19,
            "7569408" : 12,
            "7634944" : 16,
            "7700480" : 16,
            "7766016" : 4,
            "7831552" : 4,
            "7962624" : 1,
            "8028160" : 1,
            "8093696" : 4,
            "8159232" : 2,
            "8224768" : 2,
            "8290304" : 2,
            "8355840" : 4,
            "8454144" : 12,
            "8585216" : 11,
            "8716288" : 15,
            "8847360" : 21,
            "8978432" : 5,
            "9109504" : 2,
            "9240576" : 5,
            "9371648" : 1,
            "9502720" : 1,
            "9633792" : 1,
            "9764864" : 3,
            "10027008" : 3,
            "10158080" : 1,
            "10420224" : 2,
            "10551296" : 3,
            "10682368" : 3,
            "10813440" : 4,
            "10944512" : 2,
            "11075584" : 1,
            "11206656" : 4,
            "11468800" : 2,
            "11599872" : 5,
            "11730944" : 4,
            "11862016" : 1,
            "11993088" : 2,
            "12124160" : 3,
            "12255232" : 11,
            "12386304" : 14,
            "12517376" : 24,
            "12648448" : 39,
            "12779520" : 162,
            "12910592" : 793,
            "13041664" : 2840,
            "13172736" : 9375,
            "13303808" : 23633,
            "13434880" : 52325,
            "13565952" : 82677,
            "13697024" : 103600,
            "13828096" : 107113,
            "13959168" : 105230,
            "14090240" : 108089,
            "14221312" : 109968,
            "14352384" : 98558,
            "14483456" : 83777,
            "14614528" : 68900,
            "14745600" : 55469,
            "14876672" : 49658,
            "15007744" : 51540,
            "15138816" : 51855,
            "15269888" : 51894,
            "15400960" : 47522,
            "15532032" : 39264,
            "15663104" : 31695,
            "15794176" : 23506,
            "15925248" : 15477,
            "16056320" : 10626,
            "16187392" : 6454,
            "16318464" : 4568,
            "16449536" : 3192,
            "16580608" : 2390,
            "16711680" : 1918,
            "16908288" : 2611,
            "17170432" : 1552,
            "17432576" : 984,
            "17694720" : 388,
            "17956864" : 177,
            "18219008" : 111,
            "18481152" : 59,
            "18743296" : 26,
            "19005440" : 35,
            "19267584" : 46,
            "19529728" : 49,
            "19791872" : 65,
            "20054016" : 68,
            "20316160" : 74,
            "20578304" : 72,
            "20840448" : 64,
            "21102592" : 48,
            "21364736" : 77,
            "21626880" : 50,
            "21889024" : 32,
            "22151168" : 15,
            "22413312" : 10,
            "22675456" : 3,
            "22937600" : 3,
            "23199744" : 1,
            "23724032" : 1,
            "23986176" : 2,
            "24248320" : 6,
            "24510464" : 8,
            "24772608" : 15,
            "25034752" : 1,
            "25296896" : 3,
            "25559040" : 6,
            "25821184" : 9,
            "26083328" : 34,
            "26345472" : 41,
            "26607616" : 72,
            "26869760" : 132,
            "27131904" : 636,
            "27394048" : 3399,
            "27656192" : 5857,
            "27918336" : 3757,
            "28180480" : 2097,
            "28442624" : 980,
            "28704768" : 679,
            "28966912" : 699,
            "29229056" : 503,
            "29491200" : 319,
            "29753344" : 184,
            "30015488" : 150,
            "30277632" : 201,
            "30539776" : 267,
            "30801920" : 331,
            "31064064" : 446,
            "31326208" : 494,