{
  "fio version" : "fio-3.8",
  "timestamp" : 1555883927,
  "timestamp_ms" : 1555883927626,
  "time" : "Sun Apr 21 14:58:47 2019",
  "jobs" : [
    {
      "jobname" : "wipc",
      "groupid" : 0,
      "error" : 0,
      "eta" : 0,
      "elapsed" : 1455,
      "job options" : {
        "ioengine" : "libaio",
        "group_reporting" : "1",
        "direct" : "1",
        "rw" : "write",
        "bssplit" : "128KB",
        "numjobs" : "2",
        "iodepth" : "16",
        "size" : "75%",
        "io_size" : "128035676160B",
        "filename" : "/dev/sdd"
      },
      "read" : {
        "io_bytes" : 0,
        "io_kbytes" : 0,
        "bw_bytes" : 0,
        "bw" : 0,
        "iops" : 0.000000,
        "runtime" : 0,
        "total_ios" : 0,
        "short_ios" : 0,
        "drop_ios" : 0,
        "slat_ns" : {
          "min" : 0,
          "max" : 0,
          "mean" : 0.000000,
          "stddev" : 0.000000
        },
        "clat_ns" : {
          "min" : 0,
          "max" : 0,
          "mean" : 0.000000,
          "stddev" : 0.000000,
          "percentile" : {
            "1.000000" : 0,
            "5.000000" : 0,
            "10.000000" : 0,
            "20.000000" : 0,
            "30.000000" : 0,
            "40.000000" : 0,
            "50.000000" : 0,
            "60.000000" : 0,
            "70.000000" : 0,
            "80.000000" : 0,
            "90.000000" : 0,
            "95.000000" : 0,
            "99.000000" : 0,
            "99.500000" : 0,
            "99.900000" : 0,
            "99.950000" : 0,
            "99.990000" : 0
          },
          "bins" : {

          }
        },
        "lat_ns" : {
          "min" : 0,
          "max" : 0,
          "mean" : 0.000000,
          "stddev" : 0.000000
        },
        "bw_min" : 0,
        "bw_max" : 0,
        "bw_agg" : 0.000000,
        "bw_mean" : 0.000000,
        "bw_dev" : 0.000000,
        "bw_samples" : 0,
        "iops_min" : 0,
        "iops_max" : 0,
        "iops_mean" : 0.000000,
        "iops_stddev" : 0.000000,
        "iops_samples" : 0
      },
      "write" : {
        "io_bytes" : 256071434240,
        "io_kbytes" : 250069760,
        "bw_bytes" : 176054007,
        "bw" : 171927,
        "iops" : 1343.185482,
        "runtime" : 1454505,
        "total_ios" : 1953670,
        "short_ios" : 0,
        "drop_ios" : 0,
        "slat_ns" : {
          "min" : 5891,
          "max" : 352388,
          "mean" : 20025.402948,
          "stddev" : 6300.708502
        },
        "clat_ns" : {
          "min" : 824154,
          "max" : 123146420,
          "mean" : 23799433.122389,
          "stddev" : 15809886.532523,
          "percentile" : {
            "1.000000" : 13303808,
            "5.000000" : 13565952,
            "10.000000" : 13697024,
            "20.000000" : 13959168,
            "30.000000" : 14221312,
            "40.000000" : 14483456,
            "50.000000" : 14876672,
            "60.000000" : 15400960,
            "70.000000" : 16318464,
            "80.000000" : 36962304,
            "90.000000" : 55312384,
            "95.000000" : 57933824,
            "99.000000" : 63700992,
            "99.500000" : 65798144,
            "99.900000" : 80216064,
            "99.950000" : 87556096,
            "99.990000" : 102236160
          },
          "bins" : {
            "823296" : 1,
            "1417216" : 1,
            "1449984" : 1,
            "2179072" : 1,
            "2572288" : 1,
            "2965504" : 1,
            "3260416" : 1,
            "3686400" : 1,
            "4046848" : 1,
            "4423680" : 1,
            "4816896" : 1,
            "5472256" : 1,
            "5865472" : 2,
            "6258688" : 2,
            "6520832" : 2,
            "6651904" : 8,
            "6717440" : 4,
            "6782976" : 2,
            "6848512" : 4,
            "6914048" : 3,
            "6979584" : 10,
            "7045120" : 21,
            "7110656" : 32,
            "7176192" : 34,
            "7241728" : 19,
            "7307264" : 25,
            "7372800" : 13,
            "7438336" : 12,
            "7503872" : 6,
            "7569408" : 4,
            "7634944" : 2,
            "7700480" : 5,
            "7766016" : 8,
            "7831552" : 2,
            "7897088" : 1,
            "8028160" : 6,
            "8093696" : 6,
            "8159232" : 10,
            "8224768" : 12,
            "8290304" : 8,
            "8355840" : 11,
            "8454144" : 4,
            "8585216" : 5,
            "8716288" : 15,
            "8847360" : 6,
            "8978432" : 5,
            "9109504" : 2,
            "9371648" : 2,
            "9502720" : 2,
            "9764864" : 1,
            "9895936" : 2,
            "10158080" : 2,
            "10289152" : 4,
            "10420224" : 1,
            "10551296" : 4,
            "10682368" : 1,
            "10813440" : 1,
            "10944512" : 2,
            "11075584" : 1,
            "11206656" : 2,
            "11337728" : 5,
            "11599872" : 5,
            "11730944" : 7,
            "11862016" : 6,
            "11993088" : 1,
            "12124160" : 5,
            "12255232" : 2,
            "12386304" : 8,
            "12517376" : 15,
            "12648448" : 43,
            "12779520" : 194,
            "12910592" : 706,
            "13041664" : 2630,
            "13172736" : 7666,
            "13303808" : 17253,
            "13434880" : 36376,
            "13565952" : 69093,
            "13697024" : 97670,
            "13828096" : 106213,
            "13959168" : 102055,
            "14090240" : 98683,
            "14221312" : 102220,
            "14352384" : 101991,
            "14483456" : 89844,
            "14614528" : 74439,
            "14745600" : 59637,
            "14876672" : 51692,
            "15007744" : 49353,
            "15138816" : 51408,
            "15269888" : 50954,
            "15400960" : 48575,
            "15532032" : 43550,
            "15663104" : 34776,
            "15794176" : 27065,
            "15925248" : 19359,
            "16056320" : 13081,
            "16187392" : 8446,
            "16318464" : 5396,
            "16449536" : 3656,
            "16580608" : 2497,
            "16711680" : 1812,
            "16908288" : 2715,
            "17170432" : 1731,
            "17432576" : 950,
            "17694720" : 417,
            "17956864" : 203,
            "18219008" : 89,
            "18481152" : 40,
            "18743296" : 13,
            "19005440" : 28,
            "19267584" : 35,
            "19529728" : 45,
            "19791872" : 61,
            "20054016" : 53,
            "20316160" : 58,
            "20578304" : 48,
            "20840448" : 52,
            "21102592" : 66,
            "21364736" : 51,
            "21626880" : 31,
            "21889024" : 26,
            "22151168" : 28,
            "22413312" : 17,
            "22675456" : 9,
            "22937600" : 4,
            "23199744" : 3,
            "23724032" : 4,
            "23986176" : 6,
            "24248320" : 13,
            "24510464" : 12,
            "24772608" : 17,
            "25034752" : 8,
            "25296896" : 5,
            "25559040" : 10,
            "25821184" : 17,
            "26083328" : 31,
            "26345472" : 36,
            "26607616" : 30,
            "26869760" : 108,
            "27131904" : 553,
            "27394048" : 1825,
            "27656192" : 4236,
            "27918336" : 4001,
            "28180480" : 1906,
            "28442624" : 1231,
            "28704768" : 1561,
            "28966912" : 1955,
            "29229056" : 1217,
            "29491200" : 688,
            "29753344" : 476,
            "30015488" : 329,
            "30277632" : 270,
            "30539776" : 302,
            "30801920" : 335,
            "31064064" : 378,
            "31326208" : 474,
            "31588352" : 575,
            "31850496" : 732,
            "32112640" : 975,
            "32374784" : 1255,