{
  "fio version" : "fio-3.8",
  "timestamp" : 1552975093,
  "timestamp_ms" : 1552975093233,
  "time" : "Mon Mar 18 22:58:13 2019",
  "jobs" : [
    {
      "jobname" : "wipc",
      "groupid" : 0,
      "error" : 0,
      "eta" : 0,
      "elapsed" : 1466,
      "job options" : {
        "ioengine" : "libaio",
        "group_reporting" : "1",
        "direct" : "1",
        "rw" : "write",
        "bssplit" : "128KB",
        "numjobs" : "2",
        "iodepth" : "16",
        "size" : "75%",
        "io_size" : "128035676160B",
        "filename" : "/dev/sdh"
      },
      "read" : {
        "io_bytes" : 0,
        "io_kbytes" : 0,
        "bw_bytes" : 0,
        "bw" : 0,
        "iops" : 0.000000,
        "runtime" : 0,
        "total_ios" : 0,
        "short_ios" : 0,
        "drop_ios" : 0,
        "slat_ns" : {
          "min" : 0,
          "max" : 0,
          "mean" : 0.000000,
          "stddev" : 0.000000
        },
        "clat_ns" : {
          "min" : 0,
          "max" : 0,
          "mean" : 0.000000,
          "stddev" : 0.000000,
          "percentile" : {
            "1.000000" : 0,
            "5.000000" : 0,
            "10.000000" : 0,
            "20.000000" : 0,
            "30.000000" : 0,
            "40.000000" : 0,
            "50.000000" : 0,
            "60.000000" : 0,
            "70.000000" : 0,
            "80.000000" : 0,
            "90.000000" : 0,
            "95.000000" : 0,
            "99.000000" : 0,
            "99.500000" : 0,
            "99.900000" : 0,
            "99.950000" : 0,
            "99.990000" : 0
          },
          "bins" : {

          }
        },
        "lat_ns" : {
          "min" : 0,
          "max" : 0,
          "mean" : 0.000000,
          "stddev" : 0.000000
        },
        "bw_min" : 0,
        "bw_max" : 0,
        "bw_agg" : 0.000000,
        "bw_mean" : 0.000000,
        "bw_dev" : 0.000000,
        "bw_samples" : 0,
        "iops_min" : 0,
        "iops_max" : 0,
        "iops_mean" : 0.000000,
        "iops_stddev" : 0.000000,
        "iops_samples" : 0
      },
      "write" : {
        "io_bytes" : 256071434240,
        "io_kbytes" : 250069760,
        "bw_bytes" : 174750680,
        "bw" : 170654,
        "iops" : 1333.241888,
        "runtime" : 1465353,
        "total_ios" : 1953670,
        "short_ios" : 0,
        "drop_ios" : 0,
        "slat_ns" : {
          "min" : 6562,
          "max" : 339844,
          "mean" : 17988.309804,
          "stddev" : 5289.819542
        },
        "clat_ns" : {
          "min" : 794069,
          "max" : 119085857,
          "mean" : 23977857.954945,
          "stddev" : 15533459.228847,
          "percentile" : {
            "1.000000" : 12779520,
            "5.000000" : 13041664,
            "10.000000" : 13303808,
            "20.000000" : 13565952,
            "30.000000" : 13828096,
            "40.000000" : 14221312,
            "50.000000" : 14614528,
            "60.000000" : 15269888,
            "70.000000" : 33816576,
            "80.000000" : 36962304,
            "90.000000" : 54788096,
            "95.000000" : 57933824,
            "99.000000" : 63700992,
            "99.500000" : 65798144,
            "99.900000" : 77070336,
            "99.950000" : 84410368,
            "99.990000" : 96993280
          },
          "bins" : {
            "790528" : 1,
            "1286144" : 1,
            "1368064" : 1,
            "2039808" : 1,
            "2375680" : 1,
            "2768896" : 1,
            "3129344" : 1,
            "3489792" : 1,
            "3850240" : 1,
            "4227072" : 1,
            "4554752" : 1,
            "4947968" : 1,
            "5275648" : 1,
            "5603328" : 1,
            "5996544" : 2,
            "6062080" : 1,
            "6127616" : 2,
            "6193152" : 12,
            "6258688" : 6,
            "6324224" : 16,
            "6389760" : 34,
            "6455296" : 17,
            "6520832" : 30,
            "6586368" : 27,
            "6651904" : 15,
            "6717440" : 12,
            "6782976" : 18,
            "6848512" : 31,
            "6914048" : 25,
            "6979584" : 25,
            "7045120" : 17,
            "7110656" : 33,
            "7176192" : 37,
            "7241728" : 30,
            "7307264" : 28,
            "7372800" : 8,
            "7438336" : 15,
            "7503872" : 29,
            "7569408" : 14,
            "7634944" : 17,
            "7700480" : 23,
            "7766016" : 16,
            "7831552" : 16,
            "7897088" : 10,
            "7962624" : 13,
            "8028160" : 14,
            "8093696" : 22,
            "8159232" : 7,
            "8224768" : 3,
            "8290304" : 1,
            "8355840" : 8,
            "8454144" : 23,
            "8585216" : 4,
            "8716288" : 2,
            "8847360" : 6,
            "8978432" : 3,
            "9109504" : 3,
            "9240576" : 2,
            "9371648" : 3,
            "9502720" : 1,
            "9633792" : 2,
            "10027008" : 2,
            "10289152" : 1,
            "10420224" : 1,
            "10551296" : 2,
            "10682368" : 2,
            "10813440" : 1,
            "10944512" : 1,
            "11075584" : 1,
            "11468800" : 2,
            "11599872" : 11,
            "11730944" : 43,
            "11862016" : 59,
            "11993088" : 122,
            "12124160" : 244,
            "12255232" : 369,
            "12386304" : 757,
            "12517376" : 2400,
            "12648448" : 5878,
            "12779520" : 14153,
            "12910592" : 29317,
            "13041664" : 47163,
            "13172736" : 64144,
            "13303808" : 81543,
            "13434880" : 92127,
            "13565952" : 96934,
            "13697024" : 96058,
            "13828096" : 89168,
            "13959168" : 79866,
            "14090240" : 70934,
            "14221312" : 62910,
            "14352384" : 57116,
            "14483456" : 53037,
            "14614528" : 46983,
            "14745600" : 42458,
            "14876672" : 40022,
            "15007744" : 36572,
            "15138816" : 33347,
            "15269888" : 28698,
            "15400960" : 24631,
            "15532032" : 21379,
            "15663104" : 18972,
            "15794176" : 15501,
            "15925248" : 13021,
            "16056320" : 10293,
            "16187392" : 8362,
            "16318464" : 6958,
            "16449536" : 5538,
            "16580608" : 4583,
            "16711680" : 3476,
            "16908288" : 5107,
            "17170432" : 3134,
            "17432576" : 1751,
            "17694720" : 907,
            "17956864" : 518,
            "18219008" : 266,
            "18481152" : 135,
            "18743296" : 49,
            "19005440" : 45,
            "19267584" : 42,
            "19529728" : 43,
            "19791872" : 36,
            "20054016" : 64,
            "20316160" : 51,
            "20578304" : 83,
            "20840448" : 74,
            "21102592" : 63,
            "21364736" : 51,
            "21626880" : 41,
            "21889024" : 49,
            "22151168" : 31,
            "22413312" : 18,
            "22675456" : 16,
            "22937600" : 9,
            "23199744" : 3,
            "23461888" : 15,
            "23724032" : 21,
            "23986176" : 3,
            "24248320" : 15,
            "24510464" : 9,
            "24772608" : 15,
            "25034752" : 20,
            "25296896" : 10,
            "25559040" : 32,
            "25821184" : 66,
            "26083328" : 180,
            "26345472" : 508,
            "26607616" : 1958,
            "26869760" : 3614,
            "27131904" : 2613,
            "27394048" : 1850,
            "27656192" : 1744,
            "27918336" : 1332,
            "28180480" : 1336,
            "28442624" : 993,
            "28704768" : 887,
            "28966912" : 512,
            "29229056" : 436,
            "29491200" : 332,
            "29753344" : 329,