{
  "fio version" : "fio-3.8",
  "timestamp" : 1553327931,
  "timestamp_ms" : 1553327931534,
  "time" : "Sat Mar 23 00:58:51 2019",
  "jobs" : [
    {
      "jobname" : "wipc",
      "groupid" : 0,
      "error" : 0,
      "eta" : 0,
      "elapsed" : 1425,
      "job options" : {
        "ioengine" : "libaio",
        "group_reporting" : "1",
        "direct" : "1",
        "rw" : "write",
        "bssplit" : "128KB",
        "numjobs" : "2",
        "iodepth" : "16",
        "size" : "75%",
        "io_size" : "128035676160B",
        "filename" : "/dev/sdg"
      },
      "read" : {
        "io_bytes" : 0,
        "io_kbytes" : 0,
        "bw_bytes" : 0,
        "bw" : 0,
        "iops" : 0.000000,
        "runtime" : 0,
        "total_ios" : 0,
        "short_ios" : 0,
        "drop_ios" : 0,
        "slat_ns" : {
          "min" : 0,
          "max" : 0,
          "mean" : 0.000000,
          "stddev" : 0.000000
        },
        "clat_ns" : {
          "min" : 0,
          "max" : 0,
          "mean" : 0.000000,
          "stddev" : 0.000000,
          "percentile" : {
            "1.000000" : 0,
            "5.000000" : 0,
            "10.000000" : 0,
            "20.000000" : 0,
            "30.000000" : 0,
            "40.000000" : 0,
            "50.000000" : 0,
            "60.000000" : 0,
            "70.000000" : 0,
            "80.000000" : 0,
            "90.000000" : 0,
            "95.000000" : 0,
            "99.000000" : 0,
            "99.500000" : 0,
            "99.900000" : 0,
            "99.950000" : 0,
            "99.990000" : 0
          },
          "bins" : {

          }
        },
        "lat_ns" : {
          "min" : 0,
          "max" : 0,
          "mean" : 0.000000,
          "stddev" : 0.000000
        },
        "bw_min" : 0,
        "bw_max" : 0,
        "bw_agg" : 0.000000,
        "bw_mean" : 0.000000,
        "bw_dev" : 0.000000,
        "bw_samples" : 0,
        "iops_min" : 0,
        "iops_max" : 0,
        "iops_mean" : 0.000000,
        "iops_stddev" : 0.000000,
        "iops_samples" : 0
      },
      "write" : {
        "io_bytes" : 256071434240,
        "io_kbytes" : 250069760,
        "bw_bytes" : 179780121,
        "bw" : 175566,
        "iops" : 1371.613477,
        "runtime" : 1424359,
        "total_ios" : 1953670,
        "short_ios" : 0,
        "drop_ios" : 0,
        "slat_ns" : {
          "min" : 5742,
          "max" : 311559,
          "mean" : 17745.789544,
          "stddev" : 5626.344220
        },
        "clat_ns" : {
          "min" : 861704,
          "max" : 128861691,
          "mean" : 23305867.219790,
          "stddev" : 15260940.655672,
          "percentile" : {
            "1.000000" : 12648448,
            "5.000000" : 12910592,
            "10.000000" : 13041664,
            "20.000000" : 13303808,
            "30.000000" : 13565952,
            "40.000000" : 13828096,
            "50.000000" : 14221312,
            "60.000000" : 14745600,
            "70.000000" : 31850496,
            "80.000000" : 35913728,
            "90.000000" : 53215232,
            "95.000000" : 55836672,
            "99.000000" : 61603840,
            "99.500000" : 64225280,
            "99.900000" : 80216064,
            "99.950000" : 86507520,
            "99.990000" : 103284736
          },
          "bins" : {
            "864256" : 1,
            "1417216" : 1,
            "1433600" : 1,
            "2211840" : 1,
            "2539520" : 1,
            "2932736" : 1,
            "3293184" : 1,
            "3686400" : 1,
            "4079616" : 1,
            "4423680" : 1,
            "4816896" : 1,
            "5210112" : 1,
            "5603328" : 1,
            "5996544" : 1,
            "6324224" : 1,
            "6782976" : 1,
            "7110656" : 1,
            "7438336" : 1,
            "7831552" : 1,
            "8224768" : 1,
            "8585216" : 1,
            "8978432" : 1,
            "9502720" : 1,
            "9895936" : 1,
            "10289152" : 1,
            "10682368" : 1,
            "11075584" : 1,
            "11468800" : 1,
            "11599872" : 12,
            "11730944" : 21,
            "11862016" : 37,
            "11993088" : 84,
            "12124160" : 154,
            "12255232" : 465,
            "12386304" : 1992,
            "12517376" : 7928,
            "12648448" : 22382,
            "12779520" : 47725,
            "12910592" : 73168,
            "13041664" : 91174,
            "13172736" : 96932,
            "13303808" : 97633,
            "13434880" : 98561,
            "13565952" : 95089,
            "13697024" : 84999,
            "13828096" : 74082,
            "13959168" : 65314,
            "14090240" : 59834,
            "14221312" : 59690,
            "14352384" : 57927,
            "14483456" : 54005,
            "14614528" : 45770,
            "14745600" : 39188,
            "14876672" : 33319,
            "15007744" : 28656,
            "15138816" : 23280,
            "15269888" : 18213,
            "15400960" : 14674,
            "15532032" : 10834,
            "15663104" : 8091,
            "15794176" : 5858,
            "15925248" : 4297,
            "16056320" : 3111,
            "16187392" : 2080,
            "16318464" : 1855,
            "16449536" : 1678,
            "16580608" : 1289,
            "16711680" : 1153,
            "16908288" : 1577,
            "17170432" : 731,
            "17432576" : 260,
            "17694720" : 140,
            "17956864" : 63,
            "18219008" : 33,
            "18481152" : 36,
            "18743296" : 26,
            "19005440" : 49,
            "19267584" : 60,
            "19529728" : 63,
            "19791872" : 88,
            "20054016" : 82,
            "20316160" : 81,
            "20578304" : 91,
            "20840448" : 50,
            "21102592" : 57,
            "21364736" : 45,
            "21626880" : 46,
            "21889024" : 22,
            "22151168" : 10,
            "22413312" : 8,
            "22675456" : 4,
            "22937600" : 6,
            "23199744" : 3,
            "23461888" : 6,
            "23724032" : 24,
            "23986176" : 2,
            "24248320" : 4,
            "24510464" : 5,
            "24772608" : 3,
            "25034752" : 6,
            "25296896" : 8,
            "25559040" : 16,
            "25821184" : 21,
            "26083328" : 29,
            "26345472" : 32,
            "26607616" : 47,
            "26869760" : 61,
            "27131904" : 83,
            "27394048" : 140,
            "27656192" : 220,
            "27918336" : 378,
            "28180480" : 1068,
            "28442624" : 2779,
            "28704768" : 4579,
            "28966912" : 3765,
            "29229056" : 2163,
            "29491200" : 1420,
            "29753344" : 1318,
            "30015488" : 1204,
            "30277632" : 1312,
            "30539776" : 1164,
            "30801920" : 1158,
            "31064064" : 1664,
            "31326208" : 2040,
            "31588352" : 2651,
            "31850496" : 3529,
            "32112640" : 4931,
            "32374784" : 6280,
            "32636928" : 7804,
            "32899072" : 9112,
            "33161216" : 10227,
            "33423360" : 11307,
            "33816576" : 27751,
            "34340864" : 34849,
            "34865152" : 37044,
            "35389440" : 34272,
            "35913728" : 31664,
            "36438016" : 28169,
            "36962304" : 21223,
            "37486592" : 14265,
            "38010880" : 10293,
            "38535168" : 8077,
            "39059456" : 7158,
            "39583744" : 6445,
            "40108032" : 5616,
            "40632320" : 4655,
            "41156608" : 3194,
            "41680896" : 2344,
            "42205184" : 1496,
            "42729472" : 792,
            "43253760" : 429,
            "43778048" : 274,
            "44302336" : 239,
            "44826624" : 299,
            "45350912" : 402,
            "45875200" : 720,