{
  "fio version" : "fio-3.8",
  "timestamp" : 1544221888,
  "timestamp_ms" : 1544221888106,
  "time" : "Fri Dec  7 14:31:28 2018",
  "jobs" : [
    {
      "jobname" : "wipc",
      "groupid" : 0,
      "error" : 0,
      "eta" : 0,
      "elapsed" : 1509,
      "job options" : {
        "ioengine" : "libaio",
        "group_reporting" : "1",
        "direct" : "1",
        "rw" : "write",
        "bssplit" : "128KB",
        "numjobs" : "2",
        "iodepth" : "16",
        "size" : "100%",
        "io_size" : "128035676160B",
        "filename" : "/dev/sda"
      },
      "read" : {
        "io_bytes" : 0,
        "io_kbytes" : 0,
        "bw_bytes" : 0,
        "bw" : 0,
        "iops" : 0.000000,
        "runtime" : 0,
        "total_ios" : 0,
        "short_ios" : 0,
        "drop_ios" : 0,
        "slat_ns" : {
          "min" : 0,
          "max" : 0,
          "mean" : 0.000000,
          "stddev" : 0.000000
        },
        "clat_ns" : {
          "min" : 0,
          "max" : 0,
          "mean" : 0.000000,
          "stddev" : 0.000000,
          "percentile" : {
            "1.000000" : 0,
            "5.000000" : 0,
            "10.000000" : 0,
            "20.000000" : 0,
            "30.000000" : 0,
            "40.000000" : 0,
            "50.000000" : 0,
            "60.000000" : 0,
            "70.000000" : 0,
            "80.000000" : 0,
            "90.000000" : 0,
            "95.000000" : 0,
            "99.000000" : 0,
            "99.500000" : 0,
            "99.900000" : 0,
            "99.950000" : 0,
            "99.990000" : 0
          },
          "bins" : {

          }
        },
        "lat_ns" : {
          "min" : 0,
          "max" : 0,
          "mean" : 0.000000,
          "stddev" : 0.000000
        },
        "bw_min" : 0,
        "bw_max" : 0,
        "bw_agg" : 0.000000,
        "bw_mean" : 0.000000,
        "bw_dev" : 0.000000,
        "bw_samples" : 0,
        "iops_min" : 0,
        "iops_max" : 0,
        "iops_mean" : 0.000000,
        "iops_stddev" : 0.000000,
        "iops_samples" : 0
      },
      "write" : {
        "io_bytes" : 256071172096,
        "io_kbytes" : 250069504,
        "bw_bytes" : 169752073,
        "bw" : 165773,
        "iops" : 1295.105539,
        "runtime" : 1508501,
        "total_ios" : 1953668,
        "short_ios" : 0,
        "drop_ios" : 0,
        "slat_ns" : {
          "min" : 5405,
          "max" : 324109,
          "mean" : 12682.545245,
          "stddev" : 3186.296687
        },
        "clat_ns" : {
          "min" : 948857,
          "max" : 86966399,
          "mean" : 24674685.906025,
          "stddev" : 16284659.975761,
          "percentile" : {
            "1.000000" : 12779520,
            "5.000000" : 13041664,
            "10.000000" : 13172736,
            "20.000000" : 13434880,
            "30.000000" : 13697024,
            "40.000000" : 14090240,
            "50.000000" : 14483456,
            "60.000000" : 15138816,
            "70.000000" : 34340864,
            "80.000000" : 37486592,
            "90.000000" : 55312384,
            "95.000000" : 57409536,
            "99.000000" : 62652416,
            "99.500000" : 64225280,
            "99.900000" : 70778880,
            "99.950000" : 72876032,
            "99.990000" : 78118912
          },
          "bins" : {
            "946176" : 1,
            "1417216" : 1,
            "1482752" : 1,
            "2179072" : 1,
            "2572288" : 1,
            "2998272" : 1,
            "3358720" : 1,
            "3719168" : 1,
            "4112384" : 1,
            "4554752" : 1,
            "4816896" : 1,
            "5341184" : 1,
            "5734400" : 1,
            "6127616" : 1,
            "6324224" : 1,
            "6389760" : 1,
            "6520832" : 3,
            "6586368" : 3,
            "6651904" : 4,
            "6717440" : 6,
            "6782976" : 13,
            "6848512" : 19,
            "6914048" : 30,
            "6979584" : 30,
            "7045120" : 26,
            "7110656" : 39,
            "7176192" : 32,
            "7241728" : 25,
            "7307264" : 17,
            "7372800" : 23,
            "7438336" : 25,
            "7503872" : 16,
            "7569408" : 19,
            "7634944" : 28,
            "7700480" : 25,
            "7766016" : 25,
            "7831552" : 21,
            "7897088" : 15,
            "7962624" : 19,
            "8028160" : 19,
            "8093696" : 26,
            "8159232" : 7,
            "8224768" : 13,
            "8290304" : 15,
            "8355840" : 13,
            "8454144" : 19,
            "8585216" : 21,
            "8716288" : 22,
            "8847360" : 31,
            "8978432" : 11,
            "9109504" : 6,
            "9240576" : 5,
            "9371648" : 1,
            "9502720" : 2,
            "9633792" : 1,
            "9895936" : 2,
            "10289152" : 2,
            "10682368" : 1,
            "10813440" : 1,
            "11075584" : 1,
            "11468800" : 1,
            "11730944" : 10,
            "11862016" : 27,
            "11993088" : 74,
            "12124160" : 138,
            "12255232" : 231,
            "12386304" : 599,
            "12517376" : 1342,
            "12648448" : 4564,
            "12779520" : 15850,
            "12910592" : 41506,
            "13041664" : 70629,
            "13172736" : 84306,
            "13303808" : 92524,
            "13434880" : 97326,
            "13565952" : 96390,
            "13697024" : 99197,
            "13828096" : 88769,
            "13959168" : 69556,
            "14090240" : 60927,
            "14221312" : 58670,
            "14352384" : 56557,
            "14483456" : 54519,
            "14614528" : 48811,
            "14745600" : 42205,
            "14876672" : 39761,
            "15007744" : 35412,
            "15138816" : 30795,
            "15269888" : 25252,
            "15400960" : 19474,
            "15532032" : 13763,
            "15663104" : 10015,
            "15794176" : 7757,
            "15925248" : 6246,
            "16056320" : 4572,
            "16187392" : 3541,
            "16318464" : 2797,
            "16449536" : 2380,
            "16580608" : 1916,
            "16711680" : 1497,
            "16908288" : 1954,
            "17170432" : 999,
            "17432576" : 463,
            "17694720" : 317,
            "17956864" : 206,
            "18219008" : 189,
            "18481152" : 160,
            "18743296" : 207,
            "19005440" : 159,
            "19267584" : 124,
            "19529728" : 135,
            "19791872" : 150,
            "20054016" : 147,
            "20316160" : 136,
            "20578304" : 98,
            "20840448" : 76,
            "21102592" : 69,
            "21364736" : 62,
            "21626880" : 66,
            "21889024" : 44,
            "22151168" : 40,
            "22413312" : 29,
            "22675456" : 19,
            "22937600" : 20,
            "23199744" : 23,
            "23461888" : 10,
            "23724032" : 8,
            "23986176" : 12,
            "24248320" : 5,
            "24510464" : 3,
            "24772608" : 9,
            "25034752" : 33,
            "25296896" : 52,
            "25559040" : 56,
            "25821184" : 100,
            "26083328" : 188,
            "26345472" : 421,
            "26607616" : 2414,
            "26869760" : 5105,
            "27131904" : 3110,
            "27394048" : 1489,
            "27656192" : 898,
            "27918336" : 709,
            "28180480" : 747,
            "28442624" : 1164,
            "28704768" : 948,
            "28966912" : 341,
            "29229056" : 185,
            "29491200" : 195,
            "29753344" : 246,
            "30015488" : 281,
            "30277632" : 399,
            "30539776" : 429,
            "30801920" : 467,
            "31064064" : 581,
            "31326208" : 728,
            "31588352" : 799,
            "31850496" : 1025,
            "32112640" : 1314,