{
  "fio version" : "fio-3.8",
  "timestamp" : 1544229096,
  "timestamp_ms" : 1544229096197,
  "time" : "Fri Dec  7 16:31:36 2018",
  "jobs" : [
    {
      "jobname" : "wipc",
      "groupid" : 0,
      "error" : 0,
      "eta" : 0,
      "elapsed" : 1505,
      "job options" : {
        "ioengine" : "libaio",
        "group_reporting" : "1",
        "direct" : "1",
        "rw" : "write",
        "bssplit" : "128KB",
        "numjobs" : "2",
        "iodepth" : "16",
        "size" : "100%",
        "io_size" : "128035676160B",
        "filename" : "/dev/sda"
      },
      "read" : {
        "io_bytes" : 0,
        "io_kbytes" : 0,
        "bw_bytes" : 0,
        "bw" : 0,
        "iops" : 0.000000,
        "runtime" : 0,
        "total_ios" : 0,
        "short_ios" : 0,
        "drop_ios" : 0,
        "slat_ns" : {
          "min" : 0,
          "max" : 0,
          "mean" : 0.000000,
          "stddev" : 0.000000
        },
        "clat_ns" : {
          "min" : 0,
          "max" : 0,
          "mean" : 0.000000,
          "stddev" : 0.000000,
          "percentile" : {
            "1.000000" : 0,
            "5.000000" : 0,
            "10.000000" : 0,
            "20.000000" : 0,
            "30.000000" : 0,
            "40.000000" : 0,
            "50.000000" : 0,
            "60.000000" : 0,
            "70.000000" : 0,
            "80.000000" : 0,
            "90.000000" : 0,
            "95.000000" : 0,
            "99.000000" : 0,
            "99.500000" : 0,
            "99.900000" : 0,
            "99.950000" : 0,
            "99.990000" : 0
          },
          "bins" : {

          }
        },
        "lat_ns" : {
          "min" : 0,
          "max" : 0,
          "mean" : 0.000000,
          "stddev" : 0.000000
        },
        "bw_min" : 0,
        "bw_max" : 0,
        "bw_agg" : 0.000000,
        "bw_mean" : 0.000000,
        "bw_dev" : 0.000000,
        "bw_samples" : 0,
        "iops_min" : 0,
        "iops_max" : 0,
        "iops_mean" : 0.000000,
        "iops_stddev" : 0.000000,
        "iops_samples" : 0
      },
      "write" : {
        "io_bytes" : 256071172096,
        "io_kbytes" : 250069504,
        "bw_bytes" : 170197734,
        "bw" : 166208,
        "iops" : 1298.505667,
        "runtime" : 1504551,
        "total_ios" : 1953668,
        "short_ios" : 0,
        "drop_ios" : 0,
        "slat_ns" : {
          "min" : 5341,
          "max" : 2943194,
          "mean" : 12182.776379,
          "stddev" : 3932.149928
        },
        "clat_ns" : {
          "min" : 951501,
          "max" : 111224825,
          "mean" : 24625448.626268,
          "stddev" : 16084011.021264,
          "percentile" : {
            "1.000000" : 12779520,
            "5.000000" : 13041664,
            "10.000000" : 13172736,
            "20.000000" : 13434880,
            "30.000000" : 13697024,
            "40.000000" : 13959168,
            "50.000000" : 14483456,
            "60.000000" : 15138816,
            "70.000000" : 34340864,
            "80.000000" : 37486592,
            "90.000000" : 54788096,
            "95.000000" : 57409536,
            "99.000000" : 62652416,
            "99.500000" : 64225280,
            "99.900000" : 71827456,
            "99.950000" : 74973184,
            "99.990000" : 81264640
          },
          "bins" : {
            "954368" : 1,
            "1400832" : 1,
            "1449984" : 1,
            "2179072" : 1,
            "2441216" : 1,
            "2932736" : 1,
            "3260416" : 1,
            "3686400" : 1,
            "3981312" : 1,
            "4177920" : 1,
            "4227072" : 1,
            "4423680" : 1,
            "4816896" : 1,
            "5210112" : 1,
            "5537792" : 1,
            "5996544" : 1,
            "6324224" : 1,
            "6455296" : 1,
            "6520832" : 2,
            "6586368" : 2,
            "6782976" : 7,
            "6848512" : 7,
            "6914048" : 11,
            "6979584" : 2,
            "7045120" : 5,
            "7110656" : 12,
            "7176192" : 2,
            "7241728" : 5,
            "7307264" : 6,
            "7372800" : 2,
            "7438336" : 4,
            "7503872" : 2,
            "7634944" : 2,
            "7700480" : 1,
            "7831552" : 2,
            "7897088" : 3,
            "7962624" : 5,
            "8028160" : 2,
            "8093696" : 3,
            "8224768" : 1,
            "8290304" : 1,
            "8355840" : 1,
            "8454144" : 1,
            "8585216" : 1,
            "8716288" : 2,
            "8847360" : 1,
            "8978432" : 1,
            "9109504" : 3,
            "9502720" : 1,
            "9633792" : 1,
            "10027008" : 2,
            "10289152" : 2,
            "10682368" : 1,
            "10813440" : 2,
            "11075584" : 1,
            "11206656" : 1,
            "11337728" : 2,
            "11468800" : 1,
            "11599872" : 9,
            "11730944" : 19,
            "11862016" : 28,
            "11993088" : 82,
            "12124160" : 163,
            "12255232" : 273,
            "12386304" : 537,
            "12517376" : 1522,
            "12648448" : 4836,
            "12779520" : 16435,
            "12910592" : 42365,
            "13041664" : 73760,
            "13172736" : 92920,
            "13303808" : 101076,
            "13434880" : 102490,
            "13565952" : 101336,
            "13697024" : 101320,
            "13828096" : 87860,
            "13959168" : 67763,
            "14090240" : 58865,
            "14221312" : 54306,
            "14352384" : 51627,
            "14483456" : 49920,
            "14614528" : 44870,
            "14745600" : 40273,
            "14876672" : 36963,
            "15007744" : 33735,
            "15138816" : 29365,
            "15269888" : 23152,
            "15400960" : 16368,
            "15532032" : 11145,
            "15663104" : 8164,
            "15794176" : 5809,
            "15925248" : 4492,
            "16056320" : 3218,
            "16187392" : 2675,
            "16318464" : 2084,
            "16449536" : 1713,
            "16580608" : 1307,
            "16711680" : 1094,
            "16908288" : 1400,
            "17170432" : 904,
            "17432576" : 462,
            "17694720" : 241,
            "17956864" : 134,
            "18219008" : 103,
            "18481152" : 99,
            "18743296" : 76,
            "19005440" : 105,
            "19267584" : 101,
            "19529728" : 59,
            "19791872" : 54,
            "20054016" : 40,
            "20316160" : 29,
            "20578304" : 13,
            "20840448" : 12,
            "21102592" : 13,
            "21364736" : 7,
            "21626880" : 11,
            "21889024" : 2,
            "22413312" : 1,
            "22675456" : 1,
            "23199744" : 1,
            "23724032" : 2,
            "23986176" : 2,
            "24248320" : 1,
            "24510464" : 3,
            "24772608" : 10,
            "25034752" : 23,
            "25296896" : 59,
            "25559040" : 80,
            "25821184" : 109,
            "26083328" : 149,
            "26345472" : 343,
            "26607616" : 2077,
            "26869760" : 5916,
            "27131904" : 3703,
            "27394048" : 1956,
            "27656192" : 1238,
            "27918336" : 906,
            "28180480" : 710,
            "28442624" : 425,
            "28704768" : 232,
            "28966912" : 139,
            "29229056" : 145,
            "29491200" : 176,
            "29753344" : 233,
            "30015488" : 389,
            "30277632" : 461,
            "30539776" : 547,
            "30801920" : 632,
            "31064064" : 692,
            "31326208" : 935,
            "31588352" : 1246,
            "31850496" : 1531,
            "32112640" : 2234,
            "32374784" : 3037,
            "32636928" : 4090,
            "32899072" : 5327,
            "33161216" : 6711,
            "33423360" : 8171,