{
  "fio version" : "fio-3.8",
  "timestamp" : 1543308488,
  "timestamp_ms" : 1543308488408,
  "time" : "Tue Nov 27 08:48:08 2018",
  "jobs" : [
    {
      "jobname" : "wipc",
      "groupid" : 0,
      "error" : 0,
      "eta" : 0,
      "elapsed" : 1345,
      "job options" : {
        "ioengine" : "libaio",
        "group_reporting" : "1",
        "direct" : "1",
        "rw" : "write",
        "bssplit" : "128KB",
        "numjobs" : "2",
        "iodepth" : "16",
        "size" : "75%",
        "io_size" : "128035676160B",
        "filename" : "/dev/sda"
      },
      "read" : {
        "io_bytes" : 0,
        "io_kbytes" : 0,
        "bw_bytes" : 0,
        "bw" : 0,
        "iops" : 0.000000,
        "runtime" : 0,
        "total_ios" : 0,
        "short_ios" : 0,
        "drop_ios" : 0,
        "slat_ns" : {
          "min" : 0,
          "max" : 0,
          "mean" : 0.000000,
          "stddev" : 0.000000
        },
        "clat_ns" : {
          "min" : 0,
          "max" : 0,
          "mean" : 0.000000,
          "stddev" : 0.000000,
          "percentile" : {
            "1.000000" : 0,
            "5.000000" : 0,
            "10.000000" : 0,
            "20.000000" : 0,
            "30.000000" : 0,
            "40.000000" : 0,
            "50.000000" : 0,
            "60.000000" : 0,
            "70.000000" : 0,
            "80.000000" : 0,
            "90.000000" : 0,
            "95.000000" : 0,
            "99.000000" : 0,
            "99.500000" : 0,
            "99.900000" : 0,
            "99.950000" : 0,
            "99.990000" : 0
          },
          "bins" : {

          }
        },
        "lat_ns" : {
          "min" : 0,
          "max" : 0,
          "mean" : 0.000000,
          "stddev" : 0.000000
        },
        "bw_min" : 0,
        "bw_max" : 0,
        "bw_agg" : 0.000000,
        "bw_mean" : 0.000000,
        "bw_dev" : 0.000000,
        "bw_samples" : 0,
        "iops_min" : 0,
        "iops_max" : 0,
        "iops_mean" : 0.000000,
        "iops_stddev" : 0.000000,
        "iops_samples" : 0
      },
      "write" : {
        "io_bytes" : 256071434240,
        "io_kbytes" : 250069760,
        "bw_bytes" : 190417838,
        "bw" : 185954,
        "iops" : 1452.772818,
        "runtime" : 1344787,
        "total_ios" : 1953670,
        "short_ios" : 0,
        "drop_ios" : 0,
        "slat_ns" : {
          "min" : 32375,
          "max" : 12013750,
          "mean" : 63585.632019,
          "stddev" : 41401.340834
        },
        "clat_ns" : {
          "min" : 1864917,
          "max" : 124494708,
          "mean" : 21951518.828351,
          "stddev" : 15314194.402634,
          "percentile" : {
            "1.000000" : 12124160,
            "5.000000" : 12386304,
            "10.000000" : 12517376,
            "20.000000" : 12779520,
            "30.000000" : 13041664,
            "40.000000" : 13172736,
            "50.000000" : 13434880,
            "60.000000" : 13959168,
            "70.000000" : 14876672,
            "80.000000" : 35913728,
            "90.000000" : 53739520,
            "95.000000" : 56885248,
            "99.000000" : 62652416,
            "99.500000" : 64749568,
            "99.900000" : 73924608,
            "99.950000" : 79167488,
            "99.990000" : 93847552
          },
          "bins" : {
            "1859584" : 1,
            "1892352" : 1,
            "1908736" : 1,
            "1941504" : 3,
            "2088960" : 1,
            "2113536" : 2,
            "2179072" : 1,
            "3227648" : 2,
            "3325952" : 1,
            "4227072" : 3,
            "4358144" : 1,
            "4554752" : 1,
            "4685824" : 1,
            "5013504" : 2,
            "5341184" : 2,
            "5472256" : 2,
            "5537792" : 1,
            "5668864" : 2,
            "5799936" : 1,
            "5865472" : 1,
            "5996544" : 1,
            "6062080" : 3,
            "6127616" : 1,
            "6193152" : 1,
            "6258688" : 1,
            "6324224" : 2,
            "6389760" : 5,
            "6455296" : 5,
            "6520832" : 9,
            "6586368" : 6,
            "6651904" : 9,
            "6717440" : 11,
            "6782976" : 2,
            "6848512" : 5,
            "6914048" : 3,
            "6979584" : 6,
            "7045120" : 7,
            "7110656" : 7,
            "7176192" : 12,
            "7241728" : 13,
            "7307264" : 7,
            "7372800" : 11,
            "7438336" : 13,
            "7503872" : 6,
            "7569408" : 14,
            "7634944" : 7,
            "7700480" : 10,
            "7766016" : 14,
            "7831552" : 10,
            "7897088" : 10,
            "7962624" : 18,
            "8028160" : 13,
            "8093696" : 14,
            "8159232" : 16,
            "8224768" : 14,
            "8290304" : 14,
            "8355840" : 8,
            "8454144" : 34,
            "8585216" : 35,
            "8716288" : 45,
            "8847360" : 29,
            "8978432" : 57,
            "9109504" : 38,
            "9240576" : 41,
            "9371648" : 45,
            "9502720" : 47,
            "9633792" : 44,
            "9764864" : 73,
            "9895936" : 55,
            "10027008" : 75,
            "10158080" : 83,
            "10289152" : 145,
            "10420224" : 188,
            "10551296" : 241,
            "10682368" : 379,
            "10813440" : 502,
            "10944512" : 526,
            "11075584" : 503,
            "11206656" : 561,
            "11337728" : 753,
            "11468800" : 1049,
            "11599872" : 1475,
            "11730944" : 1718,
            "11862016" : 2595,
            "11993088" : 5293,
            "12124160" : 12193,
            "12255232" : 28656,
            "12386304" : 57315,
            "12517376" : 87592,
            "12648448" : 115342,
            "12779520" : 131158,
            "12910592" : 130963,
            "13041664" : 120806,
            "13172736" : 106653,
            "13303808" : 94261,
            "13434880" : 80813,
            "13565952" : 66825,
            "13697024" : 55308,
            "13828096" : 46627,
            "13959168" : 40750,
            "14090240" : 37303,
            "14221312" : 33857,
            "14352384" : 31212,
            "14483456" : 27420,
            "14614528" : 23464,
            "14745600" : 18507,
            "14876672" : 14048,
            "15007744" : 9865,
            "15138816" : 7004,
            "15269888" : 5152,
            "15400960" : 3667,
            "15532032" : 2756,
            "15663104" : 2064,
            "15794176" : 1588,
            "15925248" : 978,
            "16056320" : 781,
            "16187392" : 627,
            "16318464" : 443,
            "16449536" : 398,
            "16580608" : 289,
            "16711680" : 217,
            "16908288" : 556,
            "17170432" : 530,
            "17432576" : 430,
            "17694720" : 281,
            "17956864" : 205,
            "18219008" : 152,
            "18481152" : 129,
            "18743296" : 116,
            "19005440" : 71,
            "19267584" : 59,
            "19529728" : 46,
            "19791872" : 44,
            "20054016" : 28,
            "20316160" : 29,
            "20578304" : 39,
            "20840448" : 38,
            "21102592" : 20,
            "21364736" : 26,
            "21626880" : 25,
            "21889024" : 26,
            "22151168" : 25,
            "22413312" : 26,
            "22675456" : 31,
            "22937600" : 15,
            "23199744" : 14,
            "23461888" : 18,
            "23724032" : 36,
            "23986176" : 50,
            "24248320" : 88,
            "24510464" : 123,
            "24772608" : 155,
            "25034752" : 247,
            "25296896" : 439,
            "25559040" : 1371,
            "25821184" : 3307,
            "26083328" : 2295,
            "26345472" : 2287,
            "26607616" : 1823,