{
  "fio version" : "fio-3.8",
  "timestamp" : 1545389280,
  "timestamp_ms" : 1545389280821,
  "time" : "Fri Dec 21 02:48:00 2018",
  "jobs" : [
    {
      "jobname" : "wipc",
      "groupid" : 0,
      "error" : 0,
      "eta" : 0,
      "elapsed" : 1532,
      "job options" : {
        "ioengine" : "libaio",
        "group_reporting" : "1",
        "direct" : "1",
        "rw" : "write",
        "bssplit" : "128KB",
        "numjobs" : "2",
        "iodepth" : "16",
        "size" : "100%",
        "io_size" : "128035676160B",
        "filename" : "/dev/sdc"
      },
      "read" : {
        "io_bytes" : 0,
        "io_kbytes" : 0,
        "bw_bytes" : 0,
        "bw" : 0,
        "iops" : 0.000000,
        "runtime" : 0,
        "total_ios" : 0,
        "short_ios" : 0,
        "drop_ios" : 0,
        "slat_ns" : {
          "min" : 0,
          "max" : 0,
          "mean" : 0.000000,
          "stddev" : 0.000000
        },
        "clat_ns" : {
          "min" : 0,
          "max" : 0,
          "mean" : 0.000000,
          "stddev" : 0.000000,
          "percentile" : {
            "1.000000" : 0,
            "5.000000" : 0,
            "10.000000" : 0,
            "20.000000" : 0,
            "30.000000" : 0,
            "40.000000" : 0,
            "50.000000" : 0,
            "60.000000" : 0,
            "70.000000" : 0,
            "80.000000" : 0,
            "90.000000" : 0,
            "95.000000" : 0,
            "99.000000" : 0,
            "99.500000" : 0,
            "99.900000" : 0,
            "99.950000" : 0,
            "99.990000" : 0
          },
          "bins" : {

          }
        },
        "lat_ns" : {
          "min" : 0,
          "max" : 0,
          "mean" : 0.000000,
          "stddev" : 0.000000
        },
        "bw_min" : 0,
        "bw_max" : 0,
        "bw_agg" : 0.000000,
        "bw_mean" : 0.000000,
        "bw_dev" : 0.000000,
        "bw_samples" : 0,
        "iops_min" : 0,
        "iops_max" : 0,
        "iops_mean" : 0.000000,
        "iops_stddev" : 0.000000,
        "iops_samples" : 0
      },
      "write" : {
        "io_bytes" : 256071172096,
        "io_kbytes" : 250069504,
        "bw_bytes" : 167211480,
        "bw" : 163292,
        "iops" : 1275.722352,
        "runtime" : 1531421,
        "total_ios" : 1953668,
        "short_ios" : 0,
        "drop_ios" : 0,
        "slat_ns" : {
          "min" : 5347,
          "max" : 318905,
          "mean" : 12621.617294,
          "stddev" : 4439.362249
        },
        "clat_ns" : {
          "min" : 807143,
          "max" : 95893402,
          "mean" : 25068202.884945,
          "stddev" : 16094465.133316,
          "percentile" : {
            "1.000000" : 12910592,
            "5.000000" : 13172736,
            "10.000000" : 13303808,
            "20.000000" : 13697024,
            "30.000000" : 13959168,
            "40.000000" : 14221312,
            "50.000000" : 14614528,
            "60.000000" : 15269888,
            "70.000000" : 35389440,
            "80.000000" : 38010880,
            "90.000000" : 55836672,
            "95.000000" : 58458112,
            "99.000000" : 63700992,
            "99.500000" : 65273856,
            "99.900000" : 72876032,
            "99.950000" : 74973184,
            "99.990000" : 81264640
          },
          "bins" : {
            "806912" : 1,
            "1368064" : 1,
            "1400832" : 1,
            "2146304" : 1,
            "2506752" : 1,
            "2867200" : 1,
            "3325952" : 1,
            "3686400" : 1,
            "4014080" : 1,
            "4423680" : 1,
            "4751360" : 1,
            "5275648" : 1,
            "5603328" : 1,
            "5996544" : 1,
            "6324224" : 1,
            "6717440" : 1,
            "7110656" : 1,
            "7438336" : 1,
            "7831552" : 1,
            "8159232" : 1,
            "8454144" : 1,
            "8847360" : 1,
            "9764864" : 1,
            "10158080" : 1,
            "10420224" : 1,
            "10682368" : 1,
            "10813440" : 1,
            "11075584" : 1,
            "11206656" : 1,
            "11337728" : 8,
            "11468800" : 10,
            "11599872" : 34,
            "11730944" : 62,
            "11862016" : 78,
            "11993088" : 124,
            "12124160" : 148,
            "12255232" : 181,
            "12386304" : 317,
            "12517376" : 617,
            "12648448" : 1769,
            "12779520" : 5879,
            "12910592" : 16988,
            "13041664" : 35424,
            "13172736" : 57321,
            "13303808" : 77632,
            "13434880" : 91957,
            "13565952" : 100976,
            "13697024" : 100147,
            "13828096" : 95857,
            "13959168" : 89827,
            "14090240" : 83037,
            "14221312" : 75928,
            "14352384" : 67894,
            "14483456" : 57163,
            "14614528" : 50219,
            "14745600" : 44779,
            "14876672" : 38082,
            "15007744" : 32436,
            "15138816" : 28213,
            "15269888" : 23841,
            "15400960" : 20625,
            "15532032" : 16863,
            "15663104" : 12789,
            "15794176" : 8799,
            "15925248" : 5728,
            "16056320" : 3454,
            "16187392" : 2120,
            "16318464" : 1154,
            "16449536" : 701,
            "16580608" : 408,
            "16711680" : 220,
            "16908288" : 201,
            "17170432" : 136,
            "17432576" : 122,
            "17694720" : 101,
            "17956864" : 62,
            "18219008" : 34,
            "18481152" : 13,
            "18743296" : 4,
            "19005440" : 13,
            "19267584" : 29,
            "19529728" : 51,
            "19791872" : 60,
            "20054016" : 72,
            "20316160" : 75,
            "20578304" : 80,
            "20840448" : 85,
            "21102592" : 59,
            "21364736" : 49,
            "21626880" : 34,
            "21889024" : 29,
            "22151168" : 22,
            "22413312" : 16,
            "22675456" : 8,
            "23199744" : 3,
            "23461888" : 3,
            "23724032" : 3,
            "23986176" : 2,
            "24248320" : 2,
            "24510464" : 4,
            "24772608" : 21,
            "25034752" : 5,
            "25296896" : 6,
            "25559040" : 19,
            "25821184" : 22,
            "26083328" : 58,
            "26345472" : 122,
            "26607616" : 574,
            "26869760" : 2101,
            "27131904" : 3904,
            "27394048" : 3727,
            "27656192" : 2699,
            "27918336" : 1621,
            "28180480" : 920,
            "28442624" : 637,
            "28704768" : 571,
            "28966912" : 410,
            "29229056" : 244,
            "29491200" : 202,
            "29753344" : 232,
            "30015488" : 190,
            "30277632" : 228,
            "30539776" : 287,
            "30801920" : 380,
            "31064064" : 465,
            "31326208" : 502,
            "31588352" : 657,
            "31850496" : 906,
            "32112640" : 1060,
            "32374784" : 1482,
            "32636928" : 1990,
            "32899072" : 2755,
            "33161216" : 3754,
            "33423360" : 5213,
            "33816576" : 16310,
            "34340864" : 23288,
            "34865152" : 30333,
            "35389440" : 38078,
            "35913728" : 44297,
            "36438016" : 44670,
            "36962304" : 40688,
            "37486592" : 34747,
            "38010880" : 29012,
            "38535168" : 21451,
            "39059456" : 14980,
            "39583744" : 11290,
            "40108032" : 9454,
            "40632320" : 8607,
            "41156608" : 7721,
            "41680896" : 6696,
            "42205184" : 5515,
            "42729472" : 4309,
            "43253760" : 3298,
            "43778048" : 2016,
            "44302336" : 1211,
            "44826624" : 696,