{
  "fio version" : "fio-3.8",
  "timestamp" : 1545063655,
  "timestamp_ms" : 1545063655063,
  "time" : "Mon Dec 17 08:20:55 2018",
  "jobs" : [
    {
      "jobname" : "wipc",
      "groupid" : 0,
      "error" : 0,
      "eta" : 0,
      "elapsed" : 1533,
      "job options" : {
        "ioengine" : "libaio",
        "group_reporting" : "1",
        "direct" : "1",
        "rw" : "write",
        "bssplit" : "128KB",
        "numjobs" : "2",
        "iodepth" : "16",
        "size" : "100%",
        "io_size" : "128035676160B",
        "filename" : "/dev/sdc"
      },
      "read" : {
        "io_bytes" : 0,
        "io_kbytes" : 0,
        "bw_bytes" : 0,
        "bw" : 0,
        "iops" : 0.000000,
        "runtime" : 0,
        "total_ios" : 0,
        "short_ios" : 0,
        "drop_ios" : 0,
        "slat_ns" : {
          "min" : 0,
          "max" : 0,
          "mean" : 0.000000,
          "stddev" : 0.000000
        },
        "clat_ns" : {
          "min" : 0,
          "max" : 0,
          "mean" : 0.000000,
          "stddev" : 0.000000,
          "percentile" : {
            "1.000000" : 0,
            "5.000000" : 0,
            "10.000000" : 0,
            "20.000000" : 0,
            "30.000000" : 0,
            "40.000000" : 0,
            "50.000000" : 0,
            "60.000000" : 0,
            "70.000000" : 0,
            "80.000000" : 0,
            "90.000000" : 0,
            "95.000000" : 0,
            "99.000000" : 0,
            "99.500000" : 0,
            "99.900000" : 0,
            "99.950000" : 0,
            "99.990000" : 0
          },
          "bins" : {

          }
        },
        "lat_ns" : {
          "min" : 0,
          "max" : 0,
          "mean" : 0.000000,
          "stddev" : 0.000000
        },
        "bw_min" : 0,
        "bw_max" : 0,
        "bw_agg" : 0.000000,
        "bw_mean" : 0.000000,
        "bw_dev" : 0.000000,
        "bw_samples" : 0,
        "iops_min" : 0,
        "iops_max" : 0,
        "iops_mean" : 0.000000,
        "iops_stddev" : 0.000000,
        "iops_samples" : 0
      },
      "write" : {
        "io_bytes" : 256071172096,
        "io_kbytes" : 250069504,
        "bw_bytes" : 167157777,
        "bw" : 163240,
        "iops" : 1275.312632,
        "runtime" : 1531913,
        "total_ios" : 1953668,
        "short_ios" : 0,
        "drop_ios" : 0,
        "slat_ns" : {
          "min" : 5538,
          "max" : 326802,
          "mean" : 14417.092286,
          "stddev" : 4810.620024
        },
        "clat_ns" : {
          "min" : 496292,
          "max" : 93321165,
          "mean" : 25066273.098037,
          "stddev" : 16190474.131750,
          "percentile" : {
            "1.000000" : 13041664,
            "5.000000" : 13303808,
            "10.000000" : 13565952,
            "20.000000" : 13828096,
            "30.000000" : 14090240,
            "40.000000" : 14483456,
            "50.000000" : 14876672,
            "60.000000" : 15532032,
            "70.000000" : 34340864,
            "80.000000" : 37486592,
            "90.000000" : 55836672,
            "95.000000" : 58458112,
            "99.000000" : 63700992,
            "99.500000" : 64749568,
            "99.900000" : 71827456,
            "99.950000" : 73924608,
            "99.990000" : 80216064
          },
          "bins" : {
            "497664" : 1,
            "1318912" : 1,
            "1384448" : 1,
            "2072576" : 1,
            "2375680" : 1,
            "2768896" : 1,
            "3293184" : 1,
            "3620864" : 1,
            "4046848" : 1,
            "4423680" : 1,
            "4816896" : 1,
            "5275648" : 1,
            "5603328" : 1,
            "5996544" : 1,
            "6389760" : 1,
            "6520832" : 1,
            "6586368" : 3,
            "6651904" : 5,
            "6717440" : 2,
            "6782976" : 6,
            "6848512" : 5,
            "6914048" : 10,
            "6979584" : 16,
            "7045120" : 22,
            "7110656" : 26,
            "7176192" : 36,
            "7241728" : 31,
            "7307264" : 19,
            "7372800" : 35,
            "7438336" : 43,
            "7503872" : 39,
            "7569408" : 28,
            "7634944" : 35,
            "7700480" : 26,
            "7766016" : 16,
            "7831552" : 11,
            "7897088" : 11,
            "7962624" : 7,
            "8028160" : 19,
            "8093696" : 13,
            "8159232" : 13,
            "8224768" : 19,
            "8290304" : 14,
            "8355840" : 9,
            "8454144" : 20,
            "8585216" : 30,
            "8716288" : 30,
            "8847360" : 16,
            "8978432" : 9,
            "9109504" : 9,
            "9240576" : 2,
            "9371648" : 2,
            "9502720" : 3,
            "9633792" : 2,
            "9764864" : 1,
            "9895936" : 1,
            "10027008" : 2,
            "10420224" : 2,
            "10551296" : 3,
            "10813440" : 1,
            "10944512" : 5,
            "11075584" : 4,
            "11337728" : 2,
            "11599872" : 1,
            "11730944" : 1,
            "11862016" : 4,
            "11993088" : 7,
            "12124160" : 16,
            "12255232" : 38,
            "12386304" : 107,
            "12517376" : 161,
            "12648448" : 442,
            "12779520" : 1672,
            "12910592" : 5646,
            "13041664" : 15014,
            "13172736" : 32300,
            "13303808" : 54253,
            "13434880" : 73491,
            "13565952" : 86163,
            "13697024" : 89586,
            "13828096" : 91338,
            "13959168" : 90892,
            "14090240" : 86359,
            "14221312" : 76307,
            "14352384" : 67019,
            "14483456" : 60434,
            "14614528" : 57818,
            "14745600" : 56313,
            "14876672" : 49926,
            "15007744" : 44633,
            "15138816" : 39798,
            "15269888" : 35429,
            "15400960" : 31907,
            "15532032" : 27729,
            "15663104" : 22582,
            "15794176" : 18109,
            "15925248" : 14379,
            "16056320" : 10933,
            "16187392" : 8453,
            "16318464" : 6000,
            "16449536" : 4567,
            "16580608" : 3519,
            "16711680" : 2834,
            "16908288" : 4287,
            "17170432" : 3401,
            "17432576" : 1816,
            "17694720" : 844,
            "17956864" : 349,
            "18219008" : 181,
            "18481152" : 89,
            "18743296" : 67,
            "19005440" : 73,
            "19267584" : 57,
            "19529728" : 58,
            "19791872" : 43,
            "20054016" : 56,
            "20316160" : 40,
            "20578304" : 55,
            "20840448" : 71,
            "21102592" : 67,
            "21364736" : 72,
            "21626880" : 61,
            "21889024" : 66,
            "22151168" : 73,
            "22413312" : 72,
            "22675456" : 60,
            "22937600" : 47,
            "23199744" : 34,
            "23461888" : 31,
            "23724032" : 42,
            "23986176" : 29,
            "24248320" : 19,
            "24510464" : 3,
            "24772608" : 7,
            "25034752" : 7,
            "25296896" : 3,
            "25559040" : 9,
            "25821184" : 22,
            "26083328" : 34,
            "26345472" : 75,
            "26607616" : 152,
            "26869760" : 565,
            "27131904" : 2409,
            "27394048" : 3942,
            "27656192" : 2734,
            "27918336" : 1726,
            "28180480" : 909,
            "28442624" : 1071,
            "28704768" : 1539,
            "28966912" : 1394,
            "29229056" : 746,
            "29491200" : 395,
            "29753344" : 308,
            "30015488" : 296,
            "30277632" : 343,
            "30539776" : 356,
            "30801920" : 523,
            "31064064" : 613,
            "31326208" : 843,
            "31588352" : 1063,