{
  "fio version" : "fio-3.8",
  "timestamp" : 1552305083,
  "timestamp_ms" : 1552305083326,
  "time" : "Mon Mar 11 04:51:23 2019",
  "jobs" : [
    {
      "jobname" : "wipc",
      "groupid" : 0,
      "error" : 0,
      "eta" : 0,
      "elapsed" : 1424,
      "job options" : {
        "ioengine" : "libaio",
        "group_reporting" : "1",
        "direct" : "1",
        "rw" : "write",
        "bssplit" : "128KB",
        "numjobs" : "2",
        "iodepth" : "16",
        "size" : "75%",
        "io_size" : "128035676160B",
        "filename" : "/dev/sdb"
      },
      "read" : {
        "io_bytes" : 0,
        "io_kbytes" : 0,
        "bw_bytes" : 0,
        "bw" : 0,
        "iops" : 0.000000,
        "runtime" : 0,
        "total_ios" : 0,
        "short_ios" : 0,
        "drop_ios" : 0,
        "slat_ns" : {
          "min" : 0,
          "max" : 0,
          "mean" : 0.000000,
          "stddev" : 0.000000
        },
        "clat_ns" : {
          "min" : 0,
          "max" : 0,
          "mean" : 0.000000,
          "stddev" : 0.000000,
          "percentile" : {
            "1.000000" : 0,
            "5.000000" : 0,
            "10.000000" : 0,
            "20.000000" : 0,
            "30.000000" : 0,
            "40.000000" : 0,
            "50.000000" : 0,
            "60.000000" : 0,
            "70.000000" : 0,
            "80.000000" : 0,
            "90.000000" : 0,
            "95.000000" : 0,
            "99.000000" : 0,
            "99.500000" : 0,
            "99.900000" : 0,
            "99.950000" : 0,
            "99.990000" : 0
          },
          "bins" : {

          }
        },
        "lat_ns" : {
          "min" : 0,
          "max" : 0,
          "mean" : 0.000000,
          "stddev" : 0.000000
        },
        "bw_min" : 0,
        "bw_max" : 0,
        "bw_agg" : 0.000000,
        "bw_mean" : 0.000000,
        "bw_dev" : 0.000000,
        "bw_samples" : 0,
        "iops_min" : 0,
        "iops_max" : 0,
        "iops_mean" : 0.000000,
        "iops_stddev" : 0.000000,
        "iops_samples" : 0
      },
      "write" : {
        "io_bytes" : 256071434240,
        "io_kbytes" : 250069760,
        "bw_bytes" : 179926654,
        "bw" : 175709,
        "iops" : 1372.731431,
        "runtime" : 1423199,
        "total_ios" : 1953670,
        "short_ios" : 0,
        "drop_ios" : 0,
        "slat_ns" : {
          "min" : 5540,
          "max" : 396121,
          "mean" : 15287.822864,
          "stddev" : 5020.735824
        },
        "clat_ns" : {
          "min" : 903725,
          "max" : 120320333,
          "mean" : 23285094.033744,
          "stddev" : 15580690.406857,
          "percentile" : {
            "1.000000" : 13041664,
            "5.000000" : 13303808,
            "10.000000" : 13565952,
            "20.000000" : 13828096,
            "30.000000" : 14090240,
            "40.000000" : 14352384,
            "50.000000" : 14614528,
            "60.000000" : 15138816,
            "70.000000" : 16056320,
            "80.000000" : 36438016,
            "90.000000" : 54788096,
            "95.000000" : 57933824,
            "99.000000" : 63700992,
            "99.500000" : 65798144,
            "99.900000" : 79167488,
            "99.950000" : 88604672,
            "99.990000" : 102236160
          },
          "bins" : {
            "905216" : 1,
            "1384448" : 1,
            "1433600" : 1,
            "2146304" : 1,
            "2506752" : 1,
            "2899968" : 1,
            "3424256" : 1,
            "3817472" : 1,
            "4177920" : 1,
            "4620288" : 1,
            "5013504" : 1,
            "5472256" : 1,
            "5865472" : 1,
            "6193152" : 1,
            "6586368" : 1,
            "6979584" : 1,
            "7372800" : 1,
            "7766016" : 1,
            "8028160" : 1,
            "8454144" : 1,
            "8847360" : 1,
            "9240576" : 1,
            "9633792" : 1,
            "10027008" : 1,
            "10420224" : 1,
            "10813440" : 1,
            "11206656" : 1,
            "11599872" : 1,
            "11993088" : 3,
            "12124160" : 5,
            "12255232" : 37,
            "12386304" : 58,
            "12517376" : 127,
            "12648448" : 396,
            "12779520" : 1734,
            "12910592" : 6213,
            "13041664" : 16632,
            "13172736" : 32474,
            "13303808" : 53052,
            "13434880" : 72643,
            "13565952" : 87595,
            "13697024" : 97579,
            "13828096" : 106171,
            "13959168" : 107673,
            "14090240" : 99771,
            "14221312" : 87134,
            "14352384" : 79682,
            "14483456" : 73519,
            "14614528" : 70125,
            "14745600" : 62337,
            "14876672" : 54657,
            "15007744" : 49126,
            "15138816" : 44799,
            "15269888" : 40677,
            "15400960" : 36741,
            "15532032" : 30393,
            "15663104" : 23628,
            "15794176" : 17759,
            "15925248" : 13405,
            "16056320" : 9133,
            "16187392" : 6516,
            "16318464" : 4863,
            "16449536" : 3478,
            "16580608" : 2591,
            "16711680" : 2071,
            "16908288" : 3060,
            "17170432" : 1883,
            "17432576" : 1111,
            "17694720" : 500,
            "17956864" : 257,
            "18219008" : 146,
            "18481152" : 111,
            "18743296" : 105,
            "19005440" : 78,
            "19267584" : 71,
            "19529728" : 92,
            "19791872" : 67,
            "20054016" : 78,
            "20316160" : 83,
            "20578304" : 89,
            "20840448" : 71,
            "21102592" : 85,
            "21364736" : 52,
            "21626880" : 47,
            "21889024" : 35,
            "22151168" : 39,
            "22413312" : 24,
            "22675456" : 18,
            "22937600" : 5,
            "23199744" : 10,
            "23461888" : 16,
            "23724032" : 6,
            "23986176" : 7,
            "24248320" : 13,
            "24510464" : 3,
            "24772608" : 3,
            "25034752" : 4,
            "25296896" : 7,
            "25559040" : 18,
            "25821184" : 34,
            "26083328" : 56,
            "26345472" : 82,
            "26607616" : 235,
            "26869760" : 901,
            "27131904" : 2701,
            "27394048" : 3896,
            "27656192" : 3936,
            "27918336" : 2771,
            "28180480" : 1858,
            "28442624" : 1266,
            "28704768" : 750,
            "28966912" : 550,
            "29229056" : 382,
            "29491200" : 291,
            "29753344" : 263,
            "30015488" : 225,
            "30277632" : 266,
            "30539776" : 302,
            "30801920" : 369,
            "31064064" : 492,
            "31326208" : 598,
            "31588352" : 864,
            "31850496" : 1111,
            "32112640" : 1476,
            "32374784" : 1850,
            "32636928" : 2290,
            "32899072" : 2778,
            "33161216" : 3776,
            "33423360" : 4699,
            "33816576" : 12085,
            "34340864" : 16474,
            "34865152" : 20366,
            "35389440" : 24119,
            "35913728" : 27482,
            "36438016" : 27181,
            "36962304" : 23989,
            "37486592" : 22402,
            "38010880" : 18911,
            "38535168" : 13528,
            "39059456" : 9289,
            "39583744" : 7399,
            "40108032" : 6114,
            "40632320" : 5357,
            "41156608" : 4882,
            "41680896" : 4296,
            "42205184" : 3799,
            "42729472" : 2956,
            "43253760" : 2181,
            "43778048" : 1660,
            "44302336" : 900,
            "44826624" : 643,
            "45350912" : 420,
            "45875200" : 262,
            "46399488" : 246,
            "46923776" : 252,
            "47448064" : 318,