{
  "fio version" : "fio-3.8",
  "timestamp" : 1544860794,
  "timestamp_ms" : 1544860794239,
  "time" : "Fri Dec 14 23:59:54 2018",
  "jobs" : [
    {
      "jobname" : "wipc",
      "groupid" : 0,
      "error" : 0,
      "eta" : 0,
      "elapsed" : 1516,
      "job options" : {
        "ioengine" : "libaio",
        "group_reporting" : "1",
        "direct" : "1",
        "rw" : "write",
        "bssplit" : "128KB",
        "numjobs" : "2",
        "iodepth" : "16",
        "size" : "100%",
        "io_size" : "128035676160B",
        "filename" : "/dev/sda"
      },
      "read" : {
        "io_bytes" : 0,
        "io_kbytes" : 0,
        "bw_bytes" : 0,
        "bw" : 0,
        "iops" : 0.000000,
        "runtime" : 0,
        "total_ios" : 0,
        "short_ios" : 0,
        "drop_ios" : 0,
        "slat_ns" : {
          "min" : 0,
          "max" : 0,
          "mean" : 0.000000,
          "stddev" : 0.000000
        },
        "clat_ns" : {
          "min" : 0,
          "max" : 0,
          "mean" : 0.000000,
          "stddev" : 0.000000,
          "percentile" : {
            "1.000000" : 0,
            "5.000000" : 0,
            "10.000000" : 0,
            "20.000000" : 0,
            "30.000000" : 0,
            "40.000000" : 0,
            "50.000000" : 0,
            "60.000000" : 0,
            "70.000000" : 0,
            "80.000000" : 0,
            "90.000000" : 0,
            "95.000000" : 0,
            "99.000000" : 0,
            "99.500000" : 0,
            "99.900000" : 0,
            "99.950000" : 0,
            "99.990000" : 0
          },
          "bins" : {

          }
        },
        "lat_ns" : {
          "min" : 0,
          "max" : 0,
          "mean" : 0.000000,
          "stddev" : 0.000000
        },
        "bw_min" : 0,
        "bw_max" : 0,
        "bw_agg" : 0.000000,
        "bw_mean" : 0.000000,
        "bw_dev" : 0.000000,
        "bw_samples" : 0,
        "iops_min" : 0,
        "iops_max" : 0,
        "iops_mean" : 0.000000,
        "iops_stddev" : 0.000000,
        "iops_samples" : 0
      },
      "write" : {
        "io_bytes" : 256071172096,
        "io_kbytes" : 250069504,
        "bw_bytes" : 168995654,
        "bw" : 165034,
        "iops" : 1289.334520,
        "runtime" : 1515253,
        "total_ios" : 1953668,
        "short_ios" : 0,
        "drop_ios" : 0,
        "slat_ns" : {
          "min" : 5217,
          "max" : 478682,
          "mean" : 12768.885454,
          "stddev" : 3078.268348
        },
        "clat_ns" : {
          "min" : 850019,
          "max" : 110703436,
          "mean" : 24795822.297994,
          "stddev" : 16931479.788756,
          "percentile" : {
            "1.000000" : 12779520,
            "5.000000" : 13041664,
            "10.000000" : 13172736,
            "20.000000" : 13434880,
            "30.000000" : 13697024,
            "40.000000" : 14090240,
            "50.000000" : 14483456,
            "60.000000" : 15007744,
            "70.000000" : 33816576,
            "80.000000" : 38535168,
            "90.000000" : 55836672,
            "95.000000" : 58458112,
            "99.000000" : 63700992,
            "99.500000" : 65273856,
            "99.900000" : 71827456,
            "99.950000" : 73924608,
            "99.990000" : 79167488
          },
          "bins" : {
            "847872" : 1,
            "1384448" : 2,
            "2113536" : 1,
            "2441216" : 1,
            "2834432" : 1,
            "3293184" : 1,
            "3686400" : 1,
            "4079616" : 1,
            "4423680" : 1,
            "4816896" : 1,
            "5210112" : 1,
            "5603328" : 1,
            "5996544" : 1,
            "6324224" : 1,
            "6717440" : 1,
            "7110656" : 1,
            "7176192" : 1,
            "7307264" : 1,
            "7438336" : 3,
            "7503872" : 8,
            "7569408" : 2,
            "7634944" : 1,
            "7766016" : 1,
            "7831552" : 1,
            "8093696" : 1,
            "8159232" : 2,
            "8224768" : 2,
            "8585216" : 1,
            "8978432" : 1,
            "9502720" : 1,
            "9895936" : 1,
            "10158080" : 1,
            "10551296" : 2,
            "10682368" : 1,
            "10944512" : 2,
            "11075584" : 2,
            "11206656" : 4,
            "11337728" : 18,
            "11468800" : 23,
            "11599872" : 69,
            "11730944" : 105,
            "11862016" : 153,
            "11993088" : 147,
            "12124160" : 207,
            "12255232" : 282,
            "12386304" : 457,
            "12517376" : 1297,
            "12648448" : 4447,
            "12779520" : 13164,
            "12910592" : 33277,
            "13041664" : 63978,
            "13172736" : 89479,
            "13303808" : 100661,
            "13434880" : 100912,
            "13565952" : 100618,
            "13697024" : 100702,
            "13828096" : 92921,
            "13959168" : 78356,
            "14090240" : 64604,
            "14221312" : 57712,
            "14352384" : 58033,
            "14483456" : 56025,
            "14614528" : 49171,
            "14745600" : 42872,
            "14876672" : 39017,
            "15007744" : 36002,
            "15138816" : 31747,
            "15269888" : 26116,
            "15400960" : 21224,
            "15532032" : 15793,
            "15663104" : 11001,
            "15794176" : 7910,
            "15925248" : 6397,
            "16056320" : 4738,
            "16187392" : 3693,
            "16318464" : 2616,
            "16449536" : 2244,
            "16580608" : 1771,
            "16711680" : 1637,
            "16908288" : 2238,
            "17170432" : 1116,
            "17432576" : 535,
            "17694720" : 233,
            "17956864" : 119,
            "18219008" : 54,
            "18481152" : 36,
            "18743296" : 31,
            "19005440" : 70,
            "19267584" : 99,
            "19529728" : 92,
            "19791872" : 92,
            "20054016" : 62,
            "20316160" : 84,
            "20578304" : 101,
            "20840448" : 78,
            "21102592" : 76,
            "21364736" : 59,
            "21626880" : 30,
            "21889024" : 33,
            "22151168" : 23,
            "22413312" : 16,
            "22675456" : 8,
            "22937600" : 2,
            "23199744" : 2,
            "23724032" : 2,
            "23986176" : 3,
            "24248320" : 4,
            "24510464" : 9,
            "24772608" : 21,
            "25034752" : 60,
            "25296896" : 180,
            "25559040" : 162,
            "25821184" : 93,
            "26083328" : 80,
            "26345472" : 230,
            "26607616" : 1085,
            "26869760" : 3352,
            "27131904" : 2835,
            "27394048" : 2275,
            "27656192" : 1927,
            "27918336" : 1612,
            "28180480" : 1509,
            "28442624" : 1242,
            "28704768" : 657,
            "28966912" : 395,
            "29229056" : 300,
            "29491200" : 250,
            "29753344" : 173,
            "30015488" : 197,
            "30277632" : 254,
            "30539776" : 318,
            "30801920" : 387,
            "31064064" : 419,
            "31326208" : 491,
            "31588352" : 649,
            "31850496" : 785,
            "32112640" : 1044,
            "32374784" : 1384,
            "32636928" : 1779,
            "32899072" : 2333,
            "33161216" : 3069,
            "33423360" : 3895,
            "33816576" : 10894,
            "34340864" : 15429,
            "34865152" : 21136,
            "35389440" : 26776,
            "35913728" : 30033,
            "36438016" : 28262,
            "36962304" : 25047,
            "37486592" : 21961,
            "38010880" : 16254,
            "38535168" : 10359,
            "39059456" : 7204,
            "39583744" : 6485,
            "40108032" : 5429,
            "40632320" : 5050,
            "41156608" : 4693,