{
  "fio version" : "fio-3.8",
  "timestamp" : 1545268720,
  "timestamp_ms" : 1545268720893,
  "time" : "Wed Dec 19 17:18:40 2018",
  "jobs" : [
    {
      "jobname" : "wipc",
      "groupid" : 0,
      "error" : 0,
      "eta" : 0,
      "elapsed" : 1450,
      "job options" : {
        "ioengine" : "libaio",
        "group_reporting" : "1",
        "direct" : "1",
        "rw" : "write",
        "bssplit" : "128KB",
        "numjobs" : "2",
        "iodepth" : "16",
        "size" : "75%",
        "io_size" : "128035676160B",
        "filename" : "/dev/sdb"
      },
      "read" : {
        "io_bytes" : 0,
        "io_kbytes" : 0,
        "bw_bytes" : 0,
        "bw" : 0,
        "iops" : 0.000000,
        "runtime" : 0,
        "total_ios" : 0,
        "short_ios" : 0,
        "drop_ios" : 0,
        "slat_ns" : {
          "min" : 0,
          "max" : 0,
          "mean" : 0.000000,
          "stddev" : 0.000000
        },
        "clat_ns" : {
          "min" : 0,
          "max" : 0,
          "mean" : 0.000000,
          "stddev" : 0.000000,
          "percentile" : {
            "1.000000" : 0,
            "5.000000" : 0,
            "10.000000" : 0,
            "20.000000" : 0,
            "30.000000" : 0,
            "40.000000" : 0,
            "50.000000" : 0,
            "60.000000" : 0,
            "70.000000" : 0,
            "80.000000" : 0,
            "90.000000" : 0,
            "95.000000" : 0,
            "99.000000" : 0,
            "99.500000" : 0,
            "99.900000" : 0,
            "99.950000" : 0,
            "99.990000" : 0
          },
          "bins" : {

          }
        },
        "lat_ns" : {
          "min" : 0,
          "max" : 0,
          "mean" : 0.000000,
          "stddev" : 0.000000
        },
        "bw_min" : 0,
        "bw_max" : 0,
        "bw_agg" : 0.000000,
        "bw_mean" : 0.000000,
        "bw_dev" : 0.000000,
        "bw_samples" : 0,
        "iops_min" : 0,
        "iops_max" : 0,
        "iops_mean" : 0.000000,
        "iops_stddev" : 0.000000,
        "iops_samples" : 0
      },
      "write" : {
        "io_bytes" : 256071434240,
        "io_kbytes" : 250069760,
        "bw_bytes" : 176621087,
        "bw" : 172481,
        "iops" : 1347.511958,
        "runtime" : 1449835,
        "total_ios" : 1953670,
        "short_ios" : 0,
        "drop_ios" : 0,
        "slat_ns" : {
          "min" : 6138,
          "max" : 376179,
          "mean" : 17619.819570,
          "stddev" : 5327.701355
        },
        "clat_ns" : {
          "min" : 851326,
          "max" : 119776432,
          "mean" : 23724068.358117,
          "stddev" : 16154119.015833,
          "percentile" : {
            "1.000000" : 13303808,
            "5.000000" : 13565952,
            "10.000000" : 13697024,
            "20.000000" : 13959168,
            "30.000000" : 14221312,
            "40.000000" : 14483456,
            "50.000000" : 14876672,
            "60.000000" : 15269888,
            "70.000000" : 16056320,
            "80.000000" : 37486592,
            "90.000000" : 56360960,
            "95.000000" : 58982400,
            "99.000000" : 64749568,
            "99.500000" : 66846720,
            "99.900000" : 79167488,
            "99.950000" : 86507520,
            "99.990000" : 98041856
          },
          "bins" : {
            "847872" : 1,
            "1466368" : 2,
            "2211840" : 1,
            "2572288" : 1,
            "2998272" : 1,
            "3457024" : 1,
            "3719168" : 1,
            "4145152" : 1,
            "4489216" : 1,
            "4882432" : 1,
            "5275648" : 1,
            "5668864" : 1,
            "6062080" : 1,
            "6455296" : 1,
            "6848512" : 1,
            "7241728" : 1,
            "7569408" : 1,
            "7897088" : 1,
            "8290304" : 1,
            "8355840" : 1,
            "8454144" : 1,
            "8585216" : 7,
            "8716288" : 3,
            "8847360" : 1,
            "8978432" : 1,
            "9109504" : 4,
            "9240576" : 3,
            "9371648" : 3,
            "9633792" : 1,
            "9895936" : 2,
            "10027008" : 2,
            "10420224" : 3,
            "10813440" : 3,
            "11075584" : 1,
            "11206656" : 2,
            "11337728" : 1,
            "11468800" : 2,
            "11599872" : 1,
            "11730944" : 1,
            "11862016" : 1,
            "11993088" : 2,
            "12124160" : 11,
            "12255232" : 14,
            "12386304" : 41,
            "12517376" : 98,
            "12648448" : 202,
            "12779520" : 418,
            "12910592" : 1115,
            "13041664" : 3121,
            "13172736" : 9015,
            "13303808" : 22135,
            "13434880" : 41912,
            "13565952" : 64127,
            "13697024" : 84413,
            "13828096" : 96989,
            "13959168" : 103544,
            "14090240" : 104839,
            "14221312" : 103061,
            "14352384" : 97392,
            "14483456" : 91283,
            "14614528" : 81205,
            "14745600" : 71338,
            "14876672" : 64869,
            "15007744" : 59133,
            "15138816" : 53387,
            "15269888" : 46951,
            "15400960" : 40603,
            "15532032" : 35238,
            "15663104" : 31010,
            "15794176" : 26394,
            "15925248" : 21592,
            "16056320" : 17301,
            "16187392" : 12689,
            "16318464" : 8847,
            "16449536" : 5612,
            "16580608" : 4063,
            "16711680" : 2778,
            "16908288" : 3360,
            "17170432" : 1751,
            "17432576" : 1056,
            "17694720" : 721,
            "17956864" : 422,
            "18219008" : 247,
            "18481152" : 150,
            "18743296" : 76,
            "19005440" : 48,
            "19267584" : 46,
            "19529728" : 46,
            "19791872" : 70,
            "20054016" : 80,
            "20316160" : 95,
            "20578304" : 92,
            "20840448" : 96,
            "21102592" : 84,
            "21364736" : 94,
            "21626880" : 73,
            "21889024" : 44,
            "22151168" : 28,
            "22413312" : 40,
            "22675456" : 18,
            "22937600" : 22,
            "23199744" : 5,
            "23461888" : 2,
            "23724032" : 3,
            "23986176" : 4,
            "24510464" : 4,
            "24772608" : 4,
            "25034752" : 2,
            "25296896" : 4,
            "25559040" : 2,
            "25821184" : 5,
            "26083328" : 12,
            "26345472" : 34,
            "26607616" : 91,
            "26869760" : 192,
            "27131904" : 1202,
            "27394048" : 3626,
            "27656192" : 4552,
            "27918336" : 3324,
            "28180480" : 2045,
            "28442624" : 1203,
            "28704768" : 974,
            "28966912" : 712,
            "29229056" : 593,
            "29491200" : 268,
            "29753344" : 171,
            "30015488" : 148,
            "30277632" : 130,
            "30539776" : 132,
            "30801920" : 187,
            "31064064" : 200,
            "31326208" : 247,
            "31588352" : 279,
            "31850496" : 315,
            "32112640" : 393,
            "32374784" : 485,
            "32636928" : 615,
            "32899072" : 904,
            "33161216" : 1227,
            "33423360" : 1453,
            "33816576" : 4422,
            "34340864" : 7063,
            "34865152" : 11061,
            "35389440" : 14617,
            "35913728" : 18409,
            "36438016" : 23118,
            "36962304" : 25922,
            "37486592" : 24516,
            "38010880" : 22177,
            "38535168" : 20102,
            "39059456" : 16618,
            "39583744" : 11608,
            "40108032" : 8169,
            "40632320" : 6357,
            "41156608" : 5503,
            "41680896" : 4745,
            "42205184" : 4674,