{
  "fio version" : "fio-3.8",
  "timestamp" : 1542602928,
  "timestamp_ms" : 1542602928546,
  "time" : "Sun Nov 18 20:48:48 2018",
  "jobs" : [
    {
      "jobname" : "wipc",
      "groupid" : 0,
      "error" : 0,
      "eta" : 0,
      "elapsed" : 1494,
      "job options" : {
        "ioengine" : "libaio",
        "group_reporting" : "1",
        "direct" : "1",
        "rw" : "write",
        "bssplit" : "128KB",
        "numjobs" : "2",
        "iodepth" : "16",
        "size" : "100%",
        "io_size" : "128035676160B",
        "filename" : "/dev/sdb"
      },
      "read" : {
        "io_bytes" : 0,
        "io_kbytes" : 0,
        "bw_bytes" : 0,
        "bw" : 0,
        "iops" : 0.000000,
        "runtime" : 0,
        "total_ios" : 0,
        "short_ios" : 0,
        "drop_ios" : 0,
        "slat_ns" : {
          "min" : 0,
          "max" : 0,
          "mean" : 0.000000,
          "stddev" : 0.000000
        },
        "clat_ns" : {
          "min" : 0,
          "max" : 0,
          "mean" : 0.000000,
          "stddev" : 0.000000,
          "percentile" : {
            "1.000000" : 0,
            "5.000000" : 0,
            "10.000000" : 0,
            "20.000000" : 0,
            "30.000000" : 0,
            "40.000000" : 0,
            "50.000000" : 0,
            "60.000000" : 0,
            "70.000000" : 0,
            "80.000000" : 0,
            "90.000000" : 0,
            "95.000000" : 0,
            "99.000000" : 0,
            "99.500000" : 0,
            "99.900000" : 0,
            "99.950000" : 0,
            "99.990000" : 0
          },
          "bins" : {

          }
        },
        "lat_ns" : {
          "min" : 0,
          "max" : 0,
          "mean" : 0.000000,
          "stddev" : 0.000000
        },
        "bw_min" : 0,
        "bw_max" : 0,
        "bw_agg" : 0.000000,
        "bw_mean" : 0.000000,
        "bw_dev" : 0.000000,
        "bw_samples" : 0,
        "iops_min" : 0,
        "iops_max" : 0,
        "iops_mean" : 0.000000,
        "iops_stddev" : 0.000000,
        "iops_samples" : 0
      },
      "write" : {
        "io_bytes" : 256071172096,
        "io_kbytes" : 250069504,
        "bw_bytes" : 171505325,
        "bw" : 167485,
        "iops" : 1308.481796,
        "runtime" : 1493080,
        "total_ios" : 1953668,
        "short_ios" : 0,
        "drop_ios" : 0,
        "slat_ns" : {
          "min" : 5423,
          "max" : 342313,
          "mean" : 13205.213982,
          "stddev" : 3646.364831
        },
        "clat_ns" : {
          "min" : 867778,
          "max" : 106519610,
          "mean" : 24430706.488210,
          "stddev" : 15434973.385199,
          "percentile" : {
            "1.000000" : 12779520,
            "5.000000" : 13041664,
            "10.000000" : 13172736,
            "20.000000" : 13434880,
            "30.000000" : 13697024,
            "40.000000" : 13959168,
            "50.000000" : 14483456,
            "60.000000" : 15269888,
            "70.000000" : 33816576,
            "80.000000" : 36438016,
            "90.000000" : 53739520,
            "95.000000" : 56360960,
            "99.000000" : 61603840,
            "99.500000" : 63176704,
            "99.900000" : 70778880,
            "99.950000" : 72876032,
            "99.990000" : 80216064
          },
          "bins" : {
            "864256" : 1,
            "1384448" : 2,
            "2056192" : 1,
            "2473984" : 1,
            "2834432" : 1,
            "3194880" : 1,
            "3620864" : 1,
            "3981312" : 1,
            "4358144" : 1,
            "4751360" : 1,
            "5144576" : 1,
            "5537792" : 1,
            "5799936" : 1,
            "6258688" : 1,
            "6651904" : 1,
            "7045120" : 1,
            "7241728" : 1,
            "7438336" : 1,
            "7831552" : 1,
            "8093696" : 1,
            "8585216" : 1,
            "8978432" : 2,
            "9371648" : 1,
            "9502720" : 1,
            "9633792" : 1,
            "9895936" : 1,
            "10158080" : 2,
            "10551296" : 1,
            "10682368" : 1,
            "10813440" : 1,
            "11206656" : 2,
            "11599872" : 4,
            "11730944" : 8,
            "11862016" : 19,
            "11993088" : 78,
            "12124160" : 149,
            "12255232" : 212,
            "12386304" : 633,
            "12517376" : 2689,
            "12648448" : 9190,
            "12779520" : 24220,
            "12910592" : 48544,
            "13041664" : 74738,
            "13172736" : 92081,
            "13303808" : 98017,
            "13434880" : 98631,
            "13565952" : 98038,
            "13697024" : 94419,
            "13828096" : 78093,
            "13959168" : 62804,
            "14090240" : 53254,
            "14221312" : 53303,
            "14352384" : 54616,
            "14483456" : 51426,
            "14614528" : 44117,
            "14745600" : 38484,
            "14876672" : 34316,
            "15007744" : 30763,
            "15138816" : 26030,
            "15269888" : 20435,
            "15400960" : 15469,
            "15532032" : 11413,
            "15663104" : 8109,
            "15794176" : 5715,
            "15925248" : 4474,
            "16056320" : 3463,
            "16187392" : 2452,
            "16318464" : 1953,
            "16449536" : 1806,
            "16580608" : 1543,
            "16711680" : 1148,
            "16908288" : 1810,
            "17170432" : 867,
            "17432576" : 342,
            "17694720" : 164,
            "17956864" : 69,
            "18219008" : 33,
            "18481152" : 19,
            "18743296" : 21,
            "19005440" : 47,
            "19267584" : 44,
            "19529728" : 67,
            "19791872" : 47,
            "20054016" : 68,
            "20316160" : 113,
            "20578304" : 100,
            "20840448" : 64,
            "21102592" : 70,
            "21364736" : 75,
            "21626880" : 58,
            "21889024" : 47,
            "22151168" : 34,
            "22413312" : 22,
            "22675456" : 9,
            "22937600" : 9,
            "23199744" : 23,
            "23461888" : 10,
            "23724032" : 5,
            "23986176" : 3,
            "24248320" : 16,
            "24510464" : 5,
            "24772608" : 19,
            "25034752" : 43,
            "25296896" : 107,
            "25559040" : 94,
            "25821184" : 147,
            "26083328" : 224,
            "26345472" : 478,
            "26607616" : 2346,
            "26869760" : 3950,
            "27131904" : 2849,
            "27394048" : 2131,
            "27656192" : 1459,
            "27918336" : 1391,
            "28180480" : 1158,
            "28442624" : 1070,
            "28704768" : 628,
            "28966912" : 399,
            "29229056" : 306,
            "29491200" : 328,
            "29753344" : 346,
            "30015488" : 408,
            "30277632" : 591,
            "30539776" : 661,
            "30801920" : 936,
            "31064064" : 1284,
            "31326208" : 1617,
            "31588352" : 2569,
            "31850496" : 3442,
            "32112640" : 4928,
            "32374784" : 6746,
            "32636928" : 8541,
            "32899072" : 10243,
            "33161216" : 12193,
            "33423360" : 14205,
            "33816576" : 34408,
            "34340864" : 42095,
            "34865152" : 47082,
            "35389440" : 45288,
            "35913728" : 39293,
            "36438016" : 32767,
            "36962304" : 25845,
            "37486592" : 17406,
            "38010880" : 12226,
            "38535168" : 10405,
            "39059456" : 8867,
            "39583744" : 8120,
            "40108032" : 7129,
            "40632320" : 6173,
            "41156608" : 4779,
            "41680896" : 3294,
            "42205184" : 2121,
            "42729472" : 1459,
            "43253760" : 932,
            "43778048" : 579,
            "44302336" : 430,