{
  "fio version" : "fio-3.8",
  "timestamp" : 1541998711,
  "timestamp_ms" : 1541998711270,
  "time" : "Sun Nov 11 20:58:31 2018",
  "jobs" : [
    {
      "jobname" : "wipc",
      "groupid" : 0,
      "error" : 0,
      "eta" : 0,
      "elapsed" : 1482,
      "job options" : {
        "ioengine" : "libaio",
        "group_reporting" : "1",
        "direct" : "1",
        "rw" : "write",
        "bssplit" : "128KB",
        "numjobs" : "2",
        "iodepth" : "16",
        "size" : "100%",
        "io_size" : "128035676160B",
        "filename" : "/dev/sdb"
      },
      "read" : {
        "io_bytes" : 0,
        "io_kbytes" : 0,
        "bw_bytes" : 0,
        "bw" : 0,
        "iops" : 0.000000,
        "runtime" : 0,
        "total_ios" : 0,
        "short_ios" : 0,
        "drop_ios" : 0,
        "slat_ns" : {
          "min" : 0,
          "max" : 0,
          "mean" : 0.000000,
          "stddev" : 0.000000
        },
        "clat_ns" : {
          "min" : 0,
          "max" : 0,
          "mean" : 0.000000,
          "stddev" : 0.000000,
          "percentile" : {
            "1.000000" : 0,
            "5.000000" : 0,
            "10.000000" : 0,
            "20.000000" : 0,
            "30.000000" : 0,
            "40.000000" : 0,
            "50.000000" : 0,
            "60.000000" : 0,
            "70.000000" : 0,
            "80.000000" : 0,
            "90.000000" : 0,
            "95.000000" : 0,
            "99.000000" : 0,
            "99.500000" : 0,
            "99.900000" : 0,
            "99.950000" : 0,
            "99.990000" : 0
          },
          "bins" : {

          }
        },
        "lat_ns" : {
          "min" : 0,
          "max" : 0,
          "mean" : 0.000000,
          "stddev" : 0.000000
        },
        "bw_min" : 0,
        "bw_max" : 0,
        "bw_agg" : 0.000000,
        "bw_mean" : 0.000000,
        "bw_dev" : 0.000000,
        "bw_samples" : 0,
        "iops_min" : 0,
        "iops_max" : 0,
        "iops_mean" : 0.000000,
        "iops_stddev" : 0.000000,
        "iops_samples" : 0
      },
      "write" : {
        "io_bytes" : 256071172096,
        "io_kbytes" : 250069504,
        "bw_bytes" : 172851597,
        "bw" : 168800,
        "iops" : 1318.753033,
        "runtime" : 1481451,
        "total_ios" : 1953668,
        "short_ios" : 0,
        "drop_ios" : 0,
        "slat_ns" : {
          "min" : 5362,
          "max" : 319400,
          "mean" : 13591.087258,
          "stddev" : 3633.533743
        },
        "clat_ns" : {
          "min" : 903717,
          "max" : 92646200,
          "mean" : 24245024.989661,
          "stddev" : 17134533.498864,
          "percentile" : {
            "1.000000" : 12648448,
            "5.000000" : 12910592,
            "10.000000" : 13041664,
            "20.000000" : 13172736,
            "30.000000" : 13303808,
            "40.000000" : 13434880,
            "50.000000" : 13697024,
            "60.000000" : 14090240,
            "70.000000" : 31326208,
            "80.000000" : 38535168,
            "90.000000" : 55836672,
            "95.000000" : 57933824,
            "99.000000" : 62652416,
            "99.500000" : 64225280,
            "99.900000" : 71827456,
            "99.950000" : 77070336,
            "99.990000" : 83361792
          },
          "bins" : {
            "905216" : 1,
            "1384448" : 1,
            "1417216" : 1,
            "2179072" : 1,
            "2572288" : 1,
            "2932736" : 1,
            "3391488" : 1,
            "3686400" : 1,
            "4145152" : 1,
            "4489216" : 1,
            "4882432" : 1,
            "5406720" : 1,
            "5668864" : 1,
            "6062080" : 3,
            "6127616" : 1,
            "6193152" : 12,
            "6258688" : 8,
            "6324224" : 10,
            "6389760" : 18,
            "6455296" : 7,
            "6520832" : 21,
            "6586368" : 14,
            "6651904" : 18,
            "6717440" : 18,
            "6782976" : 20,
            "6848512" : 5,
            "6914048" : 12,
            "6979584" : 10,
            "7045120" : 18,
            "7110656" : 16,
            "7176192" : 23,
            "7241728" : 10,
            "7307264" : 15,
            "7372800" : 9,
            "7438336" : 9,
            "7503872" : 9,
            "7569408" : 18,
            "7634944" : 7,
            "7700480" : 8,
            "7766016" : 8,
            "7831552" : 9,
            "7897088" : 16,
            "7962624" : 16,
            "8028160" : 13,
            "8093696" : 5,
            "8159232" : 5,
            "8224768" : 3,
            "8290304" : 4,
            "8355840" : 7,
            "8454144" : 7,
            "8585216" : 15,
            "8716288" : 8,
            "8847360" : 4,
            "8978432" : 1,
            "9109504" : 2,
            "9240576" : 3,
            "9633792" : 1,
            "9764864" : 1,
            "9895936" : 1,
            "10027008" : 3,
            "10289152" : 1,
            "10551296" : 2,
            "10682368" : 1,
            "10944512" : 1,
            "11206656" : 6,
            "11337728" : 7,
            "11468800" : 23,
            "11599872" : 105,
            "11730944" : 191,
            "11862016" : 173,
            "11993088" : 167,
            "12124160" : 262,
            "12255232" : 298,
            "12386304" : 901,
            "12517376" : 4111,
            "12648448" : 15687,
            "12779520" : 45817,
            "12910592" : 101974,
            "13041664" : 161596,
            "13172736" : 183779,
            "13303808" : 170744,
            "13434880" : 136909,
            "13565952" : 101462,
            "13697024" : 80012,
            "13828096" : 73670,
            "13959168" : 65333,
            "14090240" : 46257,
            "14221312" : 32419,
            "14352384" : 24821,
            "14483456" : 20385,
            "14614528" : 14546,
            "14745600" : 10339,
            "14876672" : 8857,
            "15007744" : 8169,
            "15138816" : 7808,
            "15269888" : 7109,
            "15400960" : 6306,
            "15532032" : 4858,
            "15663104" : 3439,
            "15794176" : 2281,
            "15925248" : 1460,
            "16056320" : 789,
            "16187392" : 461,
            "16318464" : 289,
            "16449536" : 186,
            "16580608" : 161,
            "16711680" : 142,
            "16908288" : 201,
            "17170432" : 121,
            "17432576" : 74,
            "17694720" : 53,
            "17956864" : 28,
            "18219008" : 10,
            "18481152" : 16,
            "18743296" : 44,
            "19005440" : 82,
            "19267584" : 88,
            "19529728" : 163,
            "19791872" : 148,
            "20054016" : 131,
            "20316160" : 97,
            "20578304" : 92,
            "20840448" : 55,
            "21102592" : 34,
            "21364736" : 26,
            "21626880" : 25,
            "21889024" : 25,
            "22151168" : 28,
            "22413312" : 17,
            "22675456" : 11,
            "22937600" : 20,
            "23199744" : 12,
            "23461888" : 1,
            "23986176" : 1,
            "24510464" : 3,
            "24772608" : 5,
            "25034752" : 8,
            "25296896" : 18,
            "25559040" : 41,
            "25821184" : 106,
            "26083328" : 188,
            "26345472" : 830,
            "26607616" : 4761,
            "26869760" : 5702,
            "27131904" : 2830,
            "27394048" : 1316,
            "27656192" : 980,
            "27918336" : 641,
            "28180480" : 453,
            "28442624" : 278,
            "28704768" : 186,
            "28966912" : 169,
            "29229056" : 199,
            "29491200" : 183,
            "29753344" : 247,
            "30015488" : 244,
            "30277632" : 362,
            "30539776" : 388,
            "30801920" : 349,
            "31064064" : 484,