{
  "fio version" : "fio-3.8",
  "timestamp" : 1553222417,
  "timestamp_ms" : 1553222417232,
  "time" : "Fri Mar 22 02:40:17 2019",
  "jobs" : [
    {
      "jobname" : "wipc",
      "groupid" : 0,
      "error" : 0,
      "eta" : 0,
      "elapsed" : 1462,
      "job options" : {
        "ioengine" : "libaio",
        "group_reporting" : "1",
        "direct" : "1",
        "rw" : "write",
        "bssplit" : "128KB",
        "numjobs" : "2",
        "iodepth" : "16",
        "size" : "75%",
        "io_size" : "128035676160B",
        "filename" : "/dev/sda"
      },
      "read" : {
        "io_bytes" : 0,
        "io_kbytes" : 0,
        "bw_bytes" : 0,
        "bw" : 0,
        "iops" : 0.000000,
        "runtime" : 0,
        "total_ios" : 0,
        "short_ios" : 0,
        "drop_ios" : 0,
        "slat_ns" : {
          "min" : 0,
          "max" : 0,
          "mean" : 0.000000,
          "stddev" : 0.000000
        },
        "clat_ns" : {
          "min" : 0,
          "max" : 0,
          "mean" : 0.000000,
          "stddev" : 0.000000,
          "percentile" : {
            "1.000000" : 0,
            "5.000000" : 0,
            "10.000000" : 0,
            "20.000000" : 0,
            "30.000000" : 0,
            "40.000000" : 0,
            "50.000000" : 0,
            "60.000000" : 0,
            "70.000000" : 0,
            "80.000000" : 0,
            "90.000000" : 0,
            "95.000000" : 0,
            "99.000000" : 0,
            "99.500000" : 0,
            "99.900000" : 0,
            "99.950000" : 0,
            "99.990000" : 0
          },
          "bins" : {

          }
        },
        "lat_ns" : {
          "min" : 0,
          "max" : 0,
          "mean" : 0.000000,
          "stddev" : 0.000000
        },
        "bw_min" : 0,
        "bw_max" : 0,
        "bw_agg" : 0.000000,
        "bw_mean" : 0.000000,
        "bw_dev" : 0.000000,
        "bw_samples" : 0,
        "iops_min" : 0,
        "iops_max" : 0,
        "iops_mean" : 0.000000,
        "iops_stddev" : 0.000000,
        "iops_samples" : 0
      },
      "write" : {
        "io_bytes" : 256071434240,
        "io_kbytes" : 250069760,
        "bw_bytes" : 175259348,
        "bw" : 171151,
        "iops" : 1337.122716,
        "runtime" : 1461100,
        "total_ios" : 1953670,
        "short_ios" : 0,
        "drop_ios" : 0,
        "slat_ns" : {
          "min" : 21292,
          "max" : 71461541,
          "mean" : 60335.624431,
          "stddev" : 121272.787929
        },
        "clat_ns" : {
          "min" : 1884459,
          "max" : 126158333,
          "mean" : 23857466.872561,
          "stddev" : 15764810.664501,
          "percentile" : {
            "1.000000" : 12124160,
            "5.000000" : 12648448,
            "10.000000" : 12779520,
            "20.000000" : 13041664,
            "30.000000" : 13434880,
            "40.000000" : 13697024,
            "50.000000" : 14221312,
            "60.000000" : 14876672,
            "70.000000" : 34340864,
            "80.000000" : 36962304,
            "90.000000" : 54788096,
            "95.000000" : 57409536,
            "99.000000" : 63700992,
            "99.500000" : 65798144,
            "99.900000" : 78118912,
            "99.950000" : 86507520,
            "99.990000" : 100139008
          },
          "bins" : {
            "1892352" : 3,
            "1908736" : 3,
            "1941504" : 2,
            "1957888" : 1,
            "2007040" : 2,
            "2023424" : 3,
            "2072576" : 2,
            "2088960" : 3,
            "2113536" : 2,
            "2277376" : 1,
            "2539520" : 2,
            "2703360" : 1,
            "2899968" : 1,
            "3031040" : 1,
            "3227648" : 1,
            "3424256" : 1,
            "3522560" : 4,
            "3588096" : 1,
            "3751936" : 3,
            "3784704" : 2,
            "3817472" : 1,
            "3883008" : 1,
            "3981312" : 1,
            "4014080" : 1,
            "4177920" : 1,
            "4292608" : 4,
            "4423680" : 2,
            "4489216" : 3,
            "4554752" : 1,
            "4620288" : 3,
            "4685824" : 1,
            "4751360" : 2,
            "4882432" : 6,
            "4947968" : 5,
            "5013504" : 7,
            "5079040" : 1,
            "5144576" : 5,
            "5210112" : 1,
            "5275648" : 2,
            "5341184" : 4,
            "5406720" : 1,
            "5472256" : 4,
            "5537792" : 2,
            "5603328" : 5,
            "5668864" : 3,
            "5734400" : 6,
            "5799936" : 25,
            "5865472" : 21,
            "5931008" : 30,
            "5996544" : 35,
            "6062080" : 55,
            "6127616" : 113,
            "6193152" : 126,
            "6258688" : 110,
            "6324224" : 111,
            "6389760" : 140,
            "6455296" : 116,
            "6520832" : 128,
            "6586368" : 160,
            "6651904" : 118,
            "6717440" : 96,
            "6782976" : 61,
            "6848512" : 105,
            "6914048" : 98,
            "6979584" : 93,
            "7045120" : 97,
            "7110656" : 61,
            "7176192" : 49,
            "7241728" : 47,
            "7307264" : 64,
            "7372800" : 65,
            "7438336" : 71,
            "7503872" : 56,
            "7569408" : 54,
            "7634944" : 52,
            "7700480" : 56,
            "7766016" : 31,
            "7831552" : 52,
            "7897088" : 53,
            "7962624" : 50,
            "8028160" : 52,
            "8093696" : 52,
            "8159232" : 49,
            "8224768" : 42,
            "8290304" : 66,
            "8355840" : 37,
            "8454144" : 119,
            "8585216" : 114,
            "8716288" : 125,
            "8847360" : 97,
            "8978432" : 106,
            "9109504" : 133,
            "9240576" : 149,
            "9371648" : 148,
            "9502720" : 164,
            "9633792" : 174,
            "9764864" : 164,
            "9895936" : 154,
            "10027008" : 176,
            "10158080" : 197,
            "10289152" : 215,
            "10420224" : 305,
            "10551296" : 370,
            "10682368" : 452,
            "10813440" : 506,
            "10944512" : 581,
            "11075584" : 636,
            "11206656" : 752,
            "11337728" : 977,
            "11468800" : 1056,
            "11599872" : 1358,
            "11730944" : 1576,
            "11862016" : 2155,
            "11993088" : 3301,
            "12124160" : 5673,
            "12255232" : 11595,
            "12386304" : 21126,
            "12517376" : 36569,
            "12648448" : 51530,
            "12779520" : 70411,
            "12910592" : 84705,
            "13041664" : 90194,
            "13172736" : 90180,
            "13303808" : 86089,
            "13434880" : 81765,
            "13565952" : 75960,
            "13697024" : 69788,
            "13828096" : 61713,
            "13959168" : 55385,
            "14090240" : 49715,
            "14221312" : 44897,
            "14352384" : 40820,
            "14483456" : 37782,
            "14614528" : 34511,
            "14745600" : 31872,
            "14876672" : 26851,
            "15007744" : 22259,
            "15138816" : 19299,
            "15269888" : 15969,
            "15400960" : 12896,
            "15532032" : 10188,
            "15663104" : 7837,
            "15794176" : 6212,
            "15925248" : 4687,
            "16056320" : 3821,
            "16187392" : 3097,
            "16318464" : 2482,
            "16449536" : 1856,
            "16580608" : 1574,
            "16711680" : 1194,
            "16908288" : 1590,
            "17170432" : 989,
            "17432576" : 757,
            "17694720" : 677,
            "17956864" : 465,
            "18219008" : 383,
            "18481152" : 311,
            "18743296" : 292,
            "19005440" : 316,
            "19267584" : 262,