{
  "fio version" : "fio-3.8",
  "timestamp" : 1542286000,
  "timestamp_ms" : 1542286000965,
  "time" : "Thu Nov 15 04:46:40 2018",
  "jobs" : [
    {
      "jobname" : "wipc",
      "groupid" : 0,
      "error" : 0,
      "eta" : 0,
      "elapsed" : 1483,
      "job options" : {
        "ioengine" : "libaio",
        "group_reporting" : "1",
        "direct" : "1",
        "rw" : "write",
        "bssplit" : "128KB",
        "numjobs" : "2",
        "iodepth" : "16",
        "size" : "100%",
        "io_size" : "128035676160B",
        "filename" : "/dev/sdb"
      },
      "read" : {
        "io_bytes" : 0,
        "io_kbytes" : 0,
        "bw_bytes" : 0,
        "bw" : 0,
        "iops" : 0.000000,
        "runtime" : 0,
        "total_ios" : 0,
        "short_ios" : 0,
        "drop_ios" : 0,
        "slat_ns" : {
          "min" : 0,
          "max" : 0,
          "mean" : 0.000000,
          "stddev" : 0.000000
        },
        "clat_ns" : {
          "min" : 0,
          "max" : 0,
          "mean" : 0.000000,
          "stddev" : 0.000000,
          "percentile" : {
            "1.000000" : 0,
            "5.000000" : 0,
            "10.000000" : 0,
            "20.000000" : 0,
            "30.000000" : 0,
            "40.000000" : 0,
            "50.000000" : 0,
            "60.000000" : 0,
            "70.000000" : 0,
            "80.000000" : 0,
            "90.000000" : 0,
            "95.000000" : 0,
            "99.000000" : 0,
            "99.500000" : 0,
            "99.900000" : 0,
            "99.950000" : 0,
            "99.990000" : 0
          },
          "bins" : {

          }
        },
        "lat_ns" : {
          "min" : 0,
          "max" : 0,
          "mean" : 0.000000,
          "stddev" : 0.000000
        },
        "bw_min" : 0,
        "bw_max" : 0,
        "bw_agg" : 0.000000,
        "bw_mean" : 0.000000,
        "bw_dev" : 0.000000,
        "bw_samples" : 0,
        "iops_min" : 0,
        "iops_max" : 0,
        "iops_mean" : 0.000000,
        "iops_stddev" : 0.000000,
        "iops_samples" : 0
      },
      "write" : {
        "io_bytes" : 256071172096,
        "io_kbytes" : 250069504,
        "bw_bytes" : 172751429,
        "bw" : 168702,
        "iops" : 1317.988815,
        "runtime" : 1482310,
        "total_ios" : 1953668,
        "short_ios" : 0,
        "drop_ios" : 0,
        "slat_ns" : {
          "min" : 5362,
          "max" : 369559,
          "mean" : 12761.797124,
          "stddev" : 3156.515509
        },
        "clat_ns" : {
          "min" : 831787,
          "max" : 106131318,
          "mean" : 24253180.394759,
          "stddev" : 16452038.011713,
          "percentile" : {
            "1.000000" : 12648448,
            "5.000000" : 12910592,
            "10.000000" : 13041664,
            "20.000000" : 13172736,
            "30.000000" : 13303808,
            "40.000000" : 13434880,
            "50.000000" : 13828096,
            "60.000000" : 14352384,
            "70.000000" : 33816576,
            "80.000000" : 37486592,
            "90.000000" : 54788096,
            "95.000000" : 57409536,
            "99.000000" : 62652416,
            "99.500000" : 63700992,
            "99.900000" : 70778880,
            "99.950000" : 71827456,
            "99.990000" : 77070336
          },
          "bins" : {
            "831488" : 1,
            "1400832" : 1,
            "1417216" : 1,
            "2113536" : 1,
            "2539520" : 1,
            "2768896" : 1,
            "3293184" : 1,
            "3653632" : 1,
            "3915776" : 1,
            "4358144" : 1,
            "4685824" : 1,
            "5210112" : 1,
            "5472256" : 1,
            "5931008" : 1,
            "6127616" : 1,
            "6193152" : 1,
            "6258688" : 2,
            "6324224" : 2,
            "6389760" : 1,
            "6455296" : 1,
            "6520832" : 1,
            "6651904" : 2,
            "6717440" : 10,
            "6782976" : 21,
            "6848512" : 66,
            "6914048" : 66,
            "6979584" : 75,
            "7045120" : 91,
            "7110656" : 35,
            "7176192" : 28,
            "7241728" : 53,
            "7307264" : 65,
            "7372800" : 41,
            "7438336" : 26,
            "7503872" : 50,
            "7569408" : 30,
            "7634944" : 17,
            "7700480" : 9,
            "7766016" : 15,
            "7831552" : 17,
            "7897088" : 18,
            "7962624" : 16,
            "8028160" : 15,
            "8093696" : 27,
            "8159232" : 25,
            "8224768" : 13,
            "8290304" : 18,
            "8355840" : 13,
            "8454144" : 36,
            "8585216" : 15,
            "8716288" : 9,
            "8847360" : 9,
            "8978432" : 2,
            "9109504" : 4,
            "9371648" : 1,
            "9502720" : 2,
            "9764864" : 1,
            "9895936" : 1,
            "10027008" : 1,
            "10289152" : 1,
            "10682368" : 2,
            "11206656" : 1,
            "11337728" : 8,
            "11468800" : 40,
            "11599872" : 108,
            "11730944" : 171,
            "11862016" : 167,
            "11993088" : 165,
            "12124160" : 221,
            "12255232" : 373,
            "12386304" : 1062,
            "12517376" : 4687,
            "12648448" : 19655,
            "12779520" : 52952,
            "12910592" : 104153,
            "13041664" : 157223,
            "13172736" : 174160,
            "13303808" : 164623,
            "13434880" : 128984,
            "13565952" : 86939,
            "13697024" : 67819,
            "13828096" : 63008,
            "13959168" : 52794,
            "14090240" : 40809,
            "14221312" : 33205,
            "14352384" : 26388,
            "14483456" : 20822,
            "14614528" : 14773,
            "14745600" : 11618,
            "14876672" : 11430,
            "15007744" : 11352,
            "15138816" : 10244,
            "15269888" : 9798,
            "15400960" : 9195,
            "15532032" : 7510,
            "15663104" : 5136,
            "15794176" : 3010,
            "15925248" : 1927,
            "16056320" : 1195,
            "16187392" : 753,
            "16318464" : 405,
            "16449536" : 257,
            "16580608" : 195,
            "16711680" : 139,
            "16908288" : 200,
            "17170432" : 127,
            "17432576" : 72,
            "17694720" : 59,
            "17956864" : 28,
            "18219008" : 20,
            "18481152" : 24,
            "18743296" : 40,
            "19005440" : 76,
            "19267584" : 129,
            "19529728" : 137,
            "19791872" : 161,
            "20054016" : 144,
            "20316160" : 159,
            "20578304" : 109,
            "20840448" : 82,
            "21102592" : 69,
            "21364736" : 53,
            "21626880" : 50,
            "21889024" : 27,
            "22151168" : 13,
            "22413312" : 12,
            "22675456" : 12,
            "22937600" : 14,
            "23199744" : 2,
            "23461888" : 22,
            "23986176" : 4,
            "24248320" : 7,
            "24510464" : 3,
            "24772608" : 9,
            "25034752" : 9,
            "25296896" : 17,
            "25559040" : 33,
            "25821184" : 60,
            "26083328" : 225,
            "26345472" : 859,
            "26607616" : 4761,
            "26869760" : 5665,
            "27131904" : 2656,
            "27394048" : 1315,
            "27656192" : 920,
            "27918336" : 708,
            "28180480" : 474,
            "28442624" : 308,
            "28704768" : 239,
            "28966912" : 186,
            "29229056" : 202,
            "29491200" : 240,
            "29753344" : 256,
            "30015488" : 298,
            "30277632" : 339,
            "30539776" : 410,
            "30801920" : 501,
            "31064064" : 644,
            "31326208" : 796,
            "31588352" : 1094,