{
  "fio version" : "fio-3.8",
  "timestamp" : 1541626171,
  "timestamp_ms" : 1541626171687,
  "time" : "Wed Nov  7 13:29:31 2018",
  "jobs" : [
    {
      "jobname" : "wipc",
      "groupid" : 0,
      "error" : 0,
      "eta" : 0,
      "elapsed" : 1435,
      "job options" : {
        "ioengine" : "libaio",
        "group_reporting" : "1",
        "direct" : "1",
        "rw" : "write",
        "bssplit" : "128KB",
        "numjobs" : "2",
        "iodepth" : "16",
        "size" : "75%",
        "io_size" : "128035676160B",
        "filename" : "/dev/sdb"
      },
      "read" : {
        "io_bytes" : 0,
        "io_kbytes" : 0,
        "bw_bytes" : 0,
        "bw" : 0,
        "iops" : 0.000000,
        "runtime" : 0,
        "total_ios" : 0,
        "short_ios" : 0,
        "drop_ios" : 0,
        "slat_ns" : {
          "min" : 0,
          "max" : 0,
          "mean" : 0.000000,
          "stddev" : 0.000000
        },
        "clat_ns" : {
          "min" : 0,
          "max" : 0,
          "mean" : 0.000000,
          "stddev" : 0.000000,
          "percentile" : {
            "1.000000" : 0,
            "5.000000" : 0,
            "10.000000" : 0,
            "20.000000" : 0,
            "30.000000" : 0,
            "40.000000" : 0,
            "50.000000" : 0,
            "60.000000" : 0,
            "70.000000" : 0,
            "80.000000" : 0,
            "90.000000" : 0,
            "95.000000" : 0,
            "99.000000" : 0,
            "99.500000" : 0,
            "99.900000" : 0,
            "99.950000" : 0,
            "99.990000" : 0
          },
          "bins" : {

          }
        },
        "lat_ns" : {
          "min" : 0,
          "max" : 0,
          "mean" : 0.000000,
          "stddev" : 0.000000
        },
        "bw_min" : 0,
        "bw_max" : 0,
        "bw_agg" : 0.000000,
        "bw_mean" : 0.000000,
        "bw_dev" : 0.000000,
        "bw_samples" : 0,
        "iops_min" : 0,
        "iops_max" : 0,
        "iops_mean" : 0.000000,
        "iops_stddev" : 0.000000,
        "iops_samples" : 0
      },
      "write" : {
        "io_bytes" : 256071434240,
        "io_kbytes" : 250069760,
        "bw_bytes" : 178529103,
        "bw" : 174344,
        "iops" : 1362.068966,
        "runtime" : 1434340,
        "total_ios" : 1953670,
        "short_ios" : 0,
        "drop_ios" : 0,
        "slat_ns" : {
          "min" : 5378,
          "max" : 509013,
          "mean" : 12300.938321,
          "stddev" : 4113.940946
        },
        "clat_ns" : {
          "min" : 881155,
          "max" : 123128180,
          "mean" : 23466120.317128,
          "stddev" : 15974115.107740,
          "percentile" : {
            "1.000000" : 12648448,
            "5.000000" : 12910592,
            "10.000000" : 12910592,
            "20.000000" : 13172736,
            "30.000000" : 13303808,
            "40.000000" : 13434880,
            "50.000000" : 13697024,
            "60.000000" : 14090240,
            "70.000000" : 32899072,
            "80.000000" : 36438016,
            "90.000000" : 54788096,
            "95.000000" : 56885248,
            "99.000000" : 63176704,
            "99.500000" : 65273856,
            "99.900000" : 77070336,
            "99.950000" : 86507520,
            "99.990000" : 98041856
          },
          "bins" : {
            "880640" : 1,
            "1384448" : 1,
            "1417216" : 1,
            "2113536" : 1,
            "2506752" : 1,
            "2867200" : 1,
            "3325952" : 1,
            "3686400" : 1,
            "4014080" : 1,
            "4423680" : 1,
            "4816896" : 1,
            "5275648" : 1,
            "5668864" : 1,
            "6062080" : 1,
            "6455296" : 1,
            "6782976" : 1,
            "7110656" : 1,
            "7503872" : 1,
            "7897088" : 1,
            "8224768" : 1,
            "8585216" : 1,
            "8978432" : 1,
            "9764864" : 1,
            "10027008" : 1,
            "10420224" : 1,
            "10813440" : 1,
            "11075584" : 1,
            "11206656" : 24,
            "11337728" : 83,
            "11468800" : 157,
            "11599872" : 171,
            "11730944" : 177,
            "11862016" : 224,
            "11993088" : 308,
            "12124160" : 505,
            "12255232" : 799,
            "12386304" : 1860,
            "12517376" : 6244,
            "12648448" : 22653,
            "12779520" : 62147,
            "12910592" : 120368,
            "13041664" : 168013,
            "13172736" : 179255,
            "13303808" : 166966,
            "13434880" : 132813,
            "13565952" : 101730,
            "13697024" : 87459,
            "13828096" : 64149,
            "13959168" : 42753,
            "14090240" : 32394,
            "14221312" : 23803,
            "14352384" : 18422,
            "14483456" : 14821,
            "14614528" : 11559,
            "14745600" : 10786,
            "14876672" : 9858,
            "15007744" : 8642,
            "15138816" : 7413,
            "15269888" : 6885,
            "15400960" : 5782,
            "15532032" : 5023,
            "15663104" : 3847,
            "15794176" : 2988,
            "15925248" : 2279,
            "16056320" : 1770,
            "16187392" : 1508,
            "16318464" : 1102,
            "16449536" : 859,
            "16580608" : 841,
            "16711680" : 589,
            "16908288" : 778,
            "17170432" : 384,
            "17432576" : 194,
            "17694720" : 125,
            "17956864" : 90,
            "18219008" : 91,
            "18481152" : 147,
            "18743296" : 229,
            "19005440" : 209,
            "19267584" : 152,
            "19529728" : 144,
            "19791872" : 106,
            "20054016" : 76,
            "20316160" : 106,
            "20578304" : 78,
            "20840448" : 58,
            "21102592" : 37,
            "21364736" : 29,
            "21626880" : 28,
            "21889024" : 16,
            "22151168" : 19,
            "22413312" : 19,
            "22675456" : 11,
            "22937600" : 10,
            "23199744" : 6,
            "23461888" : 8,
            "23724032" : 6,
            "23986176" : 8,
            "24248320" : 6,
            "24510464" : 5,
            "24772608" : 10,
            "25034752" : 5,
            "25296896" : 16,
            "25559040" : 42,
            "25821184" : 196,
            "26083328" : 465,
            "26345472" : 2449,
            "26607616" : 5653,
            "26869760" : 4017,
            "27131904" : 1834,
            "27394048" : 1130,
            "27656192" : 954,
            "27918336" : 610,
            "28180480" : 444,
            "28442624" : 312,
            "28704768" : 222,
            "28966912" : 185,
            "29229056" : 183,
            "29491200" : 197,
            "29753344" : 229,
            "30015488" : 267,
            "30277632" : 300,
            "30539776" : 391,
            "30801920" : 469,
            "31064064" : 600,
            "31326208" : 779,
            "31588352" : 1062,
            "31850496" : 1414,
            "32112640" : 1887,
            "32374784" : 2485,
            "32636928" : 3363,
            "32899072" : 4301,
            "33161216" : 5779,
            "33423360" : 7076,
            "33816576" : 19277,
            "34340864" : 25565,
            "34865152" : 31932,
            "35389440" : 37143,
            "35913728" : 36519,
            "36438016" : 31908,
            "36962304" : 27262,
            "37486592" : 21597,
            "38010880" : 14590,
            "38535168" : 10287,
            "39059456" : 8514,
            "39583744" : 7494,
            "40108032" : 6837,
            "40632320" : 6490,
            "41156608" : 5940,
            "41680896" : 5097,
            "42205184" : 4000,
            "42729472" : 2827,
            "43253760" : 1653,
            "43778048" : 973,
            "44302336" : 727,
            "44826624" : 388,