{
  "fio version" : "fio-3.8",
  "timestamp" : 1544829253,
  "timestamp_ms" : 1544829253771,
  "time" : "Fri Dec 14 15:14:13 2018",
  "jobs" : [
    {
      "jobname" : "wipc",
      "groupid" : 0,
      "error" : 0,
      "eta" : 0,
      "elapsed" : 1505,
      "job options" : {
        "ioengine" : "libaio",
        "group_reporting" : "1",
        "direct" : "1",
        "rw" : "write",
        "bssplit" : "128KB",
        "numjobs" : "2",
        "iodepth" : "16",
        "size" : "100%",
        "io_size" : "128035676160B",
        "filename" : "/dev/sda"
      },
      "read" : {
        "io_bytes" : 0,
        "io_kbytes" : 0,
        "bw_bytes" : 0,
        "bw" : 0,
        "iops" : 0.000000,
        "runtime" : 0,
        "total_ios" : 0,
        "short_ios" : 0,
        "drop_ios" : 0,
        "slat_ns" : {
          "min" : 0,
          "max" : 0,
          "mean" : 0.000000,
          "stddev" : 0.000000
        },
        "clat_ns" : {
          "min" : 0,
          "max" : 0,
          "mean" : 0.000000,
          "stddev" : 0.000000,
          "percentile" : {
            "1.000000" : 0,
            "5.000000" : 0,
            "10.000000" : 0,
            "20.000000" : 0,
            "30.000000" : 0,
            "40.000000" : 0,
            "50.000000" : 0,
            "60.000000" : 0,
            "70.000000" : 0,
            "80.000000" : 0,
            "90.000000" : 0,
            "95.000000" : 0,
            "99.000000" : 0,
            "99.500000" : 0,
            "99.900000" : 0,
            "99.950000" : 0,
            "99.990000" : 0
          },
          "bins" : {

          }
        },
        "lat_ns" : {
          "min" : 0,
          "max" : 0,
          "mean" : 0.000000,
          "stddev" : 0.000000
        },
        "bw_min" : 0,
        "bw_max" : 0,
        "bw_agg" : 0.000000,
        "bw_mean" : 0.000000,
        "bw_dev" : 0.000000,
        "bw_samples" : 0,
        "iops_min" : 0,
        "iops_max" : 0,
        "iops_mean" : 0.000000,
        "iops_stddev" : 0.000000,
        "iops_samples" : 0
      },
      "write" : {
        "io_bytes" : 256071172096,
        "io_kbytes" : 250069504,
        "bw_bytes" : 170270050,
        "bw" : 166279,
        "iops" : 1299.057392,
        "runtime" : 1503912,
        "total_ios" : 1953668,
        "short_ios" : 0,
        "drop_ios" : 0,
        "slat_ns" : {
          "min" : 5269,
          "max" : 356990,
          "mean" : 12700.029826,
          "stddev" : 3211.752207
        },
        "clat_ns" : {
          "min" : 950183,
          "max" : 94261618,
          "mean" : 24616213.168754,
          "stddev" : 16170994.040183,
          "percentile" : {
            "1.000000" : 12779520,
            "5.000000" : 13041664,
            "10.000000" : 13172736,
            "20.000000" : 13434880,
            "30.000000" : 13697024,
            "40.000000" : 13959168,
            "50.000000" : 14483456,
            "60.000000" : 15007744,
            "70.000000" : 34340864,
            "80.000000" : 37486592,
            "90.000000" : 54788096,
            "95.000000" : 57409536,
            "99.000000" : 62652416,
            "99.500000" : 64225280,
            "99.900000" : 71827456,
            "99.950000" : 73924608,
            "99.990000" : 80216064
          },
          "bins" : {
            "946176" : 1,
            "1335296" : 1,
            "1433600" : 1,
            "2146304" : 1,
            "2506752" : 1,
            "2899968" : 1,
            "3358720" : 1,
            "3686400" : 1,
            "4112384" : 1,
            "4489216" : 1,
            "4882432" : 1,
            "5406720" : 1,
            "5865472" : 1,
            "6258688" : 1,
            "6651904" : 1,
            "7045120" : 1,
            "7372800" : 1,
            "7766016" : 1,
            "8159232" : 1,
            "8585216" : 1,
            "8978432" : 1,
            "9240576" : 1,
            "9895936" : 1,
            "10289152" : 1,
            "10682368" : 1,
            "11075584" : 1,
            "11337728" : 3,
            "11468800" : 11,
            "11599872" : 52,
            "11730944" : 101,
            "11862016" : 125,
            "11993088" : 122,
            "12124160" : 172,
            "12255232" : 208,
            "12386304" : 403,
            "12517376" : 1126,
            "12648448" : 4680,
            "12779520" : 15840,
            "12910592" : 41295,
            "13041664" : 70539,
            "13172736" : 87136,
            "13303808" : 96992,
            "13434880" : 102097,
            "13565952" : 103813,
            "13697024" : 108558,
            "13828096" : 96977,
            "13959168" : 74287,
            "14090240" : 60710,
            "14221312" : 56760,
            "14352384" : 54544,
            "14483456" : 54455,
            "14614528" : 49163,
            "14745600" : 39664,
            "14876672" : 35300,
            "15007744" : 32516,
            "15138816" : 26753,
            "15269888" : 21517,
            "15400960" : 14786,
            "15532032" : 10150,
            "15663104" : 6974,
            "15794176" : 4867,
            "15925248" : 3330,
            "16056320" : 2559,
            "16187392" : 1743,
            "16318464" : 1466,
            "16449536" : 1106,
            "16580608" : 772,
            "16711680" : 674,
            "16908288" : 1014,
            "17170432" : 476,
            "17432576" : 261,
            "17694720" : 98,
            "17956864" : 92,
            "18219008" : 80,
            "18481152" : 30,
            "18743296" : 28,
            "19005440" : 48,
            "19267584" : 74,
            "19529728" : 59,
            "19791872" : 99,
            "20054016" : 86,
            "20316160" : 78,
            "20578304" : 81,
            "20840448" : 62,
            "21102592" : 43,
            "21364736" : 45,
            "21626880" : 25,
            "21889024" : 24,
            "22151168" : 13,
            "22413312" : 4,
            "22675456" : 3,
            "22937600" : 4,
            "23199744" : 6,
            "23461888" : 5,
            "23724032" : 5,
            "23986176" : 2,
            "24248320" : 5,
            "24510464" : 4,
            "24772608" : 6,
            "25034752" : 8,
            "25296896" : 22,
            "25559040" : 29,
            "25821184" : 50,
            "26083328" : 105,
            "26345472" : 336,
            "26607616" : 2135,
            "26869760" : 4513,
            "27131904" : 3836,
            "27394048" : 2545,
            "27656192" : 1407,
            "27918336" : 747,
            "28180480" : 647,
            "28442624" : 728,
            "28704768" : 369,
            "28966912" : 223,
            "29229056" : 215,
            "29491200" : 195,
            "29753344" : 275,
            "30015488" : 306,
            "30277632" : 380,
            "30539776" : 394,
            "30801920" : 615,
            "31064064" : 621,
            "31326208" : 819,
            "31588352" : 963,
            "31850496" : 1268,
            "32112640" : 1698,
            "32374784" : 2358,
            "32636928" : 3371,
            "32899072" : 4671,
            "33161216" : 6002,
            "33423360" : 7328,
            "33816576" : 18405,
            "34340864" : 24618,
            "34865152" : 33046,
            "35389440" : 38938,
            "35913728" : 36808,
            "36438016" : 33162,
            "36962304" : 30539,
            "37486592" : 24405,
            "38010880" : 16525,
            "38535168" : 11234,
            "39059456" : 8779,
            "39583744" : 7525,
            "40108032" : 6868,
            "40632320" : 6261,
            "41156608" : 5408,
            "41680896" : 4521,
            "42205184" : 3596,
            "42729472" : 2492,
            "43253760" : 1691,
            "43778048" : 943,
            "44302336" : 566,
            "44826624" : 361,
            "45350912" : 215,
            "45875200" : 224,