{
  "fio version" : "fio-3.8",
  "timestamp" : 1546048693,
  "timestamp_ms" : 1546048693012,
  "time" : "Fri Dec 28 17:58:13 2018",
  "jobs" : [
    {
      "jobname" : "wipc",
      "groupid" : 0,
      "error" : 0,
      "eta" : 0,
      "elapsed" : 1394,
      "job options" : {
        "ioengine" : "libaio",
        "group_reporting" : "1",
        "direct" : "1",
        "rw" : "write",
        "bssplit" : "128KB",
        "numjobs" : "2",
        "iodepth" : "16",
        "size" : "75%",
        "io_size" : "128035676160B",
        "filename" : "/dev/sda"
      },
      "read" : {
        "io_bytes" : 0,
        "io_kbytes" : 0,
        "bw_bytes" : 0,
        "bw" : 0,
        "iops" : 0.000000,
        "runtime" : 0,
        "total_ios" : 0,
        "short_ios" : 0,
        "drop_ios" : 0,
        "slat_ns" : {
          "min" : 0,
          "max" : 0,
          "mean" : 0.000000,
          "stddev" : 0.000000
        },
        "clat_ns" : {
          "min" : 0,
          "max" : 0,
          "mean" : 0.000000,
          "stddev" : 0.000000,
          "percentile" : {
            "1.000000" : 0,
            "5.000000" : 0,
            "10.000000" : 0,
            "20.000000" : 0,
            "30.000000" : 0,
            "40.000000" : 0,
            "50.000000" : 0,
            "60.000000" : 0,
            "70.000000" : 0,
            "80.000000" : 0,
            "90.000000" : 0,
            "95.000000" : 0,
            "99.000000" : 0,
            "99.500000" : 0,
            "99.900000" : 0,
            "99.950000" : 0,
            "99.990000" : 0
          },
          "bins" : {

          }
        },
        "lat_ns" : {
          "min" : 0,
          "max" : 0,
          "mean" : 0.000000,
          "stddev" : 0.000000
        },
        "bw_min" : 0,
        "bw_max" : 0,
        "bw_agg" : 0.000000,
        "bw_mean" : 0.000000,
        "bw_dev" : 0.000000,
        "bw_samples" : 0,
        "iops_min" : 0,
        "iops_max" : 0,
        "iops_mean" : 0.000000,
        "iops_stddev" : 0.000000,
        "iops_samples" : 0
      },
      "write" : {
        "io_bytes" : 256071434240,
        "io_kbytes" : 250069760,
        "bw_bytes" : 183847364,
        "bw" : 179538,
        "iops" : 1402.644079,
        "runtime" : 1392848,
        "total_ios" : 1953670,
        "short_ios" : 0,
        "drop_ios" : 0,
        "slat_ns" : {
          "min" : 5719,
          "max" : 369862,
          "mean" : 14892.822656,
          "stddev" : 6285.334350
        },
        "clat_ns" : {
          "min" : 846518,
          "max" : 123937511,
          "mean" : 22794087.735410,
          "stddev" : 14921342.149985,
          "percentile" : {
            "1.000000" : 12910592,
            "5.000000" : 13172736,
            "10.000000" : 13303808,
            "20.000000" : 13565952,
            "30.000000" : 13828096,
            "40.000000" : 14090240,
            "50.000000" : 14352384,
            "60.000000" : 14876672,
            "70.000000" : 15925248,
            "80.000000" : 35913728,
            "90.000000" : 53739520,
            "95.000000" : 56360960,
            "99.000000" : 62128128,
            "99.500000" : 64225280,
            "99.900000" : 73924608,
            "99.950000" : 81264640,
            "99.990000" : 95944704
          },
          "bins" : {
            "847872" : 1,
            "1318912" : 1,
            "1400832" : 1,
            "2056192" : 1,
            "2441216" : 1,
            "2867200" : 1,
            "3227648" : 1,
            "3620864" : 1,
            "4014080" : 1,
            "4423680" : 1,
            "4751360" : 1,
            "5210112" : 1,
            "5537792" : 1,
            "5931008" : 1,
            "6258688" : 1,
            "6324224" : 1,
            "6586368" : 1,
            "6651904" : 2,
            "6914048" : 1,
            "7045120" : 2,
            "7372800" : 1,
            "7438336" : 1,
            "7831552" : 2,
            "8028160" : 1,
            "8224768" : 1,
            "8290304" : 1,
            "8585216" : 3,
            "8978432" : 6,
            "9109504" : 1,
            "9371648" : 1,
            "9633792" : 4,
            "9764864" : 2,
            "10027008" : 2,
            "10420224" : 3,
            "10551296" : 2,
            "10813440" : 2,
            "10944512" : 1,
            "11206656" : 1,
            "11337728" : 2,
            "11468800" : 1,
            "11599872" : 2,
            "11730944" : 3,
            "11862016" : 12,
            "11993088" : 24,
            "12124160" : 66,
            "12255232" : 140,
            "12386304" : 199,
            "12517376" : 554,
            "12648448" : 1700,
            "12779520" : 5928,
            "12910592" : 18178,
            "13041664" : 41349,
            "13172736" : 71940,
            "13303808" : 94074,
            "13434880" : 104270,
            "13565952" : 108283,
            "13697024" : 110482,
            "13828096" : 105899,
            "13959168" : 99123,
            "14090240" : 86853,
            "14221312" : 70715,
            "14352384" : 59586,
            "14483456" : 58032,
            "14614528" : 57130,
            "14745600" : 54089,
            "14876672" : 46335,
            "15007744" : 39763,
            "15138816" : 34677,
            "15269888" : 30203,
            "15400960" : 24728,
            "15532032" : 18402,
            "15663104" : 13683,
            "15794176" : 9712,
            "15925248" : 6532,
            "16056320" : 4244,
            "16187392" : 2896,
            "16318464" : 2072,
            "16449536" : 1579,
            "16580608" : 1153,
            "16711680" : 956,
            "16908288" : 1341,
            "17170432" : 881,
            "17432576" : 517,
            "17694720" : 379,
            "17956864" : 144,
            "18219008" : 40,
            "18481152" : 32,
            "18743296" : 19,
            "19005440" : 20,
            "19267584" : 36,
            "19529728" : 37,
            "19791872" : 35,
            "20054016" : 25,
            "20316160" : 31,
            "20578304" : 35,
            "20840448" : 46,
            "21102592" : 33,
            "21364736" : 32,
            "21626880" : 37,
            "21889024" : 78,
            "22151168" : 54,
            "22413312" : 26,
            "22675456" : 26,
            "22937600" : 17,
            "23199744" : 24,
            "23461888" : 20,
            "23724032" : 23,
            "23986176" : 5,
            "24248320" : 4,
            "24510464" : 1,
            "24772608" : 2,
            "25034752" : 1,
            "25296896" : 6,
            "25559040" : 10,
            "25821184" : 46,
            "26083328" : 112,
            "26345472" : 294,
            "26607616" : 1139,
            "26869760" : 3819,
            "27131904" : 4803,
            "27394048" : 2887,
            "27656192" : 1574,
            "27918336" : 1264,
            "28180480" : 1129,
            "28442624" : 1111,
            "28704768" : 708,
            "28966912" : 449,
            "29229056" : 332,
            "29491200" : 219,
            "29753344" : 299,
            "30015488" : 288,
            "30277632" : 329,
            "30539776" : 432,
            "30801920" : 495,
            "31064064" : 699,
            "31326208" : 859,
            "31588352" : 1081,
            "31850496" : 1420,
            "32112640" : 1832,
            "32374784" : 2494,
            "32636928" : 3414,
            "32899072" : 4474,
            "33161216" : 5969,
            "33423360" : 7413,
            "33816576" : 18736,
            "34340864" : 23420,
            "34865152" : 29271,
            "35389440" : 33730,
            "35913728" : 32926,
            "36438016" : 28998,
            "36962304" : 25834,
            "37486592" : 21904,
            "38010880" : 14901,
            "38535168" : 10621,
            "39059456" : 8825,
            "39583744" : 7358,
            "40108032" : 6427,