{
  "fio version" : "fio-3.8",
  "timestamp" : 1542443423,
  "timestamp_ms" : 1542443423591,
  "time" : "Sat Nov 17 08:30:23 2018",
  "jobs" : [
    {
      "jobname" : "wipc",
      "groupid" : 0,
      "error" : 0,
      "eta" : 0,
      "elapsed" : 1403,
      "job options" : {
        "ioengine" : "libaio",
        "group_reporting" : "1",
        "direct" : "1",
        "rw" : "write",
        "bssplit" : "128KB",
        "numjobs" : "2",
        "iodepth" : "16",
        "size" : "75%",
        "io_size" : "128035676160B",
        "filename" : "/dev/sda"
      },
      "read" : {
        "io_bytes" : 0,
        "io_kbytes" : 0,
        "bw_bytes" : 0,
        "bw" : 0,
        "iops" : 0.000000,
        "runtime" : 0,
        "total_ios" : 0,
        "short_ios" : 0,
        "drop_ios" : 0,
        "slat_ns" : {
          "min" : 0,
          "max" : 0,
          "mean" : 0.000000,
          "stddev" : 0.000000
        },
        "clat_ns" : {
          "min" : 0,
          "max" : 0,
          "mean" : 0.000000,
          "stddev" : 0.000000,
          "percentile" : {
            "1.000000" : 0,
            "5.000000" : 0,
            "10.000000" : 0,
            "20.000000" : 0,
            "30.000000" : 0,
            "40.000000" : 0,
            "50.000000" : 0,
            "60.000000" : 0,
            "70.000000" : 0,
            "80.000000" : 0,
            "90.000000" : 0,
            "95.000000" : 0,
            "99.000000" : 0,
            "99.500000" : 0,
            "99.900000" : 0,
            "99.950000" : 0,
            "99.990000" : 0
          },
          "bins" : {

          }
        },
        "lat_ns" : {
          "min" : 0,
          "max" : 0,
          "mean" : 0.000000,
          "stddev" : 0.000000
        },
        "bw_min" : 0,
        "bw_max" : 0,
        "bw_agg" : 0.000000,
        "bw_mean" : 0.000000,
        "bw_dev" : 0.000000,
        "bw_samples" : 0,
        "iops_min" : 0,
        "iops_max" : 0,
        "iops_mean" : 0.000000,
        "iops_stddev" : 0.000000,
        "iops_samples" : 0
      },
      "write" : {
        "io_bytes" : 256071434240,
        "io_kbytes" : 250069760,
        "bw_bytes" : 182655320,
        "bw" : 178374,
        "iops" : 1393.549501,
        "runtime" : 1401938,
        "total_ios" : 1953670,
        "short_ios" : 0,
        "drop_ios" : 0,
        "slat_ns" : {
          "min" : 23042,
          "max" : 54637333,
          "mean" : 59103.567231,
          "stddev" : 79188.619861
        },
        "clat_ns" : {
          "min" : 2244083,
          "max" : 119275042,
          "mean" : 22892875.656289,
          "stddev" : 15533210.112419,
          "percentile" : {
            "1.000000" : 12386304,
            "5.000000" : 12779520,
            "10.000000" : 12910592,
            "20.000000" : 13172736,
            "30.000000" : 13434880,
            "40.000000" : 13697024,
            "50.000000" : 14090240,
            "60.000000" : 14745600,
            "70.000000" : 16187392,
            "80.000000" : 36438016,
            "90.000000" : 54788096,
            "95.000000" : 57409536,
            "99.000000" : 63700992,
            "99.500000" : 65273856,
            "99.900000" : 77070336,
            "99.950000" : 86507520,
            "99.990000" : 100139008
          },
          "bins" : {
            "2244608" : 3,
            "2277376" : 2,
            "2375680" : 1,
            "2670592" : 1,
            "2703360" : 1,
            "2801664" : 1,
            "2899968" : 2,
            "3063808" : 1,
            "3293184" : 1,
            "3588096" : 1,
            "3751936" : 2,
            "3784704" : 2,
            "3850240" : 1,
            "3948544" : 1,
            "4046848" : 1,
            "4145152" : 1,
            "4292608" : 4,
            "4489216" : 1,
            "4554752" : 1,
            "4685824" : 2,
            "4751360" : 3,
            "4816896" : 1,
            "4882432" : 1,
            "4947968" : 3,
            "5013504" : 1,
            "5144576" : 2,
            "5210112" : 1,
            "5275648" : 2,
            "5341184" : 4,
            "5406720" : 6,
            "5472256" : 2,
            "5603328" : 4,
            "5668864" : 7,
            "5734400" : 2,
            "5799936" : 2,
            "5865472" : 14,
            "5931008" : 7,
            "5996544" : 22,
            "6062080" : 25,
            "6127616" : 20,
            "6193152" : 19,
            "6258688" : 28,
            "6324224" : 43,
            "6389760" : 69,
            "6455296" : 39,
            "6520832" : 46,
            "6586368" : 52,
            "6651904" : 89,
            "6717440" : 54,
            "6782976" : 34,
            "6848512" : 42,
            "6914048" : 41,
            "6979584" : 37,
            "7045120" : 31,
            "7110656" : 46,
            "7176192" : 46,
            "7241728" : 43,
            "7307264" : 44,
            "7372800" : 55,
            "7438336" : 42,
            "7503872" : 48,
            "7569408" : 43,
            "7634944" : 29,
            "7700480" : 28,
            "7766016" : 35,
            "7831552" : 32,
            "7897088" : 39,
            "7962624" : 22,
            "8028160" : 38,
            "8093696" : 46,
            "8159232" : 36,
            "8224768" : 45,
            "8290304" : 37,
            "8355840" : 35,
            "8454144" : 75,
            "8585216" : 69,
            "8716288" : 89,
            "8847360" : 71,
            "8978432" : 95,
            "9109504" : 92,
            "9240576" : 84,
            "9371648" : 114,
            "9502720" : 128,
            "9633792" : 130,
            "9764864" : 130,
            "9895936" : 145,
            "10027008" : 173,
            "10158080" : 152,
            "10289152" : 200,
            "10420224" : 247,
            "10551296" : 290,
            "10682368" : 389,
            "10813440" : 440,
            "10944512" : 464,
            "11075584" : 545,
            "11206656" : 602,
            "11337728" : 635,
            "11468800" : 637,
            "11599872" : 632,
            "11730944" : 941,
            "11862016" : 1189,
            "11993088" : 1506,
            "12124160" : 2284,
            "12255232" : 3792,
            "12386304" : 7740,
            "12517376" : 16405,
            "12648448" : 33107,
            "12779520" : 59208,
            "12910592" : 83532,
            "13041664" : 96658,
            "13172736" : 101506,
            "13303808" : 101638,
            "13434880" : 98650,
            "13565952" : 93201,
            "13697024" : 84595,
            "13828096" : 75147,
            "13959168" : 64267,
            "14090240" : 56184,
            "14221312" : 50601,
            "14352384" : 46228,
            "14483456" : 41995,
            "14614528" : 40414,
            "14745600" : 38404,
            "14876672" : 34292,
            "15007744" : 28962,
            "15138816" : 24299,
            "15269888" : 18687,
            "15400960" : 14627,
            "15532032" : 11531,
            "15663104" : 9120,
            "15794176" : 7097,
            "15925248" : 5767,
            "16056320" : 4625,
            "16187392" : 3493,
            "16318464" : 2676,
            "16449536" : 2205,
            "16580608" : 1844,
            "16711680" : 1421,
            "16908288" : 1863,
            "17170432" : 1082,
            "17432576" : 825,
            "17694720" : 576,
            "17956864" : 400,
            "18219008" : 304,
            "18481152" : 269,
            "18743296" : 260,
            "19005440" : 209,
            "19267584" : 166,
            "19529728" : 185,
            "19791872" : 139,
            "20054016" : 154,
            "20316160" : 125,
            "20578304" : 93,
            "20840448" : 82,
            "21102592" : 76,
            "21364736" : 77,
            "21626880" : 75,
            "21889024" : 71,
            "22151168" : 59,
            "22413312" : 59,