{
  "fio version" : "fio-3.8",
  "timestamp" : 1542589762,
  "timestamp_ms" : 1542589762769,
  "time" : "Mon Nov 19 01:09:22 2018",
  "jobs" : [
    {
      "jobname" : "wipc",
      "groupid" : 0,
      "error" : 0,
      "eta" : 0,
      "elapsed" : 1430,
      "job options" : {
        "ioengine" : "libaio",
        "group_reporting" : "1",
        "direct" : "1",
        "rw" : "write",
        "bssplit" : "128KB",
        "numjobs" : "2",
        "iodepth" : "16",
        "size" : "75%",
        "io_size" : "128035676160B",
        "filename" : "/dev/sda"
      },
      "read" : {
        "io_bytes" : 0,
        "io_kbytes" : 0,
        "bw_bytes" : 0,
        "bw" : 0,
        "iops" : 0.000000,
        "runtime" : 0,
        "total_ios" : 0,
        "short_ios" : 0,
        "drop_ios" : 0,
        "slat_ns" : {
          "min" : 0,
          "max" : 0,
          "mean" : 0.000000,
          "stddev" : 0.000000
        },
        "clat_ns" : {
          "min" : 0,
          "max" : 0,
          "mean" : 0.000000,
          "stddev" : 0.000000,
          "percentile" : {
            "1.000000" : 0,
            "5.000000" : 0,
            "10.000000" : 0,
            "20.000000" : 0,
            "30.000000" : 0,
            "40.000000" : 0,
            "50.000000" : 0,
            "60.000000" : 0,
            "70.000000" : 0,
            "80.000000" : 0,
            "90.000000" : 0,
            "95.000000" : 0,
            "99.000000" : 0,
            "99.500000" : 0,
            "99.900000" : 0,
            "99.950000" : 0,
            "99.990000" : 0
          },
          "bins" : {

          }
        },
        "lat_ns" : {
          "min" : 0,
          "max" : 0,
          "mean" : 0.000000,
          "stddev" : 0.000000
        },
        "bw_min" : 0,
        "bw_max" : 0,
        "bw_agg" : 0.000000,
        "bw_mean" : 0.000000,
        "bw_dev" : 0.000000,
        "bw_samples" : 0,
        "iops_min" : 0,
        "iops_max" : 0,
        "iops_mean" : 0.000000,
        "iops_stddev" : 0.000000,
        "iops_samples" : 0
      },
      "write" : {
        "io_bytes" : 256071434240,
        "io_kbytes" : 250069760,
        "bw_bytes" : 179175305,
        "bw" : 174975,
        "iops" : 1366.999098,
        "runtime" : 1429167,
        "total_ios" : 1953670,
        "short_ios" : 0,
        "drop_ios" : 0,
        "slat_ns" : {
          "min" : 21000,
          "max" : 15995583,
          "mean" : 59425.969399,
          "stddev" : 69725.868667
        },
        "clat_ns" : {
          "min" : 1671250,
          "max" : 136802042,
          "mean" : 23337304.041907,
          "stddev" : 15995310.152062,
          "percentile" : {
            "1.000000" : 12255232,
            "5.000000" : 12779520,
            "10.000000" : 12910592,
            "20.000000" : 13041664,
            "30.000000" : 13303808,
            "40.000000" : 13565952,
            "50.000000" : 13959168,
            "60.000000" : 14483456,
            "70.000000" : 26869760,
            "80.000000" : 36438016,
            "90.000000" : 54788096,
            "95.000000" : 57409536,
            "99.000000" : 63700992,
            "99.500000" : 65273856,
            "99.900000" : 79167488,
            "99.950000" : 88604672,
            "99.990000" : 101187584
          },
          "bins" : {
            "1679360" : 2,
            "1908736" : 1,
            "2179072" : 1,
            "2277376" : 2,
            "2310144" : 1,
            "2342912" : 2,
            "2408448" : 1,
            "2768896" : 1,
            "2801664" : 1,
            "3162112" : 1,
            "3325952" : 1,
            "3653632" : 1,
            "3883008" : 1,
            "4014080" : 1,
            "4620288" : 1,
            "4882432" : 2,
            "4947968" : 1,
            "5079040" : 3,
            "5210112" : 2,
            "5275648" : 4,
            "5341184" : 4,
            "5406720" : 1,
            "5472256" : 5,
            "5537792" : 2,
            "5603328" : 1,
            "5668864" : 1,
            "5734400" : 2,
            "5799936" : 2,
            "5865472" : 6,
            "5931008" : 3,
            "5996544" : 3,
            "6062080" : 5,
            "6127616" : 4,
            "6193152" : 7,
            "6258688" : 12,
            "6324224" : 11,
            "6389760" : 10,
            "6455296" : 15,
            "6520832" : 10,
            "6586368" : 11,
            "6651904" : 15,
            "6717440" : 18,
            "6782976" : 14,
            "6848512" : 22,
            "6914048" : 14,
            "6979584" : 18,
            "7045120" : 12,
            "7110656" : 14,
            "7176192" : 22,
            "7241728" : 13,
            "7307264" : 18,
            "7372800" : 27,
            "7438336" : 26,
            "7503872" : 13,
            "7569408" : 25,
            "7634944" : 25,
            "7700480" : 19,
            "7766016" : 33,
            "7831552" : 20,
            "7897088" : 30,
            "7962624" : 30,
            "8028160" : 33,
            "8093696" : 39,
            "8159232" : 34,
            "8224768" : 31,
            "8290304" : 41,
            "8355840" : 33,
            "8454144" : 91,
            "8585216" : 97,
            "8716288" : 116,
            "8847360" : 137,
            "8978432" : 121,
            "9109504" : 129,
            "9240576" : 141,
            "9371648" : 166,
            "9502720" : 156,
            "9633792" : 187,
            "9764864" : 185,
            "9895936" : 216,
            "10027008" : 227,
            "10158080" : 236,
            "10289152" : 272,
            "10420224" : 354,
            "10551296" : 381,
            "10682368" : 471,
            "10813440" : 501,
            "10944512" : 539,
            "11075584" : 643,
            "11206656" : 740,
            "11337728" : 720,
            "11468800" : 782,
            "11599872" : 779,
            "11730944" : 945,
            "11862016" : 1240,
            "11993088" : 1594,
            "12124160" : 2459,
            "12255232" : 4205,
            "12386304" : 8861,
            "12517376" : 20847,
            "12648448" : 43021,
            "12779520" : 77313,
            "12910592" : 107979,
            "13041664" : 118651,
            "13172736" : 117048,
            "13303808" : 110343,
            "13434880" : 102546,
            "13565952" : 92028,
            "13697024" : 81183,
            "13828096" : 68999,
            "13959168" : 55132,
            "14090240" : 45888,
            "14221312" : 40141,
            "14352384" : 37140,
            "14483456" : 33908,
            "14614528" : 31239,
            "14745600" : 29938,
            "14876672" : 25174,
            "15007744" : 19989,
            "15138816" : 15671,
            "15269888" : 11854,
            "15400960" : 8818,
            "15532032" : 6589,
            "15663104" : 5125,
            "15794176" : 3775,
            "15925248" : 3104,
            "16056320" : 2316,
            "16187392" : 1603,
            "16318464" : 1333,
            "16449536" : 1100,
            "16580608" : 891,
            "16711680" : 732,
            "16908288" : 1044,
            "17170432" : 748,
            "17432576" : 616,
            "17694720" : 537,
            "17956864" : 411,
            "18219008" : 311,
            "18481152" : 313,
            "18743296" : 325,
            "19005440" : 322,
            "19267584" : 308,
            "19529728" : 274,
            "19791872" : 213,
            "20054016" : 226,
            "20316160" : 202,
            "20578304" : 205,
            "20840448" : 171,
            "21102592" : 107,
            "21364736" : 104,
            "21626880" : 78,
            "21889024" : 64,
            "22151168" : 53,
            "22413312" : 71,
            "22675456" : 47,
            "22937600" : 46,
            "23199744" : 45,
            "23461888" : 45,
            "23724032" : 31,
            "23986176" : 39,