{
  "fio version" : "fio-3.8",
  "timestamp" : 1543014889,
  "timestamp_ms" : 1543014889783,
  "time" : "Fri Nov 23 15:14:49 2018",
  "jobs" : [
    {
      "jobname" : "wipc",
      "groupid" : 0,
      "error" : 0,
      "eta" : 0,
      "elapsed" : 1412,
      "job options" : {
        "ioengine" : "libaio",
        "group_reporting" : "1",
        "direct" : "1",
        "rw" : "write",
        "bssplit" : "128KB",
        "numjobs" : "2",
        "iodepth" : "16",
        "size" : "75%",
        "io_size" : "128035676160B",
        "filename" : "/dev/sda"
      },
      "read" : {
        "io_bytes" : 0,
        "io_kbytes" : 0,
        "bw_bytes" : 0,
        "bw" : 0,
        "iops" : 0.000000,
        "runtime" : 0,
        "total_ios" : 0,
        "short_ios" : 0,
        "drop_ios" : 0,
        "slat_ns" : {
          "min" : 0,
          "max" : 0,
          "mean" : 0.000000,
          "stddev" : 0.000000
        },
        "clat_ns" : {
          "min" : 0,
          "max" : 0,
          "mean" : 0.000000,
          "stddev" : 0.000000,
          "percentile" : {
            "1.000000" : 0,
            "5.000000" : 0,
            "10.000000" : 0,
            "20.000000" : 0,
            "30.000000" : 0,
            "40.000000" : 0,
            "50.000000" : 0,
            "60.000000" : 0,
            "70.000000" : 0,
            "80.000000" : 0,
            "90.000000" : 0,
            "95.000000" : 0,
            "99.000000" : 0,
            "99.500000" : 0,
            "99.900000" : 0,
            "99.950000" : 0,
            "99.990000" : 0
          },
          "bins" : {

          }
        },
        "lat_ns" : {
          "min" : 0,
          "max" : 0,
          "mean" : 0.000000,
          "stddev" : 0.000000
        },
        "bw_min" : 0,
        "bw_max" : 0,
        "bw_agg" : 0.000000,
        "bw_mean" : 0.000000,
        "bw_dev" : 0.000000,
        "bw_samples" : 0,
        "iops_min" : 0,
        "iops_max" : 0,
        "iops_mean" : 0.000000,
        "iops_stddev" : 0.000000,
        "iops_samples" : 0
      },
      "write" : {
        "io_bytes" : 256071434240,
        "io_kbytes" : 250069760,
        "bw_bytes" : 181463201,
        "bw" : 177210,
        "iops" : 1384.454359,
        "runtime" : 1411148,
        "total_ios" : 1953670,
        "short_ios" : 0,
        "drop_ios" : 0,
        "slat_ns" : {
          "min" : 5324,
          "max" : 320700,
          "mean" : 13330.981273,
          "stddev" : 3412.702708
        },
        "clat_ns" : {
          "min" : 872761,
          "max" : 117047074,
          "mean" : 23090739.023224,
          "stddev" : 15182493.976623,
          "percentile" : {
            "1.000000" : 12910592,
            "5.000000" : 13172736,
            "10.000000" : 13303808,
            "20.000000" : 13565952,
            "30.000000" : 13828096,
            "40.000000" : 14090240,
            "50.000000" : 14483456,
            "60.000000" : 14876672,
            "70.000000" : 16449536,
            "80.000000" : 36962304,
            "90.000000" : 54263808,
            "95.000000" : 57409536,
            "99.000000" : 63176704,
            "99.500000" : 65273856,
            "99.900000" : 73924608,
            "99.950000" : 81264640,
            "99.990000" : 96993280
          },
          "bins" : {
            "872448" : 1,
            "1351680" : 1,
            "1400832" : 1,
            "2113536" : 1,
            "2473984" : 1,
            "2834432" : 1,
            "3293184" : 1,
            "3653632" : 1,
            "4046848" : 1,
            "4423680" : 1,
            "4816896" : 1,
            "5275648" : 1,
            "5668864" : 1,
            "6062080" : 1,
            "6455296" : 1,
            "6782976" : 1,
            "7176192" : 1,
            "7569408" : 1,
            "8028160" : 1,
            "8290304" : 1,
            "8716288" : 1,
            "9109504" : 1,
            "9502720" : 1,
            "9895936" : 1,
            "10289152" : 1,
            "10682368" : 1,
            "11206656" : 1,
            "11468800" : 2,
            "11599872" : 8,
            "11730944" : 18,
            "11862016" : 44,
            "11993088" : 115,
            "12124160" : 175,
            "12255232" : 237,
            "12386304" : 470,
            "12517376" : 843,
            "12648448" : 1991,
            "12779520" : 5682,
            "12910592" : 16474,
            "13041664" : 38873,
            "13172736" : 67036,
            "13303808" : 90259,
            "13434880" : 103546,
            "13565952" : 108858,
            "13697024" : 111557,
            "13828096" : 109040,
            "13959168" : 94698,
            "14090240" : 80996,
            "14221312" : 71697,
            "14352384" : 65385,
            "14483456" : 61136,
            "14614528" : 55024,
            "14745600" : 46613,
            "14876672" : 41894,
            "15007744" : 37377,
            "15138816" : 34183,
            "15269888" : 30100,
            "15400960" : 24693,
            "15532032" : 19265,
            "15663104" : 14847,
            "15794176" : 11090,
            "15925248" : 7872,
            "16056320" : 6234,
            "16187392" : 4795,
            "16318464" : 3773,
            "16449536" : 2825,
            "16580608" : 2366,
            "16711680" : 1959,
            "16908288" : 2384,
            "17170432" : 1508,
            "17432576" : 902,
            "17694720" : 434,
            "17956864" : 289,
            "18219008" : 147,
            "18481152" : 105,
            "18743296" : 74,
            "19005440" : 43,
            "19267584" : 61,
            "19529728" : 65,
            "19791872" : 66,
            "20054016" : 67,
            "20316160" : 76,
            "20578304" : 64,
            "20840448" : 85,
            "21102592" : 56,
            "21364736" : 62,
            "21626880" : 41,
            "21889024" : 43,
            "22151168" : 30,
            "22413312" : 15,
            "22675456" : 9,
            "22937600" : 8,
            "23199744" : 6,
            "23461888" : 1,
            "23724032" : 1,
            "23986176" : 3,
            "24248320" : 5,
            "24510464" : 3,
            "24772608" : 2,
            "25034752" : 8,
            "25296896" : 29,
            "25559040" : 44,
            "25821184" : 60,
            "26083328" : 93,
            "26345472" : 398,
            "26607616" : 1310,
            "26869760" : 3321,
            "27131904" : 3533,
            "27394048" : 2511,
            "27656192" : 1370,
            "27918336" : 1017,
            "28180480" : 1487,
            "28442624" : 1660,
            "28704768" : 1292,
            "28966912" : 693,
            "29229056" : 306,
            "29491200" : 213,
            "29753344" : 195,
            "30015488" : 216,
            "30277632" : 273,
            "30539776" : 343,
            "30801920" : 339,
            "31064064" : 337,
            "31326208" : 430,
            "31588352" : 548,
            "31850496" : 640,
            "32112640" : 908,
            "32374784" : 1134,
            "32636928" : 1501,
            "32899072" : 2032,
            "33161216" : 2692,
            "33423360" : 3543,
            "33816576" : 10568,
            "34340864" : 15388,
            "34865152" : 21007,
            "35389440" : 27327,
            "35913728" : 32950,
            "36438016" : 35701,
            "36962304" : 33557,
            "37486592" : 29267,
            "38010880" : 25517,
            "38535168" : 18644,
            "39059456" : 12798,
            "39583744" : 9726,
            "40108032" : 8231,
            "40632320" : 7234,
            "41156608" : 6651,
            "41680896" : 6355,
            "42205184" : 5734,
            "42729472" : 4797,
            "43253760" : 3705,
            "43778048" : 2568,
            "44302336" : 1566,
            "44826624" : 979,
            "45350912" : 651,
            "45875200" : 335,