{
  "fio version" : "fio-3.8",
  "timestamp" : 1542476228,
  "timestamp_ms" : 1542476228448,
  "time" : "Sat Nov 17 09:37:08 2018",
  "jobs" : [
    {
      "jobname" : "wipc",
      "groupid" : 0,
      "error" : 0,
      "eta" : 0,
      "elapsed" : 1493,
      "job options" : {
        "ioengine" : "libaio",
        "group_reporting" : "1",
        "direct" : "1",
        "rw" : "write",
        "bssplit" : "128KB",
        "numjobs" : "2",
        "iodepth" : "16",
        "size" : "100%",
        "io_size" : "128035676160B",
        "filename" : "/dev/sdb"
      },
      "read" : {
        "io_bytes" : 0,
        "io_kbytes" : 0,
        "bw_bytes" : 0,
        "bw" : 0,
        "iops" : 0.000000,
        "runtime" : 0,
        "total_ios" : 0,
        "short_ios" : 0,
        "drop_ios" : 0,
        "slat_ns" : {
          "min" : 0,
          "max" : 0,
          "mean" : 0.000000,
          "stddev" : 0.000000
        },
        "clat_ns" : {
          "min" : 0,
          "max" : 0,
          "mean" : 0.000000,
          "stddev" : 0.000000,
          "percentile" : {
            "1.000000" : 0,
            "5.000000" : 0,
            "10.000000" : 0,
            "20.000000" : 0,
            "30.000000" : 0,
            "40.000000" : 0,
            "50.000000" : 0,
            "60.000000" : 0,
            "70.000000" : 0,
            "80.000000" : 0,
            "90.000000" : 0,
            "95.000000" : 0,
            "99.000000" : 0,
            "99.500000" : 0,
            "99.900000" : 0,
            "99.950000" : 0,
            "99.990000" : 0
          },
          "bins" : {

          }
        },
        "lat_ns" : {
          "min" : 0,
          "max" : 0,
          "mean" : 0.000000,
          "stddev" : 0.000000
        },
        "bw_min" : 0,
        "bw_max" : 0,
        "bw_agg" : 0.000000,
        "bw_mean" : 0.000000,
        "bw_dev" : 0.000000,
        "bw_samples" : 0,
        "iops_min" : 0,
        "iops_max" : 0,
        "iops_mean" : 0.000000,
        "iops_stddev" : 0.000000,
        "iops_samples" : 0
      },
      "write" : {
        "io_bytes" : 256071172096,
        "io_kbytes" : 250069504,
        "bw_bytes" : 171647534,
        "bw" : 167624,
        "iops" : 1309.566757,
        "runtime" : 1491843,
        "total_ios" : 1953668,
        "short_ios" : 0,
        "drop_ios" : 0,
        "slat_ns" : {
          "min" : 5333,
          "max" : 385289,
          "mean" : 10094.303796,
          "stddev" : 3000.261447
        },
        "clat_ns" : {
          "min" : 861150,
          "max" : 92074312,
          "mean" : 24422870.761983,
          "stddev" : 15824116.214366,
          "percentile" : {
            "1.000000" : 12648448,
            "5.000000" : 12910592,
            "10.000000" : 13041664,
            "20.000000" : 13303808,
            "30.000000" : 13565952,
            "40.000000" : 13828096,
            "50.000000" : 14221312,
            "60.000000" : 14876672,
            "70.000000" : 34340864,
            "80.000000" : 36962304,
            "90.000000" : 54263808,
            "95.000000" : 56885248,
            "99.000000" : 62128128,
            "99.500000" : 63700992,
            "99.900000" : 70778880,
            "99.950000" : 73924608,
            "99.990000" : 80216064
          },
          "bins" : {
            "864256" : 1,
            "1286144" : 1,
            "1351680" : 1,
            "1974272" : 1,
            "2310144" : 1,
            "2703360" : 1,
            "3129344" : 1,
            "3522560" : 1,
            "3817472" : 1,
            "4227072" : 1,
            "4554752" : 1,
            "4947968" : 1,
            "5406720" : 1,
            "5734400" : 1,
            "6127616" : 1,
            "6455296" : 1,
            "6848512" : 1,
            "7176192" : 1,
            "7503872" : 1,
            "7831552" : 1,
            "8224768" : 1,
            "8585216" : 1,
            "9502720" : 1,
            "9895936" : 2,
            "10158080" : 1,
            "10551296" : 1,
            "10944512" : 2,
            "11075584" : 13,
            "11206656" : 43,
            "11337728" : 103,
            "11468800" : 158,
            "11599872" : 123,
            "11730944" : 204,
            "11862016" : 259,
            "11993088" : 364,
            "12124160" : 567,
            "12255232" : 952,
            "12386304" : 2368,
            "12517376" : 6872,
            "12648448" : 19537,
            "12779520" : 41890,
            "12910592" : 70560,
            "13041664" : 92928,
            "13172736" : 105457,
            "13303808" : 113513,
            "13434880" : 114938,
            "13565952" : 109347,
            "13697024" : 94971,
            "13828096" : 76037,
            "13959168" : 64463,
            "14090240" : 57790,
            "14221312" : 50286,
            "14352384" : 41279,
            "14483456" : 34659,
            "14614528" : 30945,
            "14745600" : 29610,
            "14876672" : 27289,
            "15007744" : 23089,
            "15138816" : 17177,
            "15269888" : 12520,
            "15400960" : 8205,
            "15532032" : 4676,
            "15663104" : 2717,
            "15794176" : 1456,
            "15925248" : 817,
            "16056320" : 556,
            "16187392" : 313,
            "16318464" : 186,
            "16449536" : 106,
            "16580608" : 66,
            "16711680" : 62,
            "16908288" : 129,
            "17170432" : 162,
            "17432576" : 167,
            "17694720" : 125,
            "17956864" : 96,
            "18219008" : 55,
            "18481152" : 85,
            "18743296" : 91,
            "19005440" : 83,
            "19267584" : 51,
            "19529728" : 37,
            "19791872" : 49,
            "20054016" : 26,
            "20316160" : 19,
            "20578304" : 24,
            "20840448" : 11,
            "21102592" : 2,
            "21364736" : 1,
            "21626880" : 1,
            "21889024" : 2,
            "22675456" : 2,
            "23199744" : 1,
            "23461888" : 1,
            "23724032" : 1,
            "23986176" : 2,
            "24248320" : 2,
            "24510464" : 11,
            "24772608" : 26,
            "25034752" : 44,
            "25296896" : 54,
            "25559040" : 144,
            "25821184" : 283,
            "26083328" : 689,
            "26345472" : 2950,
            "26607616" : 4177,
            "26869760" : 3501,
            "27131904" : 2210,
            "27394048" : 1257,
            "27656192" : 692,
            "27918336" : 683,
            "28180480" : 442,
            "28442624" : 262,
            "28704768" : 184,
            "28966912" : 144,
            "29229056" : 167,
            "29491200" : 244,
            "29753344" : 340,
            "30015488" : 431,
            "30277632" : 512,
            "30539776" : 596,
            "30801920" : 604,
            "31064064" : 752,
            "31326208" : 1049,
            "31588352" : 1443,
            "31850496" : 2072,
            "32112640" : 2862,
            "32374784" : 4020,
            "32636928" : 5325,
            "32899072" : 6689,
            "33161216" : 8410,
            "33423360" : 10047,
            "33816576" : 26174,
            "34340864" : 33578,
            "34865152" : 41864,
            "35389440" : 46296,
            "35913728" : 42155,
            "36438016" : 36802,
            "36962304" : 31379,
            "37486592" : 21935,
            "38010880" : 14050,
            "38535168" : 10600,
            "39059456" : 9158,
            "39583744" : 7923,
            "40108032" : 7069,
            "40632320" : 6618,
            "41156608" : 6075,
            "41680896" : 5069,
            "42205184" : 3740,
            "42729472" : 2531,
            "43253760" : 1378,
            "43778048" : 757,
            "44302336" : 482,
            "44826624" : 285,
            "45350912" : 179,
            "45875200" : 163,