{
  "fio version" : "fio-3.8",
  "timestamp" : 1542183714,
  "timestamp_ms" : 1542183714703,
  "time" : "Wed Nov 14 00:21:54 2018",
  "jobs" : [
    {
      "jobname" : "wipc",
      "groupid" : 0,
      "error" : 0,
      "eta" : 0,
      "elapsed" : 1485,
      "job options" : {
        "ioengine" : "libaio",
        "group_reporting" : "1",
        "direct" : "1",
        "rw" : "write",
        "bssplit" : "128KB",
        "numjobs" : "2",
        "iodepth" : "16",
        "size" : "100%",
        "io_size" : "128035676160B",
        "filename" : "/dev/sdb"
      },
      "read" : {
        "io_bytes" : 0,
        "io_kbytes" : 0,
        "bw_bytes" : 0,
        "bw" : 0,
        "iops" : 0.000000,
        "runtime" : 0,
        "total_ios" : 0,
        "short_ios" : 0,
        "drop_ios" : 0,
        "slat_ns" : {
          "min" : 0,
          "max" : 0,
          "mean" : 0.000000,
          "stddev" : 0.000000
        },
        "clat_ns" : {
          "min" : 0,
          "max" : 0,
          "mean" : 0.000000,
          "stddev" : 0.000000,
          "percentile" : {
            "1.000000" : 0,
            "5.000000" : 0,
            "10.000000" : 0,
            "20.000000" : 0,
            "30.000000" : 0,
            "40.000000" : 0,
            "50.000000" : 0,
            "60.000000" : 0,
            "70.000000" : 0,
            "80.000000" : 0,
            "90.000000" : 0,
            "95.000000" : 0,
            "99.000000" : 0,
            "99.500000" : 0,
            "99.900000" : 0,
            "99.950000" : 0,
            "99.990000" : 0
          },
          "bins" : {

          }
        },
        "lat_ns" : {
          "min" : 0,
          "max" : 0,
          "mean" : 0.000000,
          "stddev" : 0.000000
        },
        "bw_min" : 0,
        "bw_max" : 0,
        "bw_agg" : 0.000000,
        "bw_mean" : 0.000000,
        "bw_dev" : 0.000000,
        "bw_samples" : 0,
        "iops_min" : 0,
        "iops_max" : 0,
        "iops_mean" : 0.000000,
        "iops_stddev" : 0.000000,
        "iops_samples" : 0
      },
      "write" : {
        "io_bytes" : 256071172096,
        "io_kbytes" : 250069504,
        "bw_bytes" : 172483682,
        "bw" : 168441,
        "iops" : 1315.946063,
        "runtime" : 1484611,
        "total_ios" : 1953668,
        "short_ios" : 0,
        "drop_ios" : 0,
        "slat_ns" : {
          "min" : 5270,
          "max" : 591332,
          "mean" : 12861.819042,
          "stddev" : 3031.300435
        },
        "clat_ns" : {
          "min" : 896776,
          "max" : 101981694,
          "mean" : 24290837.773660,
          "stddev" : 16546058.333602,
          "percentile" : {
            "1.000000" : 12648448,
            "5.000000" : 12910592,
            "10.000000" : 13041664,
            "20.000000" : 13172736,
            "30.000000" : 13303808,
            "40.000000" : 13434880,
            "50.000000" : 13828096,
            "60.000000" : 14352384,
            "70.000000" : 34340864,
            "80.000000" : 37486592,
            "90.000000" : 55312384,
            "95.000000" : 57409536,
            "99.000000" : 62652416,
            "99.500000" : 64225280,
            "99.900000" : 70778880,
            "99.950000" : 72876032,
            "99.990000" : 78118912
          },
          "bins" : {
            "897024" : 1,
            "1400832" : 2,
            "2179072" : 1,
            "2408448" : 1,
            "2834432" : 1,
            "3325952" : 1,
            "3686400" : 1,
            "4046848" : 1,
            "4423680" : 1,
            "4816896" : 1,
            "5210112" : 1,
            "5537792" : 1,
            "5931008" : 1,
            "6258688" : 1,
            "6324224" : 2,
            "6520832" : 1,
            "6586368" : 4,
            "6651904" : 3,
            "6717440" : 2,
            "6782976" : 4,
            "6914048" : 12,
            "6979584" : 46,
            "7045120" : 108,
            "7110656" : 136,
            "7176192" : 73,
            "7241728" : 61,
            "7307264" : 46,
            "7372800" : 63,
            "7438336" : 28,
            "7503872" : 36,
            "7569408" : 35,
            "7634944" : 28,
            "7700480" : 27,
            "7766016" : 24,
            "7831552" : 5,
            "7897088" : 6,
            "7962624" : 9,
            "8028160" : 9,
            "8093696" : 15,
            "8159232" : 11,
            "8224768" : 20,
            "8290304" : 18,
            "8355840" : 3,
            "8454144" : 31,
            "8585216" : 34,
            "8716288" : 22,
            "8847360" : 14,
            "8978432" : 2,
            "9109504" : 2,
            "9240576" : 4,
            "9371648" : 2,
            "9633792" : 2,
            "9764864" : 1,
            "10027008" : 1,
            "10158080" : 1,
            "10289152" : 1,
            "10420224" : 1,
            "10813440" : 1,
            "11075584" : 2,
            "11337728" : 9,
            "11468800" : 19,
            "11599872" : 80,
            "11730944" : 165,
            "11862016" : 188,
            "11993088" : 164,
            "12124160" : 203,
            "12255232" : 274,
            "12386304" : 837,
            "12517376" : 3362,
            "12648448" : 16881,
            "12779520" : 47348,
            "12910592" : 99629,
            "13041664" : 160188,
            "13172736" : 178037,
            "13303808" : 164110,
            "13434880" : 136342,
            "13565952" : 92994,
            "13697024" : 71417,
            "13828096" : 65171,
            "13959168" : 53678,
            "14090240" : 42319,
            "14221312" : 33893,
            "14352384" : 26280,
            "14483456" : 20943,
            "14614528" : 14299,
            "14745600" : 10270,
            "14876672" : 9446,
            "15007744" : 9493,
            "15138816" : 9056,
            "15269888" : 9080,
            "15400960" : 8056,
            "15532032" : 6605,
            "15663104" : 4675,
            "15794176" : 2969,
            "15925248" : 1800,
            "16056320" : 990,
            "16187392" : 627,
            "16318464" : 407,
            "16449536" : 266,
            "16580608" : 167,
            "16711680" : 149,
            "16908288" : 213,
            "17170432" : 106,
            "17432576" : 92,
            "17694720" : 50,
            "17956864" : 28,
            "18219008" : 8,
            "18481152" : 18,
            "18743296" : 42,
            "19005440" : 76,
            "19267584" : 121,
            "19529728" : 148,
            "19791872" : 134,
            "20054016" : 118,
            "20316160" : 118,
            "20578304" : 99,
            "20840448" : 75,
            "21102592" : 50,
            "21364736" : 42,
            "21626880" : 37,
            "21889024" : 26,
            "22151168" : 12,
            "22413312" : 19,
            "22675456" : 6,
            "22937600" : 6,
            "23199744" : 19,
            "23461888" : 7,
            "23724032" : 4,
            "23986176" : 7,
            "24772608" : 6,
            "25034752" : 3,
            "25296896" : 17,
            "25559040" : 23,
            "25821184" : 56,
            "26083328" : 179,
            "26345472" : 657,
            "26607616" : 4146,
            "26869760" : 5791,
            "27131904" : 3039,
            "27394048" : 1429,
            "27656192" : 1025,
            "27918336" : 750,
            "28180480" : 569,
            "28442624" : 363,
            "28704768" : 254,
            "28966912" : 206,
            "29229056" : 219,
            "29491200" : 209,
            "29753344" : 253,
            "30015488" : 259,
            "30277632" : 350,
            "30539776" : 444,
            "30801920" : 495,
            "31064064" : 528,
            "31326208" : 708,
            "31588352" : 902,
            "31850496" : 1214,
            "32112640" : 1648,
            "32374784" : 2183,