{
  "fio version" : "fio-3.8",
  "timestamp" : 1542414509,
  "timestamp_ms" : 1542414509534,
  "time" : "Fri Nov 16 16:28:29 2018",
  "jobs" : [
    {
      "jobname" : "wipc",
      "groupid" : 0,
      "error" : 0,
      "eta" : 0,
      "elapsed" : 1502,
      "job options" : {
        "ioengine" : "libaio",
        "group_reporting" : "1",
        "direct" : "1",
        "rw" : "write",
        "bssplit" : "128KB",
        "numjobs" : "2",
        "iodepth" : "16",
        "size" : "100%",
        "io_size" : "128035676160B",
        "filename" : "/dev/sdb"
      },
      "read" : {
        "io_bytes" : 0,
        "io_kbytes" : 0,
        "bw_bytes" : 0,
        "bw" : 0,
        "iops" : 0.000000,
        "runtime" : 0,
        "total_ios" : 0,
        "short_ios" : 0,
        "drop_ios" : 0,
        "slat_ns" : {
          "min" : 0,
          "max" : 0,
          "mean" : 0.000000,
          "stddev" : 0.000000
        },
        "clat_ns" : {
          "min" : 0,
          "max" : 0,
          "mean" : 0.000000,
          "stddev" : 0.000000,
          "percentile" : {
            "1.000000" : 0,
            "5.000000" : 0,
            "10.000000" : 0,
            "20.000000" : 0,
            "30.000000" : 0,
            "40.000000" : 0,
            "50.000000" : 0,
            "60.000000" : 0,
            "70.000000" : 0,
            "80.000000" : 0,
            "90.000000" : 0,
            "95.000000" : 0,
            "99.000000" : 0,
            "99.500000" : 0,
            "99.900000" : 0,
            "99.950000" : 0,
            "99.990000" : 0
          },
          "bins" : {

          }
        },
        "lat_ns" : {
          "min" : 0,
          "max" : 0,
          "mean" : 0.000000,
          "stddev" : 0.000000
        },
        "bw_min" : 0,
        "bw_max" : 0,
        "bw_agg" : 0.000000,
        "bw_mean" : 0.000000,
        "bw_dev" : 0.000000,
        "bw_samples" : 0,
        "iops_min" : 0,
        "iops_max" : 0,
        "iops_mean" : 0.000000,
        "iops_stddev" : 0.000000,
        "iops_samples" : 0
      },
      "write" : {
        "io_bytes" : 256071172096,
        "io_kbytes" : 250069504,
        "bw_bytes" : 170509843,
        "bw" : 166513,
        "iops" : 1300.886871,
        "runtime" : 1501797,
        "total_ios" : 1953668,
        "short_ios" : 0,
        "drop_ios" : 0,
        "slat_ns" : {
          "min" : 5399,
          "max" : 509255,
          "mean" : 13443.740545,
          "stddev" : 3766.655080
        },
        "clat_ns" : {
          "min" : 856554,
          "max" : 92610538,
          "mean" : 24576229.409062,
          "stddev" : 16253876.967438,
          "percentile" : {
            "1.000000" : 12779520,
            "5.000000" : 13041664,
            "10.000000" : 13172736,
            "20.000000" : 13434880,
            "30.000000" : 13697024,
            "40.000000" : 14090240,
            "50.000000" : 14483456,
            "60.000000" : 15138816,
            "70.000000" : 33816576,
            "80.000000" : 37486592,
            "90.000000" : 54788096,
            "95.000000" : 57409536,
            "99.000000" : 62652416,
            "99.500000" : 63700992,
            "99.900000" : 70778880,
            "99.950000" : 73924608,
            "99.990000" : 78118912
          },
          "bins" : {
            "856064" : 1,
            "1400832" : 2,
            "2146304" : 1,
            "2441216" : 1,
            "2899968" : 1,
            "3260416" : 1,
            "3653632" : 1,
            "4014080" : 1,
            "4423680" : 1,
            "4816896" : 1,
            "5210112" : 1,
            "5603328" : 2,
            "5734400" : 1,
            "5799936" : 1,
            "5931008" : 1,
            "5996544" : 1,
            "6127616" : 2,
            "6193152" : 8,
            "6258688" : 17,
            "6324224" : 54,
            "6389760" : 42,
            "6455296" : 41,
            "6520832" : 33,
            "6586368" : 40,
            "6651904" : 63,
            "6717440" : 57,
            "6782976" : 79,
            "6848512" : 82,
            "6914048" : 72,
            "6979584" : 59,
            "7045120" : 43,
            "7110656" : 48,
            "7176192" : 60,
            "7241728" : 60,
            "7307264" : 48,
            "7372800" : 36,
            "7438336" : 36,
            "7503872" : 18,
            "7569408" : 25,
            "7634944" : 24,
            "7700480" : 19,
            "7766016" : 40,
            "7831552" : 39,
            "7897088" : 39,
            "7962624" : 24,
            "8028160" : 20,
            "8093696" : 15,
            "8159232" : 26,
            "8224768" : 37,
            "8290304" : 14,
            "8355840" : 27,
            "8454144" : 24,
            "8585216" : 24,
            "8716288" : 48,
            "8847360" : 12,
            "8978432" : 6,
            "9109504" : 2,
            "9240576" : 7,
            "9371648" : 5,
            "9502720" : 1,
            "9633792" : 4,
            "9764864" : 1,
            "9895936" : 1,
            "10027008" : 2,
            "10158080" : 3,
            "10420224" : 2,
            "10551296" : 2,
            "10682368" : 2,
            "10813440" : 1,
            "10944512" : 3,
            "11075584" : 1,
            "11337728" : 4,
            "11468800" : 11,
            "11599872" : 58,
            "11730944" : 129,
            "11862016" : 128,
            "11993088" : 95,
            "12124160" : 182,
            "12255232" : 218,
            "12386304" : 606,
            "12517376" : 2106,
            "12648448" : 6756,
            "12779520" : 16496,
            "12910592" : 35295,
            "13041664" : 60408,
            "13172736" : 82312,
            "13303808" : 97428,
            "13434880" : 98244,
            "13565952" : 97708,
            "13697024" : 97100,
            "13828096" : 87123,
            "13959168" : 73438,
            "14090240" : 63317,
            "14221312" : 58112,
            "14352384" : 57851,
            "14483456" : 55907,
            "14614528" : 48798,
            "14745600" : 42144,
            "14876672" : 37921,
            "15007744" : 34221,
            "15138816" : 30772,
            "15269888" : 26402,
            "15400960" : 20832,
            "15532032" : 16711,
            "15663104" : 11945,
            "15794176" : 8714,
            "15925248" : 6392,
            "16056320" : 5226,
            "16187392" : 3890,
            "16318464" : 3099,
            "16449536" : 2576,
            "16580608" : 2257,
            "16711680" : 1883,
            "16908288" : 2626,
            "17170432" : 1517,
            "17432576" : 697,
            "17694720" : 305,
            "17956864" : 139,
            "18219008" : 119,
            "18481152" : 100,
            "18743296" : 100,
            "19005440" : 116,
            "19267584" : 115,
            "19529728" : 79,
            "19791872" : 97,
            "20054016" : 47,
            "20316160" : 50,
            "20578304" : 19,
            "20840448" : 28,
            "21102592" : 16,
            "21364736" : 51,
            "21626880" : 16,
            "21889024" : 8,
            "22151168" : 2,
            "22413312" : 2,
            "22675456" : 1,
            "24248320" : 3,
            "24510464" : 4,
            "24772608" : 14,
            "25034752" : 40,
            "25296896" : 37,
            "25559040" : 72,
            "25821184" : 103,
            "26083328" : 173,
            "26345472" : 400,
            "26607616" : 2305,
            "26869760" : 4990,
            "27131904" : 3280,
            "27394048" : 1639,
            "27656192" : 996,
            "27918336" : 983,
            "28180480" : 1019,
            "28442624" : 873,
            "28704768" : 484,
            "28966912" : 379,
            "29229056" : 309,
            "29491200" : 293,
            "29753344" : 323,
            "30015488" : 412,
            "30277632" : 500,