{
  "fio version" : "fio-3.8",
  "timestamp" : 1553263284,
  "timestamp_ms" : 1553263284582,
  "time" : "Fri Mar 22 14:01:24 2019",
  "jobs" : [
    {
      "jobname" : "wipc",
      "groupid" : 0,
      "error" : 0,
      "eta" : 0,
      "elapsed" : 1438,
      "job options" : {
        "ioengine" : "libaio",
        "group_reporting" : "1",
        "direct" : "1",
        "rw" : "write",
        "bssplit" : "128KB",
        "numjobs" : "2",
        "iodepth" : "16",
        "size" : "75%",
        "io_size" : "128035676160B",
        "filename" : "/dev/sda"
      },
      "read" : {
        "io_bytes" : 0,
        "io_kbytes" : 0,
        "bw_bytes" : 0,
        "bw" : 0,
        "iops" : 0.000000,
        "runtime" : 0,
        "total_ios" : 0,
        "short_ios" : 0,
        "drop_ios" : 0,
        "slat_ns" : {
          "min" : 0,
          "max" : 0,
          "mean" : 0.000000,
          "stddev" : 0.000000
        },
        "clat_ns" : {
          "min" : 0,
          "max" : 0,
          "mean" : 0.000000,
          "stddev" : 0.000000,
          "percentile" : {
            "1.000000" : 0,
            "5.000000" : 0,
            "10.000000" : 0,
            "20.000000" : 0,
            "30.000000" : 0,
            "40.000000" : 0,
            "50.000000" : 0,
            "60.000000" : 0,
            "70.000000" : 0,
            "80.000000" : 0,
            "90.000000" : 0,
            "95.000000" : 0,
            "99.000000" : 0,
            "99.500000" : 0,
            "99.900000" : 0,
            "99.950000" : 0,
            "99.990000" : 0
          },
          "bins" : {

          }
        },
        "lat_ns" : {
          "min" : 0,
          "max" : 0,
          "mean" : 0.000000,
          "stddev" : 0.000000
        },
        "bw_min" : 0,
        "bw_max" : 0,
        "bw_agg" : 0.000000,
        "bw_mean" : 0.000000,
        "bw_dev" : 0.000000,
        "bw_samples" : 0,
        "iops_min" : 0,
        "iops_max" : 0,
        "iops_mean" : 0.000000,
        "iops_stddev" : 0.000000,
        "iops_samples" : 0
      },
      "write" : {
        "io_bytes" : 256071434240,
        "io_kbytes" : 250069760,
        "bw_bytes" : 178192803,
        "bw" : 174016,
        "iops" : 1359.503203,
        "runtime" : 1437047,
        "total_ios" : 1953670,
        "short_ios" : 0,
        "drop_ios" : 0,
        "slat_ns" : {
          "min" : 21000,
          "max" : 56090417,
          "mean" : 60243.808204,
          "stddev" : 75207.974210
        },
        "clat_ns" : {
          "min" : 1841292,
          "max" : 119379875,
          "mean" : 23457283.062780,
          "stddev" : 15969489.399303,
          "percentile" : {
            "1.000000" : 11993088,
            "5.000000" : 12517376,
            "10.000000" : 12779520,
            "20.000000" : 13041664,
            "30.000000" : 13303808,
            "40.000000" : 13565952,
            "50.000000" : 14090240,
            "60.000000" : 14614528,
            "70.000000" : 32374784,
            "80.000000" : 36962304,
            "90.000000" : 54788096,
            "95.000000" : 57933824,
            "99.000000" : 63700992,
            "99.500000" : 65798144,
            "99.900000" : 76021760,
            "99.950000" : 80216064,
            "99.990000" : 94896128
          },
          "bins" : {
            "1843200" : 1,
            "1859584" : 1,
            "1908736" : 1,
            "1925120" : 2,
            "2056192" : 3,
            "2072576" : 2,
            "2113536" : 1,
            "2637824" : 1,
            "3653632" : 1,
            "3784704" : 1,
            "3817472" : 3,
            "3850240" : 1,
            "3883008" : 2,
            "3915776" : 6,
            "3948544" : 1,
            "4046848" : 1,
            "4112384" : 1,
            "4227072" : 1,
            "4292608" : 6,
            "4358144" : 1,
            "4423680" : 2,
            "4489216" : 1,
            "4620288" : 1,
            "4685824" : 6,
            "4751360" : 3,
            "4816896" : 1,
            "4882432" : 2,
            "4947968" : 5,
            "5013504" : 4,
            "5079040" : 7,
            "5144576" : 2,
            "5210112" : 2,
            "5275648" : 3,
            "5341184" : 8,
            "5406720" : 5,
            "5472256" : 3,
            "5537792" : 8,
            "5603328" : 20,
            "5668864" : 26,
            "5734400" : 13,
            "5799936" : 26,
            "5865472" : 52,
            "5931008" : 39,
            "5996544" : 61,
            "6062080" : 32,
            "6127616" : 54,
            "6193152" : 71,
            "6258688" : 128,
            "6324224" : 84,
            "6389760" : 193,
            "6455296" : 175,
            "6520832" : 242,
            "6586368" : 137,
            "6651904" : 148,
            "6717440" : 133,
            "6782976" : 71,
            "6848512" : 67,
            "6914048" : 116,
            "6979584" : 89,
            "7045120" : 131,
            "7110656" : 88,
            "7176192" : 126,
            "7241728" : 135,
            "7307264" : 65,
            "7372800" : 56,
            "7438336" : 49,
            "7503872" : 82,
            "7569408" : 55,
            "7634944" : 30,
            "7700480" : 24,
            "7766016" : 45,
            "7831552" : 55,
            "7897088" : 43,
            "7962624" : 39,
            "8028160" : 38,
            "8093696" : 51,
            "8159232" : 46,
            "8224768" : 56,
            "8290304" : 55,
            "8355840" : 53,
            "8454144" : 116,
            "8585216" : 100,
            "8716288" : 133,
            "8847360" : 100,
            "8978432" : 93,
            "9109504" : 133,
            "9240576" : 136,
            "9371648" : 169,
            "9502720" : 171,
            "9633792" : 152,
            "9764864" : 180,
            "9895936" : 197,
            "10027008" : 239,
            "10158080" : 299,
            "10289152" : 367,
            "10420224" : 420,
            "10551296" : 471,
            "10682368" : 566,
            "10813440" : 593,
            "10944512" : 726,
            "11075584" : 666,
            "11206656" : 782,
            "11337728" : 968,
            "11468800" : 1198,
            "11599872" : 1518,
            "11730944" : 1993,
            "11862016" : 2446,
            "11993088" : 3988,
            "12124160" : 7563,
            "12255232" : 14339,
            "12386304" : 26426,
            "12517376" : 43277,
            "12648448" : 64685,
            "12779520" : 82953,
            "12910592" : 95016,
            "13041664" : 99001,
            "13172736" : 95127,
            "13303808" : 89841,
            "13434880" : 82890,
            "13565952" : 74724,
            "13697024" : 66863,
            "13828096" : 59375,
            "13959168" : 52385,
            "14090240" : 47187,
            "14221312" : 42456,
            "14352384" : 38457,
            "14483456" : 37082,
            "14614528" : 33686,
            "14745600" : 29431,
            "14876672" : 25560,
            "15007744" : 21634,
            "15138816" : 18163,
            "15269888" : 14767,
            "15400960" : 11321,
            "15532032" : 8993,
            "15663104" : 6988,
            "15794176" : 5598,
            "15925248" : 4402,
            "16056320" : 3275,
            "16187392" : 2750,
            "16318464" : 2184,
            "16449536" : 1576,
            "16580608" : 1240,
            "16711680" : 1032,
            "16908288" : 1688,
            "17170432" : 1213,
            "17432576" : 902,
            "17694720" : 702,
            "17956864" : 525,
            "18219008" : 369,
            "18481152" : 419,
            "18743296" : 301,
            "19005440" : 273,
            "19267584" : 254,
            "19529728" : 220,
            "19791872" : 189,
            "20054016" : 185,
            "20316160" : 148,
            "20578304" : 144,