{
  "fio version" : "fio-3.8",
  "timestamp" : 1552283448,
  "timestamp_ms" : 1552283448197,
  "time" : "Sun Mar 10 22:50:48 2019",
  "jobs" : [
    {
      "jobname" : "wipc",
      "groupid" : 0,
      "error" : 0,
      "eta" : 0,
      "elapsed" : 1484,
      "job options" : {
        "ioengine" : "libaio",
        "group_reporting" : "1",
        "direct" : "1",
        "rw" : "write",
        "bssplit" : "128KB",
        "numjobs" : "2",
        "iodepth" : "16",
        "size" : "75%",
        "io_size" : "128035676160B",
        "filename" : "/dev/sdc"
      },
      "read" : {
        "io_bytes" : 0,
        "io_kbytes" : 0,
        "bw_bytes" : 0,
        "bw" : 0,
        "iops" : 0.000000,
        "runtime" : 0,
        "total_ios" : 0,
        "short_ios" : 0,
        "drop_ios" : 0,
        "slat_ns" : {
          "min" : 0,
          "max" : 0,
          "mean" : 0.000000,
          "stddev" : 0.000000
        },
        "clat_ns" : {
          "min" : 0,
          "max" : 0,
          "mean" : 0.000000,
          "stddev" : 0.000000,
          "percentile" : {
            "1.000000" : 0,
            "5.000000" : 0,
            "10.000000" : 0,
            "20.000000" : 0,
            "30.000000" : 0,
            "40.000000" : 0,
            "50.000000" : 0,
            "60.000000" : 0,
            "70.000000" : 0,
            "80.000000" : 0,
            "90.000000" : 0,
            "95.000000" : 0,
            "99.000000" : 0,
            "99.500000" : 0,
            "99.900000" : 0,
            "99.950000" : 0,
            "99.990000" : 0
          },
          "bins" : {

          }
        },
        "lat_ns" : {
          "min" : 0,
          "max" : 0,
          "mean" : 0.000000,
          "stddev" : 0.000000
        },
        "bw_min" : 0,
        "bw_max" : 0,
        "bw_agg" : 0.000000,
        "bw_mean" : 0.000000,
        "bw_dev" : 0.000000,
        "bw_samples" : 0,
        "iops_min" : 0,
        "iops_max" : 0,
        "iops_mean" : 0.000000,
        "iops_stddev" : 0.000000,
        "iops_samples" : 0
      },
      "write" : {
        "io_bytes" : 256071434240,
        "io_kbytes" : 250069760,
        "bw_bytes" : 172593138,
        "bw" : 168547,
        "iops" : 1316.781146,
        "runtime" : 1483671,
        "total_ios" : 1953670,
        "short_ios" : 0,
        "drop_ios" : 0,
        "slat_ns" : {
          "min" : 5408,
          "max" : 368111,
          "mean" : 13896.219151,
          "stddev" : 4991.660875
        },
        "clat_ns" : {
          "min" : 829423,
          "max" : 113448337,
          "mean" : 24278232.804578,
          "stddev" : 15630129.516147,
          "percentile" : {
            "1.000000" : 13303808,
            "5.000000" : 13565952,
            "10.000000" : 13697024,
            "20.000000" : 13959168,
            "30.000000" : 14221312,
            "40.000000" : 14483456,
            "50.000000" : 14876672,
            "60.000000" : 15532032,
            "70.000000" : 33816576,
            "80.000000" : 37486592,
            "90.000000" : 55312384,
            "95.000000" : 57933824,
            "99.000000" : 63700992,
            "99.500000" : 65798144,
            "99.900000" : 73924608,
            "99.950000" : 79167488,
            "99.990000" : 93847552
          },
          "bins" : {
            "831488" : 1,
            "1351680" : 1,
            "1368064" : 1,
            "2113536" : 1,
            "2506752" : 1,
            "2834432" : 1,
            "3293184" : 1,
            "3719168" : 1,
            "4112384" : 1,
            "4489216" : 1,
            "4816896" : 1,
            "5275648" : 1,
            "5668864" : 1,
            "5865472" : 1,
            "6062080" : 1,
            "6127616" : 2,
            "6193152" : 5,
            "6258688" : 10,
            "6324224" : 5,
            "6389760" : 23,
            "6455296" : 18,
            "6520832" : 46,
            "6586368" : 44,
            "6651904" : 35,
            "6717440" : 16,
            "6782976" : 35,
            "6848512" : 12,
            "6914048" : 20,
            "6979584" : 19,
            "7045120" : 10,
            "7110656" : 5,
            "7176192" : 21,
            "7241728" : 22,
            "7307264" : 38,
            "7372800" : 33,
            "7438336" : 18,
            "7503872" : 11,
            "7569408" : 5,
            "7634944" : 12,
            "7700480" : 7,
            "7766016" : 6,
            "7831552" : 7,
            "7897088" : 1,
            "7962624" : 4,
            "8028160" : 11,
            "8093696" : 6,
            "8224768" : 7,
            "8290304" : 8,
            "8355840" : 7,
            "8454144" : 26,
            "8585216" : 10,
            "8716288" : 6,
            "8847360" : 16,
            "8978432" : 15,
            "9240576" : 2,
            "9633792" : 3,
            "9895936" : 1,
            "10158080" : 2,
            "10289152" : 1,
            "10551296" : 1,
            "10682368" : 1,
            "10944512" : 1,
            "11075584" : 1,
            "11337728" : 1,
            "11599872" : 1,
            "11730944" : 1,
            "11862016" : 2,
            "11993088" : 2,
            "12124160" : 4,
            "12255232" : 16,
            "12386304" : 33,
            "12517376" : 65,
            "12648448" : 135,
            "12779520" : 319,
            "12910592" : 1177,
            "13041664" : 3909,
            "13172736" : 10026,
            "13303808" : 24528,
            "13434880" : 46596,
            "13565952" : 67927,
            "13697024" : 86188,
            "13828096" : 95538,
            "13959168" : 100028,
            "14090240" : 100230,
            "14221312" : 95526,
            "14352384" : 87425,
            "14483456" : 76077,
            "14614528" : 65652,
            "14745600" : 60666,
            "14876672" : 55384,
            "15007744" : 51687,
            "15138816" : 47598,
            "15269888" : 44041,
            "15400960" : 40896,
            "15532032" : 36400,
            "15663104" : 31071,
            "15794176" : 26216,
            "15925248" : 19946,
            "16056320" : 14712,
            "16187392" : 10937,
            "16318464" : 7710,
            "16449536" : 5193,
            "16580608" : 4002,
            "16711680" : 2876,
            "16908288" : 3894,
            "17170432" : 2375,
            "17432576" : 1606,
            "17694720" : 898,
            "17956864" : 405,
            "18219008" : 246,
            "18481152" : 117,
            "18743296" : 92,
            "19005440" : 80,
            "19267584" : 72,
            "19529728" : 73,
            "19791872" : 52,
            "20054016" : 54,
            "20316160" : 35,
            "20578304" : 31,
            "20840448" : 46,
            "21102592" : 49,
            "21364736" : 60,
            "21626880" : 26,
            "21889024" : 49,
            "22151168" : 54,
            "22413312" : 81,
            "22675456" : 74,
            "22937600" : 44,
            "23199744" : 40,
            "23461888" : 32,
            "23724032" : 40,
            "23986176" : 18,
            "24248320" : 22,
            "24510464" : 20,
            "24772608" : 20,
            "25034752" : 5,
            "25296896" : 9,
            "25559040" : 9,
            "25821184" : 12,
            "26083328" : 37,
            "26345472" : 70,
            "26607616" : 139,
            "26869760" : 495,
            "27131904" : 2121,
            "27394048" : 4537,
            "27656192" : 4227,
            "27918336" : 2644,
            "28180480" : 1439,
            "28442624" : 940,
            "28704768" : 683,
            "28966912" : 407,
            "29229056" : 262,
            "29491200" : 174,
            "29753344" : 201,
            "30015488" : 207,
            "30277632" : 192,
            "30539776" : 208,
            "30801920" : 287,
            "31064064" : 360,
            "31326208" : 409,