{
  "fio version" : "fio-3.8",
  "timestamp" : 1543951779,
  "timestamp_ms" : 1543951779254,
  "time" : "Tue Dec  4 11:29:39 2018",
  "jobs" : [
    {
      "jobname" : "wipc",
      "groupid" : 0,
      "error" : 0,
      "eta" : 0,
      "elapsed" : 1374,
      "job options" : {
        "ioengine" : "libaio",
        "group_reporting" : "1",
        "direct" : "1",
        "rw" : "write",
        "bssplit" : "128KB",
        "numjobs" : "2",
        "iodepth" : "16",
        "size" : "75%",
        "io_size" : "128035676160B",
        "filename" : "/dev/sda"
      },
      "read" : {
        "io_bytes" : 0,
        "io_kbytes" : 0,
        "bw_bytes" : 0,
        "bw" : 0,
        "iops" : 0.000000,
        "runtime" : 0,
        "total_ios" : 0,
        "short_ios" : 0,
        "drop_ios" : 0,
        "slat_ns" : {
          "min" : 0,
          "max" : 0,
          "mean" : 0.000000,
          "stddev" : 0.000000
        },
        "clat_ns" : {
          "min" : 0,
          "max" : 0,
          "mean" : 0.000000,
          "stddev" : 0.000000,
          "percentile" : {
            "1.000000" : 0,
            "5.000000" : 0,
            "10.000000" : 0,
            "20.000000" : 0,
            "30.000000" : 0,
            "40.000000" : 0,
            "50.000000" : 0,
            "60.000000" : 0,
            "70.000000" : 0,
            "80.000000" : 0,
            "90.000000" : 0,
            "95.000000" : 0,
            "99.000000" : 0,
            "99.500000" : 0,
            "99.900000" : 0,
            "99.950000" : 0,
            "99.990000" : 0
          },
          "bins" : {

          }
        },
        "lat_ns" : {
          "min" : 0,
          "max" : 0,
          "mean" : 0.000000,
          "stddev" : 0.000000
        },
        "bw_min" : 0,
        "bw_max" : 0,
        "bw_agg" : 0.000000,
        "bw_mean" : 0.000000,
        "bw_dev" : 0.000000,
        "bw_samples" : 0,
        "iops_min" : 0,
        "iops_max" : 0,
        "iops_mean" : 0.000000,
        "iops_stddev" : 0.000000,
        "iops_samples" : 0
      },
      "write" : {
        "io_bytes" : 256071434240,
        "io_kbytes" : 250069760,
        "bw_bytes" : 186499209,
        "bw" : 182128,
        "iops" : 1422.876050,
        "runtime" : 1373043,
        "total_ios" : 1953670,
        "short_ios" : 0,
        "drop_ios" : 0,
        "slat_ns" : {
          "min" : 5421,
          "max" : 366103,
          "mean" : 12753.230057,
          "stddev" : 3690.257569
        },
        "clat_ns" : {
          "min" : 483507,
          "max" : 117852357,
          "mean" : 22470605.749988,
          "stddev" : 14990311.074900,
          "percentile" : {
            "1.000000" : 12779520,
            "5.000000" : 12910592,
            "10.000000" : 13172736,
            "20.000000" : 13303808,
            "30.000000" : 13565952,
            "40.000000" : 13828096,
            "50.000000" : 14221312,
            "60.000000" : 14614528,
            "70.000000" : 15532032,
            "80.000000" : 35389440,
            "90.000000" : 53739520,
            "95.000000" : 56360960,
            "99.000000" : 62128128,
            "99.500000" : 63700992,
            "99.900000" : 72876032,
            "99.950000" : 79167488,
            "99.990000" : 93847552
          },
          "bins" : {
            "485376" : 1,
            "1302528" : 2,
            "1974272" : 1,
            "2408448" : 1,
            "2670592" : 1,
            "3260416" : 1,
            "3653632" : 1,
            "4014080" : 1,
            "4292608" : 1,
            "4685824" : 1,
            "5144576" : 1,
            "5406720" : 1,
            "5865472" : 1,
            "6062080" : 1,
            "6193152" : 1,
            "6258688" : 2,
            "6520832" : 1,
            "6586368" : 1,
            "6651904" : 3,
            "6782976" : 1,
            "6848512" : 1,
            "6914048" : 1,
            "6979584" : 7,
            "7045120" : 23,
            "7110656" : 38,
            "7176192" : 9,
            "7241728" : 2,
            "7307264" : 1,
            "7503872" : 1,
            "7634944" : 16,
            "7700480" : 3,
            "7766016" : 10,
            "7831552" : 2,
            "7962624" : 1,
            "8028160" : 7,
            "8093696" : 2,
            "8159232" : 3,
            "8224768" : 2,
            "8290304" : 5,
            "8355840" : 1,
            "8716288" : 1,
            "8847360" : 1,
            "8978432" : 1,
            "9109504" : 1,
            "9240576" : 1,
            "9502720" : 1,
            "9764864" : 1,
            "10289152" : 1,
            "10551296" : 1,
            "10682368" : 2,
            "10813440" : 1,
            "11206656" : 1,
            "11468800" : 4,
            "11599872" : 5,
            "11730944" : 42,
            "11862016" : 122,
            "11993088" : 142,
            "12124160" : 253,
            "12255232" : 641,
            "12386304" : 1276,
            "12517376" : 3390,
            "12648448" : 9979,
            "12779520" : 27528,
            "12910592" : 58497,
            "13041664" : 85154,
            "13172736" : 97571,
            "13303808" : 109408,
            "13434880" : 117397,
            "13565952" : 115202,
            "13697024" : 107576,
            "13828096" : 86537,
            "13959168" : 71637,
            "14090240" : 69185,
            "14221312" : 63739,
            "14352384" : 58252,
            "14483456" : 50261,
            "14614528" : 44367,
            "14745600" : 42895,
            "14876672" : 40996,
            "15007744" : 35755,
            "15138816" : 28828,
            "15269888" : 21698,
            "15400960" : 15530,
            "15532032" : 11186,
            "15663104" : 7759,
            "15794176" : 5701,
            "15925248" : 3970,
            "16056320" : 3149,
            "16187392" : 2555,
            "16318464" : 1908,
            "16449536" : 1494,
            "16580608" : 1227,
            "16711680" : 938,
            "16908288" : 1326,
            "17170432" : 725,
            "17432576" : 380,
            "17694720" : 161,
            "17956864" : 71,
            "18219008" : 55,
            "18481152" : 57,
            "18743296" : 55,
            "19005440" : 56,
            "19267584" : 39,
            "19529728" : 34,
            "19791872" : 34,
            "20054016" : 39,
            "20316160" : 56,
            "20578304" : 42,
            "20840448" : 64,
            "21102592" : 58,
            "21364736" : 80,
            "21626880" : 57,
            "21889024" : 57,
            "22151168" : 40,
            "22413312" : 40,
            "22675456" : 40,
            "22937600" : 46,
            "23199744" : 50,
            "23461888" : 25,
            "23724032" : 15,
            "23986176" : 15,
            "24248320" : 14,
            "24510464" : 17,
            "24772608" : 10,
            "25034752" : 13,
            "25296896" : 44,
            "25559040" : 45,
            "25821184" : 54,
            "26083328" : 199,
            "26345472" : 727,
            "26607616" : 3925,
            "26869760" : 3513,
            "27131904" : 2583,
            "27394048" : 1568,
            "27656192" : 1040,
            "27918336" : 1274,
            "28180480" : 1844,
            "28442624" : 1500,
            "28704768" : 819,
            "28966912" : 514,
            "29229056" : 375,
            "29491200" : 272,
            "29753344" : 237,
            "30015488" : 243,
            "30277632" : 345,
            "30539776" : 406,
            "30801920" : 440,
            "31064064" : 555,
            "31326208" : 702,
            "31588352" : 1042,
            "31850496" : 1396,
            "32112640" : 1967,
            "32374784" : 2779,
            "32636928" : 3645,
            "32899072" : 4693,
            "33161216" : 5863,
            "33423360" : 7298,
            "33816576" : 18780,
            "34340864" : 24854,