{
  "fio version" : "fio-3.8",
  "timestamp" : 1542589734,
  "timestamp_ms" : 1542589734054,
  "time" : "Sun Nov 18 17:08:54 2018",
  "jobs" : [
    {
      "jobname" : "wipc",
      "groupid" : 0,
      "error" : 0,
      "eta" : 0,
      "elapsed" : 1500,
      "job options" : {
        "ioengine" : "libaio",
        "group_reporting" : "1",
        "direct" : "1",
        "rw" : "write",
        "bssplit" : "128KB",
        "numjobs" : "2",
        "iodepth" : "16",
        "size" : "100%",
        "io_size" : "128035676160B",
        "filename" : "/dev/sdb"
      },
      "read" : {
        "io_bytes" : 0,
        "io_kbytes" : 0,
        "bw_bytes" : 0,
        "bw" : 0,
        "iops" : 0.000000,
        "runtime" : 0,
        "total_ios" : 0,
        "short_ios" : 0,
        "drop_ios" : 0,
        "slat_ns" : {
          "min" : 0,
          "max" : 0,
          "mean" : 0.000000,
          "stddev" : 0.000000
        },
        "clat_ns" : {
          "min" : 0,
          "max" : 0,
          "mean" : 0.000000,
          "stddev" : 0.000000,
          "percentile" : {
            "1.000000" : 0,
            "5.000000" : 0,
            "10.000000" : 0,
            "20.000000" : 0,
            "30.000000" : 0,
            "40.000000" : 0,
            "50.000000" : 0,
            "60.000000" : 0,
            "70.000000" : 0,
            "80.000000" : 0,
            "90.000000" : 0,
            "95.000000" : 0,
            "99.000000" : 0,
            "99.500000" : 0,
            "99.900000" : 0,
            "99.950000" : 0,
            "99.990000" : 0
          },
          "bins" : {

          }
        },
        "lat_ns" : {
          "min" : 0,
          "max" : 0,
          "mean" : 0.000000,
          "stddev" : 0.000000
        },
        "bw_min" : 0,
        "bw_max" : 0,
        "bw_agg" : 0.000000,
        "bw_mean" : 0.000000,
        "bw_dev" : 0.000000,
        "bw_samples" : 0,
        "iops_min" : 0,
        "iops_max" : 0,
        "iops_mean" : 0.000000,
        "iops_stddev" : 0.000000,
        "iops_samples" : 0
      },
      "write" : {
        "io_bytes" : 256071172096,
        "io_kbytes" : 250069504,
        "bw_bytes" : 170766596,
        "bw" : 166764,
        "iops" : 1302.845741,
        "runtime" : 1499539,
        "total_ios" : 1953668,
        "short_ios" : 0,
        "drop_ios" : 0,
        "slat_ns" : {
          "min" : 5287,
          "max" : 465333,
          "mean" : 13300.938880,
          "stddev" : 3782.852498
        },
        "clat_ns" : {
          "min" : 904851,
          "max" : 94502371,
          "mean" : 24538472.758057,
          "stddev" : 16249574.272963,
          "percentile" : {
            "1.000000" : 12779520,
            "5.000000" : 13041664,
            "10.000000" : 13172736,
            "20.000000" : 13434880,
            "30.000000" : 13697024,
            "40.000000" : 13959168,
            "50.000000" : 14352384,
            "60.000000" : 15007744,
            "70.000000" : 34340864,
            "80.000000" : 37486592,
            "90.000000" : 54788096,
            "95.000000" : 57409536,
            "99.000000" : 62652416,
            "99.500000" : 64225280,
            "99.900000" : 71827456,
            "99.950000" : 74973184,
            "99.990000" : 81264640
          },
          "bins" : {
            "905216" : 1,
            "1400832" : 1,
            "1433600" : 1,
            "2146304" : 1,
            "2441216" : 1,
            "2899968" : 1,
            "3358720" : 1,
            "3751936" : 1,
            "4112384" : 1,
            "4489216" : 1,
            "4882432" : 1,
            "5406720" : 1,
            "5734400" : 1,
            "6127616" : 1,
            "6455296" : 1,
            "6848512" : 1,
            "7307264" : 1,
            "7634944" : 1,
            "8028160" : 1,
            "8355840" : 1,
            "8847360" : 1,
            "9240576" : 1,
            "9895936" : 1,
            "10289152" : 1,
            "10682368" : 1,
            "10944512" : 3,
            "11075584" : 2,
            "11206656" : 3,
            "11337728" : 8,
            "11468800" : 33,
            "11599872" : 95,
            "11730944" : 181,
            "11862016" : 142,
            "11993088" : 148,
            "12124160" : 226,
            "12255232" : 293,
            "12386304" : 1049,
            "12517376" : 3314,
            "12648448" : 9585,
            "12779520" : 24130,
            "12910592" : 47833,
            "13041664" : 73841,
            "13172736" : 92298,
            "13303808" : 100149,
            "13434880" : 100882,
            "13565952" : 100968,
            "13697024" : 98774,
            "13828096" : 84935,
            "13959168" : 68680,
            "14090240" : 59215,
            "14221312" : 55971,
            "14352384" : 56180,
            "14483456" : 53321,
            "14614528" : 45575,
            "14745600" : 39052,
            "14876672" : 35824,
            "15007744" : 33433,
            "15138816" : 28287,
            "15269888" : 22098,
            "15400960" : 16163,
            "15532032" : 12270,
            "15663104" : 8465,
            "15794176" : 5997,
            "15925248" : 4288,
            "16056320" : 3235,
            "16187392" : 2319,
            "16318464" : 1962,
            "16449536" : 1651,
            "16580608" : 1301,
            "16711680" : 1052,
            "16908288" : 1609,
            "17170432" : 741,
            "17432576" : 389,
            "17694720" : 289,
            "17956864" : 192,
            "18219008" : 148,
            "18481152" : 166,
            "18743296" : 135,
            "19005440" : 166,
            "19267584" : 115,
            "19529728" : 108,
            "19791872" : 93,
            "20054016" : 83,
            "20316160" : 65,
            "20578304" : 25,
            "20840448" : 16,
            "21102592" : 21,
            "21364736" : 18,
            "21626880" : 42,
            "21889024" : 20,
            "22151168" : 19,
            "22413312" : 8,
            "22675456" : 15,
            "22937600" : 6,
            "23199744" : 12,
            "23461888" : 8,
            "23724032" : 22,
            "23986176" : 17,
            "24248320" : 10,
            "24510464" : 9,
            "24772608" : 31,
            "25034752" : 27,
            "25296896" : 34,
            "25559040" : 54,
            "25821184" : 98,
            "26083328" : 248,
            "26345472" : 639,
            "26607616" : 1620,
            "26869760" : 4060,
            "27131904" : 3525,
            "27394048" : 1910,
            "27656192" : 950,
            "27918336" : 810,
            "28180480" : 1544,
            "28442624" : 1351,
            "28704768" : 690,
            "28966912" : 352,
            "29229056" : 270,
            "29491200" : 228,
            "29753344" : 296,
            "30015488" : 359,
            "30277632" : 408,
            "30539776" : 512,
            "30801920" : 463,
            "31064064" : 600,
            "31326208" : 757,
            "31588352" : 1068,
            "31850496" : 1332,
            "32112640" : 1791,
            "32374784" : 2577,
            "32636928" : 3370,
            "32899072" : 4366,
            "33161216" : 5316,
            "33423360" : 6644,
            "33816576" : 17026,
            "34340864" : 23881,
            "34865152" : 31928,
            "35389440" : 37157,
            "35913728" : 35093,
            "36438016" : 32431,
            "36962304" : 28799,
            "37486592" : 20685,
            "38010880" : 12984,
            "38535168" : 9615,
            "39059456" : 7826,
            "39583744" : 6743,
            "40108032" : 6041,
            "40632320" : 5754,
            "41156608" : 5301,
            "41680896" : 4270,
            "42205184" : 3202,
            "42729472" : 2346,
            "43253760" : 1449,
            "43778048" : 858,
            "44302336" : 649,