{
  "fio version" : "fio-3.8",
  "timestamp" : 1562441700,
  "timestamp_ms" : 1562441700266,
  "time" : "Sat Jul  6 12:35:00 2019",
  "jobs" : [
    {
      "jobname" : "wipc",
      "groupid" : 0,
      "error" : 0,
      "eta" : 0,
      "elapsed" : 1411,
      "job options" : {
        "ioengine" : "libaio",
        "group_reporting" : "1",
        "direct" : "1",
        "rw" : "write",
        "bssplit" : "128KB",
        "numjobs" : "2",
        "iodepth" : "16",
        "size" : "75%",
        "io_size" : "128035676160B",
        "filename" : "/dev/sdd"
      },
      "read" : {
        "io_bytes" : 0,
        "io_kbytes" : 0,
        "bw_bytes" : 0,
        "bw" : 0,
        "iops" : 0.000000,
        "runtime" : 0,
        "total_ios" : 0,
        "short_ios" : 0,
        "drop_ios" : 0,
        "slat_ns" : {
          "min" : 0,
          "max" : 0,
          "mean" : 0.000000,
          "stddev" : 0.000000
        },
        "clat_ns" : {
          "min" : 0,
          "max" : 0,
          "mean" : 0.000000,
          "stddev" : 0.000000,
          "percentile" : {
            "1.000000" : 0,
            "5.000000" : 0,
            "10.000000" : 0,
            "20.000000" : 0,
            "30.000000" : 0,
            "40.000000" : 0,
            "50.000000" : 0,
            "60.000000" : 0,
            "70.000000" : 0,
            "80.000000" : 0,
            "90.000000" : 0,
            "95.000000" : 0,
            "99.000000" : 0,
            "99.500000" : 0,
            "99.900000" : 0,
            "99.950000" : 0,
            "99.990000" : 0
          },
          "bins" : {

          }
        },
        "lat_ns" : {
          "min" : 0,
          "max" : 0,
          "mean" : 0.000000,
          "stddev" : 0.000000
        },
        "bw_min" : 0,
        "bw_max" : 0,
        "bw_agg" : 0.000000,
        "bw_mean" : 0.000000,
        "bw_dev" : 0.000000,
        "bw_samples" : 0,
        "iops_min" : 0,
        "iops_max" : 0,
        "iops_mean" : 0.000000,
        "iops_stddev" : 0.000000,
        "iops_samples" : 0
      },
      "write" : {
        "io_bytes" : 256071434240,
        "io_kbytes" : 250069760,
        "bw_bytes" : 181576820,
        "bw" : 177321,
        "iops" : 1385.321198,
        "runtime" : 1410265,
        "total_ios" : 1953670,
        "short_ios" : 0,
        "drop_ios" : 0,
        "slat_ns" : {
          "min" : 5800,
          "max" : 383096,
          "mean" : 18146.258918,
          "stddev" : 5789.908008
        },
        "clat_ns" : {
          "min" : 495917,
          "max" : 125325900,
          "mean" : 23073650.676167,
          "stddev" : 14807887.243673,
          "percentile" : {
            "1.000000" : 13303808,
            "5.000000" : 13434880,
            "10.000000" : 13697024,
            "20.000000" : 13959168,
            "30.000000" : 14090240,
            "40.000000" : 14352384,
            "50.000000" : 14745600,
            "60.000000" : 15269888,
            "70.000000" : 16187392,
            "80.000000" : 36438016,
            "90.000000" : 53739520,
            "95.000000" : 56885248,
            "99.000000" : 62652416,
            "99.500000" : 64225280,
            "99.900000" : 73924608,
            "99.950000" : 79167488,
            "99.990000" : 94896128
          },
          "bins" : {
            "497664" : 1,
            "1400832" : 1,
            "1417216" : 1,
            "2146304" : 1,
            "2473984" : 1,
            "2899968" : 1,
            "3293184" : 1,
            "3784704" : 1,
            "4046848" : 1,
            "4423680" : 1,
            "4816896" : 1,
            "5275648" : 1,
            "5537792" : 1,
            "5931008" : 1,
            "6389760" : 1,
            "6651904" : 1,
            "7241728" : 1,
            "7503872" : 1,
            "8028160" : 1,
            "8290304" : 1,
            "8585216" : 1,
            "8978432" : 1,
            "9764864" : 1,
            "10158080" : 1,
            "10551296" : 1,
            "10944512" : 1,
            "11337728" : 2,
            "11599872" : 2,
            "11730944" : 4,
            "11862016" : 4,
            "11993088" : 13,
            "12124160" : 21,
            "12255232" : 33,
            "12386304" : 82,
            "12517376" : 146,
            "12648448" : 203,
            "12779520" : 429,
            "12910592" : 1137,
            "13041664" : 3466,
            "13172736" : 10700,
            "13303808" : 29014,
            "13434880" : 59380,
            "13565952" : 87826,
            "13697024" : 98818,
            "13828096" : 97756,
            "13959168" : 99869,
            "14090240" : 104811,
            "14221312" : 105418,
            "14352384" : 95165,
            "14483456" : 77691,
            "14614528" : 62195,
            "14745600" : 53899,
            "14876672" : 52302,
            "15007744" : 53061,
            "15138816" : 53337,
            "15269888" : 50995,
            "15400960" : 45418,
            "15532032" : 38324,
            "15663104" : 30681,
            "15794176" : 22351,
            "15925248" : 15394,
            "16056320" : 10322,
            "16187392" : 7431,
            "16318464" : 5095,
            "16449536" : 4061,
            "16580608" : 3048,
            "16711680" : 2468,
            "16908288" : 3429,
            "17170432" : 2165,
            "17432576" : 1280,
            "17694720" : 557,
            "17956864" : 207,
            "18219008" : 101,
            "18481152" : 48,
            "18743296" : 27,
            "19005440" : 24,
            "19267584" : 18,
            "19529728" : 26,
            "19791872" : 46,
            "20054016" : 48,
            "20316160" : 58,
            "20578304" : 59,
            "20840448" : 65,
            "21102592" : 49,
            "21364736" : 54,
            "21626880" : 42,
            "21889024" : 24,
            "22151168" : 44,
            "22413312" : 28,
            "22675456" : 13,
            "22937600" : 8,
            "23199744" : 28,
            "23461888" : 16,
            "23724032" : 2,
            "23986176" : 2,
            "24248320" : 2,
            "24772608" : 3,
            "25034752" : 2,
            "25296896" : 4,
            "25559040" : 17,
            "25821184" : 24,
            "26083328" : 51,
            "26345472" : 48,
            "26607616" : 131,
            "26869760" : 272,
            "27131904" : 1042,
            "27394048" : 3457,
            "27656192" : 4975,
            "27918336" : 2462,
            "28180480" : 1133,
            "28442624" : 1272,
            "28704768" : 1603,
            "28966912" : 1545,
            "29229056" : 778,
            "29491200" : 518,
            "29753344" : 359,
            "30015488" : 300,
            "30277632" : 291,
            "30539776" : 271,
            "30801920" : 324,
            "31064064" : 451,
            "31326208" : 632,
            "31588352" : 661,
            "31850496" : 926,
            "32112640" : 1082,
            "32374784" : 1445,
            "32636928" : 2089,
            "32899072" : 2692,
            "33161216" : 3796,
            "33423360" : 5178,
            "33816576" : 14129,
            "34340864" : 19926,
            "34865152" : 25087,
            "35389440" : 32365,
            "35913728" : 35820,
            "36438016" : 32877,
            "36962304" : 28637,
            "37486592" : 25575,
            "38010880" : 20491,
            "38535168" : 13386,
            "39059456" : 9562,
            "39583744" : 8171,
            "40108032" : 7214,
            "40632320" : 6345,
            "41156608" : 5931,
            "41680896" : 5049,
            "42205184" : 3973,
            "42729472" : 3070,
            "43253760" : 2132,
            "43778048" : 1560,
            "44302336" : 971,
            "44826624" : 601,
            "45350912" : 411,
            "45875200" : 354,
            "46399488" : 309,
            "46923776" : 361,