{
  "fio version" : "fio-3.8",
  "timestamp" : 1543632848,
  "timestamp_ms" : 1543632848342,
  "time" : "Sat Dec  1 02:54:08 2018",
  "jobs" : [
    {
      "jobname" : "wipc",
      "groupid" : 0,
      "error" : 0,
      "eta" : 0,
      "elapsed" : 1396,
      "job options" : {
        "ioengine" : "libaio",
        "group_reporting" : "1",
        "direct" : "1",
        "rw" : "write",
        "bssplit" : "128KB",
        "numjobs" : "2",
        "iodepth" : "16",
        "size" : "75%",
        "io_size" : "128035676160B",
        "filename" : "/dev/sda"
      },
      "read" : {
        "io_bytes" : 0,
        "io_kbytes" : 0,
        "bw_bytes" : 0,
        "bw" : 0,
        "iops" : 0.000000,
        "runtime" : 0,
        "total_ios" : 0,
        "short_ios" : 0,
        "drop_ios" : 0,
        "slat_ns" : {
          "min" : 0,
          "max" : 0,
          "mean" : 0.000000,
          "stddev" : 0.000000
        },
        "clat_ns" : {
          "min" : 0,
          "max" : 0,
          "mean" : 0.000000,
          "stddev" : 0.000000,
          "percentile" : {
            "1.000000" : 0,
            "5.000000" : 0,
            "10.000000" : 0,
            "20.000000" : 0,
            "30.000000" : 0,
            "40.000000" : 0,
            "50.000000" : 0,
            "60.000000" : 0,
            "70.000000" : 0,
            "80.000000" : 0,
            "90.000000" : 0,
            "95.000000" : 0,
            "99.000000" : 0,
            "99.500000" : 0,
            "99.900000" : 0,
            "99.950000" : 0,
            "99.990000" : 0
          },
          "bins" : {

          }
        },
        "lat_ns" : {
          "min" : 0,
          "max" : 0,
          "mean" : 0.000000,
          "stddev" : 0.000000
        },
        "bw_min" : 0,
        "bw_max" : 0,
        "bw_agg" : 0.000000,
        "bw_mean" : 0.000000,
        "bw_dev" : 0.000000,
        "bw_samples" : 0,
        "iops_min" : 0,
        "iops_max" : 0,
        "iops_mean" : 0.000000,
        "iops_stddev" : 0.000000,
        "iops_samples" : 0
      },
      "write" : {
        "io_bytes" : 256071434240,
        "io_kbytes" : 250069760,
        "bw_bytes" : 183485491,
        "bw" : 179185,
        "iops" : 1399.883204,
        "runtime" : 1395595,
        "total_ios" : 1953670,
        "short_ios" : 0,
        "drop_ios" : 0,
        "slat_ns" : {
          "min" : 29166,
          "max" : 4639834,
          "mean" : 62440.117984,
          "stddev" : 36248.072109
        },
        "clat_ns" : {
          "min" : 1885625,
          "max" : 144248416,
          "mean" : 22784880.178320,
          "stddev" : 15542590.140368,
          "percentile" : {
            "1.000000" : 12124160,
            "5.000000" : 12386304,
            "10.000000" : 12648448,
            "20.000000" : 12779520,
            "30.000000" : 13041664,
            "40.000000" : 13303808,
            "50.000000" : 13565952,
            "60.000000" : 14221312,
            "70.000000" : 27131904,
            "80.000000" : 35913728,
            "90.000000" : 54263808,
            "95.000000" : 56885248,
            "99.000000" : 62652416,
            "99.500000" : 64749568,
            "99.900000" : 77070336,
            "99.950000" : 85458944,
            "99.990000" : 100139008
          },
          "bins" : {
            "1892352" : 2,
            "1908736" : 4,
            "4046848" : 1,
            "4227072" : 5,
            "4292608" : 1,
            "4358144" : 1,
            "5275648" : 1,
            "5472256" : 1,
            "5603328" : 1,
            "5734400" : 5,
            "5931008" : 1,
            "6127616" : 2,
            "6193152" : 3,
            "6258688" : 5,
            "6455296" : 1,
            "6717440" : 1,
            "6782976" : 1,
            "7045120" : 1,
            "7503872" : 2,
            "7700480" : 1,
            "7897088" : 1,
            "8847360" : 2,
            "8978432" : 2,
            "9109504" : 2,
            "9371648" : 3,
            "9502720" : 2,
            "9633792" : 4,
            "9764864" : 8,
            "9895936" : 5,
            "10027008" : 13,
            "10158080" : 35,
            "10289152" : 66,
            "10420224" : 113,
            "10551296" : 173,
            "10682368" : 291,
            "10813440" : 408,
            "10944512" : 449,
            "11075584" : 414,
            "11206656" : 436,
            "11337728" : 532,
            "11468800" : 831,
            "11599872" : 1315,
            "11730944" : 1610,
            "11862016" : 2447,
            "11993088" : 4889,
            "12124160" : 12035,
            "12255232" : 26373,
            "12386304" : 54669,
            "12517376" : 86448,
            "12648448" : 112483,
            "12779520" : 125883,
            "12910592" : 120183,
            "13041664" : 109862,
            "13172736" : 98730,
            "13303808" : 87256,
            "13434880" : 73532,
            "13565952" : 62526,
            "13697024" : 50972,
            "13828096" : 43866,
            "13959168" : 38941,
            "14090240" : 35666,
            "14221312" : 33048,
            "14352384" : 30794,
            "14483456" : 27312,
            "14614528" : 23107,
            "14745600" : 18741,
            "14876672" : 14545,
            "15007744" : 10624,
            "15138816" : 8443,
            "15269888" : 6278,
            "15400960" : 5101,
            "15532032" : 3841,
            "15663104" : 2859,
            "15794176" : 2484,
            "15925248" : 1877,
            "16056320" : 1420,
            "16187392" : 1100,
            "16318464" : 995,
            "16449536" : 841,
            "16580608" : 744,
            "16711680" : 673,
            "16908288" : 1318,
            "17170432" : 1099,
            "17432576" : 793,
            "17694720" : 578,
            "17956864" : 470,
            "18219008" : 373,
            "18481152" : 270,
            "18743296" : 237,
            "19005440" : 183,
            "19267584" : 107,
            "19529728" : 73,
            "19791872" : 45,
            "20054016" : 38,
            "20316160" : 24,
            "20578304" : 14,
            "20840448" : 11,
            "21102592" : 4,
            "21364736" : 3,
            "21626880" : 4,
            "21889024" : 7,
            "22151168" : 5,
            "22413312" : 9,
            "22675456" : 15,
            "22937600" : 4,
            "23199744" : 12,
            "23461888" : 29,
            "23724032" : 10,
            "23986176" : 29,
            "24248320" : 64,
            "24510464" : 134,
            "24772608" : 140,
            "25034752" : 199,
            "25296896" : 417,
            "25559040" : 1674,
            "25821184" : 3101,
            "26083328" : 2141,
            "26345472" : 1994,
            "26607616" : 1773,
            "26869760" : 1514,
            "27131904" : 1564,
            "27394048" : 1291,
            "27656192" : 901,
            "27918336" : 726,
            "28180480" : 419,
            "28442624" : 318,
            "28704768" : 338,
            "28966912" : 280,
            "29229056" : 251,
            "29491200" : 270,
            "29753344" : 291,
            "30015488" : 379,
            "30277632" : 384,
            "30539776" : 449,
            "30801920" : 570,
            "31064064" : 682,
            "31326208" : 949,
            "31588352" : 1325,
            "31850496" : 1626,
            "32112640" : 2431,
            "32374784" : 3186,
            "32636928" : 4272,
            "32899072" : 5559,
            "33161216" : 6771,
            "33423360" : 8517,
            "33816576" : 21704,
            "34340864" : 27431,
            "34865152" : 32873,
            "35389440" : 36570,
            "35913728" : 35461,
            "36438016" : 30605,
            "36962304" : 25709,
            "37486592" : 20096,
            "38010880" : 14414,
            "38535168" : 10138,