{
  "fio version" : "fio-3.8",
  "timestamp" : 1555795379,
  "timestamp_ms" : 1555795379951,
  "time" : "Sat Apr 20 14:22:59 2019",
  "jobs" : [
    {
      "jobname" : "wipc",
      "groupid" : 0,
      "error" : 0,
      "eta" : 0,
      "elapsed" : 1447,
      "job options" : {
        "ioengine" : "libaio",
        "group_reporting" : "1",
        "direct" : "1",
        "rw" : "write",
        "bssplit" : "128KB",
        "numjobs" : "2",
        "iodepth" : "16",
        "size" : "75%",
        "io_size" : "128035676160B",
        "filename" : "/dev/sdb"
      },
      "read" : {
        "io_bytes" : 0,
        "io_kbytes" : 0,
        "bw_bytes" : 0,
        "bw" : 0,
        "iops" : 0.000000,
        "runtime" : 0,
        "total_ios" : 0,
        "short_ios" : 0,
        "drop_ios" : 0,
        "slat_ns" : {
          "min" : 0,
          "max" : 0,
          "mean" : 0.000000,
          "stddev" : 0.000000
        },
        "clat_ns" : {
          "min" : 0,
          "max" : 0,
          "mean" : 0.000000,
          "stddev" : 0.000000,
          "percentile" : {
            "1.000000" : 0,
            "5.000000" : 0,
            "10.000000" : 0,
            "20.000000" : 0,
            "30.000000" : 0,
            "40.000000" : 0,
            "50.000000" : 0,
            "60.000000" : 0,
            "70.000000" : 0,
            "80.000000" : 0,
            "90.000000" : 0,
            "95.000000" : 0,
            "99.000000" : 0,
            "99.500000" : 0,
            "99.900000" : 0,
            "99.950000" : 0,
            "99.990000" : 0
          },
          "bins" : {

          }
        },
        "lat_ns" : {
          "min" : 0,
          "max" : 0,
          "mean" : 0.000000,
          "stddev" : 0.000000
        },
        "bw_min" : 0,
        "bw_max" : 0,
        "bw_agg" : 0.000000,
        "bw_mean" : 0.000000,
        "bw_dev" : 0.000000,
        "bw_samples" : 0,
        "iops_min" : 0,
        "iops_max" : 0,
        "iops_mean" : 0.000000,
        "iops_stddev" : 0.000000,
        "iops_samples" : 0
      },
      "write" : {
        "io_bytes" : 256071434240,
        "io_kbytes" : 250069760,
        "bw_bytes" : 177057063,
        "bw" : 172907,
        "iops" : 1350.838194,
        "runtime" : 1446265,
        "total_ios" : 1953670,
        "short_ios" : 0,
        "drop_ios" : 0,
        "slat_ns" : {
          "min" : 6205,
          "max" : 385136,
          "mean" : 17424.238866,
          "stddev" : 5743.130878
        },
        "clat_ns" : {
          "min" : 923409,
          "max" : 119427445,
          "mean" : 23664865.352321,
          "stddev" : 14902325.314976,
          "percentile" : {
            "1.000000" : 13172736,
            "5.000000" : 13303808,
            "10.000000" : 13434880,
            "20.000000" : 13828096,
            "30.000000" : 14090240,
            "40.000000" : 14352384,
            "50.000000" : 14745600,
            "60.000000" : 15269888,
            "70.000000" : 33161216,
            "80.000000" : 36438016,
            "90.000000" : 53215232,
            "95.000000" : 56360960,
            "99.000000" : 62652416,
            "99.500000" : 64225280,
            "99.900000" : 74973184,
            "99.950000" : 83361792,
            "99.990000" : 100139008
          },
          "bins" : {
            "921600" : 1,
            "1351680" : 1,
            "1417216" : 1,
            "2146304" : 1,
            "2539520" : 1,
            "2932736" : 1,
            "3522560" : 1,
            "3948544" : 1,
            "4423680" : 1,
            "4816896" : 1,
            "5537792" : 1,
            "5865472" : 1,
            "5931008" : 3,
            "5996544" : 2,
            "6062080" : 1,
            "6127616" : 1,
            "6193152" : 3,
            "6258688" : 8,
            "6324224" : 22,
            "6389760" : 12,
            "6455296" : 21,
            "6520832" : 43,
            "6586368" : 30,
            "6651904" : 57,
            "6717440" : 57,
            "6782976" : 53,
            "6848512" : 36,
            "6914048" : 34,
            "6979584" : 34,
            "7045120" : 45,
            "7110656" : 43,
            "7176192" : 44,
            "7241728" : 37,
            "7307264" : 19,
            "7372800" : 17,
            "7438336" : 20,
            "7503872" : 12,
            "7569408" : 6,
            "7634944" : 9,
            "7700480" : 5,
            "7766016" : 2,
            "7831552" : 7,
            "7897088" : 16,
            "7962624" : 23,
            "8028160" : 37,
            "8093696" : 26,
            "8159232" : 8,
            "8224768" : 17,
            "8290304" : 14,
            "8355840" : 10,
            "8454144" : 28,
            "8585216" : 9,
            "8716288" : 9,
            "8847360" : 5,
            "8978432" : 3,
            "9371648" : 3,
            "9633792" : 1,
            "9764864" : 4,
            "10158080" : 2,
            "10420224" : 1,
            "10551296" : 3,
            "10813440" : 1,
            "10944512" : 2,
            "11075584" : 1,
            "11206656" : 1,
            "11337728" : 1,
            "11468800" : 2,
            "11599872" : 3,
            "11730944" : 4,
            "11862016" : 1,
            "11993088" : 1,
            "12124160" : 3,
            "12255232" : 3,
            "12386304" : 21,
            "12517376" : 41,
            "12648448" : 126,
            "12779520" : 545,
            "12910592" : 2738,
            "13041664" : 11645,
            "13172736" : 35178,
            "13303808" : 66444,
            "13434880" : 88607,
            "13565952" : 91419,
            "13697024" : 88965,
            "13828096" : 90627,
            "13959168" : 96188,
            "14090240" : 94726,
            "14221312" : 85249,
            "14352384" : 69854,
            "14483456" : 60241,
            "14614528" : 56884,
            "14745600" : 58294,
            "14876672" : 55480,
            "15007744" : 50102,
            "15138816" : 43647,
            "15269888" : 37720,
            "15400960" : 32475,
            "15532032" : 26642,
            "15663104" : 20386,
            "15794176" : 15477,
            "15925248" : 10699,
            "16056320" : 7581,
            "16187392" : 5512,
            "16318464" : 3973,
            "16449536" : 2853,
            "16580608" : 2333,
            "16711680" : 1796,
            "16908288" : 2812,
            "17170432" : 1797,
            "17432576" : 904,
            "17694720" : 405,
            "17956864" : 176,
            "18219008" : 113,
            "18481152" : 44,
            "18743296" : 17,
            "19005440" : 30,
            "19267584" : 52,
            "19529728" : 63,
            "19791872" : 58,
            "20054016" : 74,
            "20316160" : 74,
            "20578304" : 65,
            "20840448" : 58,
            "21102592" : 50,
            "21364736" : 46,
            "21626880" : 48,
            "21889024" : 21,
            "22151168" : 27,
            "22413312" : 20,
            "22675456" : 6,
            "22937600" : 7,
            "23199744" : 2,
            "23461888" : 1,
            "23724032" : 5,
            "23986176" : 1,
            "24248320" : 1,
            "24510464" : 1,
            "24772608" : 2,
            "25034752" : 3,
            "25296896" : 13,
            "25559040" : 27,
            "25821184" : 96,
            "26083328" : 188,
            "26345472" : 169,
            "26607616" : 87,
            "26869760" : 219,
            "27131904" : 994,
            "27394048" : 3994,
            "27656192" : 3310,
            "27918336" : 2532,
            "28180480" : 1664,
            "28442624" : 1322,
            "28704768" : 1552,
            "28966912" : 1486,
            "29229056" : 673,
            "29491200" : 383,
            "29753344" : 270,
            "30015488" : 326,
            "30277632" : 391,
            "30539776" : 400,