{
  "fio version" : "fio-3.8",
  "timestamp" : 1552298694,
  "timestamp_ms" : 1552298694224,
  "time" : "Mon Mar 11 03:04:54 2019",
  "jobs" : [
    {
      "jobname" : "wipc",
      "groupid" : 0,
      "error" : 0,
      "eta" : 0,
      "elapsed" : 1437,
      "job options" : {
        "ioengine" : "libaio",
        "group_reporting" : "1",
        "direct" : "1",
        "rw" : "write",
        "bssplit" : "128KB",
        "numjobs" : "2",
        "iodepth" : "16",
        "size" : "75%",
        "io_size" : "128035676160B",
        "filename" : "/dev/sda"
      },
      "read" : {
        "io_bytes" : 0,
        "io_kbytes" : 0,
        "bw_bytes" : 0,
        "bw" : 0,
        "iops" : 0.000000,
        "runtime" : 0,
        "total_ios" : 0,
        "short_ios" : 0,
        "drop_ios" : 0,
        "slat_ns" : {
          "min" : 0,
          "max" : 0,
          "mean" : 0.000000,
          "stddev" : 0.000000
        },
        "clat_ns" : {
          "min" : 0,
          "max" : 0,
          "mean" : 0.000000,
          "stddev" : 0.000000,
          "percentile" : {
            "1.000000" : 0,
            "5.000000" : 0,
            "10.000000" : 0,
            "20.000000" : 0,
            "30.000000" : 0,
            "40.000000" : 0,
            "50.000000" : 0,
            "60.000000" : 0,
            "70.000000" : 0,
            "80.000000" : 0,
            "90.000000" : 0,
            "95.000000" : 0,
            "99.000000" : 0,
            "99.500000" : 0,
            "99.900000" : 0,
            "99.950000" : 0,
            "99.990000" : 0
          },
          "bins" : {

          }
        },
        "lat_ns" : {
          "min" : 0,
          "max" : 0,
          "mean" : 0.000000,
          "stddev" : 0.000000
        },
        "bw_min" : 0,
        "bw_max" : 0,
        "bw_agg" : 0.000000,
        "bw_mean" : 0.000000,
        "bw_dev" : 0.000000,
        "bw_samples" : 0,
        "iops_min" : 0,
        "iops_max" : 0,
        "iops_mean" : 0.000000,
        "iops_stddev" : 0.000000,
        "iops_samples" : 0
      },
      "write" : {
        "io_bytes" : 256071434240,
        "io_kbytes" : 250069760,
        "bw_bytes" : 178274432,
        "bw" : 174096,
        "iops" : 1360.125983,
        "runtime" : 1436389,
        "total_ios" : 1953670,
        "short_ios" : 0,
        "drop_ios" : 0,
        "slat_ns" : {
          "min" : 5659,
          "max" : 330009,
          "mean" : 17483.363439,
          "stddev" : 5559.885403
        },
        "clat_ns" : {
          "min" : 920309,
          "max" : 125337672,
          "mean" : 23496196.441612,
          "stddev" : 15423467.140569,
          "percentile" : {
            "1.000000" : 13041664,
            "5.000000" : 13303808,
            "10.000000" : 13434880,
            "20.000000" : 13697024,
            "30.000000" : 13959168,
            "40.000000" : 14221312,
            "50.000000" : 14614528,
            "60.000000" : 15138816,
            "70.000000" : 26607616,
            "80.000000" : 36438016,
            "90.000000" : 54263808,
            "95.000000" : 56885248,
            "99.000000" : 62652416,
            "99.500000" : 65273856,
            "99.900000" : 78118912,
            "99.950000" : 88604672,
            "99.990000" : 103284736
          },
          "bins" : {
            "921600" : 1,
            "1417216" : 1,
            "1466368" : 1,
            "2211840" : 1,
            "2605056" : 1,
            "2998272" : 1,
            "3391488" : 1,
            "3751936" : 1,
            "4177920" : 1,
            "4554752" : 1,
            "4947968" : 1,
            "5341184" : 1,
            "5668864" : 1,
            "6127616" : 1,
            "6520832" : 1,
            "6914048" : 1,
            "7307264" : 1,
            "7700480" : 1,
            "8093696" : 1,
            "8454144" : 1,
            "8847360" : 1,
            "9240576" : 1,
            "9633792" : 1,
            "10027008" : 1,
            "10420224" : 1,
            "10813440" : 1,
            "11206656" : 1,
            "11730944" : 1,
            "11862016" : 3,
            "12124160" : 10,
            "12255232" : 32,
            "12386304" : 53,
            "12517376" : 110,
            "12648448" : 507,
            "12779520" : 2176,
            "12910592" : 8493,
            "13041664" : 23468,
            "13172736" : 48227,
            "13303808" : 72462,
            "13434880" : 84171,
            "13565952" : 90919,
            "13697024" : 96916,
            "13828096" : 103093,
            "13959168" : 103070,
            "14090240" : 92022,
            "14221312" : 75974,
            "14352384" : 64991,
            "14483456" : 60017,
            "14614528" : 59588,
            "14745600" : 58349,
            "14876672" : 53666,
            "15007744" : 48757,
            "15138816" : 43926,
            "15269888" : 38871,
            "15400960" : 33495,
            "15532032" : 27115,
            "15663104" : 20088,
            "15794176" : 14301,
            "15925248" : 10352,
            "16056320" : 7117,
            "16187392" : 5222,
            "16318464" : 4143,
            "16449536" : 3083,
            "16580608" : 2503,
            "16711680" : 2193,
            "16908288" : 3063,
            "17170432" : 2074,
            "17432576" : 966,
            "17694720" : 436,
            "17956864" : 172,
            "18219008" : 142,
            "18481152" : 107,
            "18743296" : 102,
            "19005440" : 59,
            "19267584" : 60,
            "19529728" : 64,
            "19791872" : 53,
            "20054016" : 67,
            "20316160" : 66,
            "20578304" : 63,
            "20840448" : 57,
            "21102592" : 54,
            "21364736" : 48,
            "21626880" : 42,
            "21889024" : 31,
            "22151168" : 27,
            "22413312" : 32,
            "22675456" : 18,
            "22937600" : 14,
            "23199744" : 14,
            "23461888" : 7,
            "23724032" : 14,
            "23986176" : 7,
            "24248320" : 4,
            "24510464" : 9,
            "24772608" : 10,
            "25034752" : 7,
            "25296896" : 9,
            "25559040" : 8,
            "25821184" : 15,
            "26083328" : 24,
            "26345472" : 57,
            "26607616" : 204,
            "26869760" : 1350,
            "27131904" : 3683,
            "27394048" : 4540,
            "27656192" : 3032,
            "27918336" : 1854,
            "28180480" : 826,
            "28442624" : 1017,
            "28704768" : 1021,
            "28966912" : 886,
            "29229056" : 630,
            "29491200" : 421,
            "29753344" : 355,
            "30015488" : 314,
            "30277632" : 373,
            "30539776" : 461,
            "30801920" : 643,
            "31064064" : 857,
            "31326208" : 1001,
            "31588352" : 1287,
            "31850496" : 1652,
            "32112640" : 2067,
            "32374784" : 2749,
            "32636928" : 3925,
            "32899072" : 5171,
            "33161216" : 5904,
            "33423360" : 6881,
            "33816576" : 17162,
            "34340864" : 21993,
            "34865152" : 28255,
            "35389440" : 32339,
            "35913728" : 30188,
            "36438016" : 27004,
            "36962304" : 27045,
            "37486592" : 21860,
            "38010880" : 14320,
            "38535168" : 10474,
            "39059456" : 8611,
            "39583744" : 6875,
            "40108032" : 6503,
            "40632320" : 5986,
            "41156608" : 5098,
            "41680896" : 3993,
            "42205184" : 3171,
            "42729472" : 2334,
            "43253760" : 1604,
            "43778048" : 954,
            "44302336" : 619,
            "44826624" : 503,
            "45350912" : 327,
            "45875200" : 302,
            "46399488" : 273,
            "46923776" : 328,
            "47448064" : 427,