{
  "fio version" : "fio-3.8",
  "timestamp" : 1542967223,
  "timestamp_ms" : 1542967223407,
  "time" : "Fri Nov 23 02:00:23 2018",
  "jobs" : [
    {
      "jobname" : "wipc",
      "groupid" : 0,
      "error" : 0,
      "eta" : 0,
      "elapsed" : 1447,
      "job options" : {
        "ioengine" : "libaio",
        "group_reporting" : "1",
        "direct" : "1",
        "rw" : "write",
        "bssplit" : "128KB",
        "numjobs" : "2",
        "iodepth" : "16",
        "size" : "75%",
        "io_size" : "128035676160B",
        "filename" : "/dev/sda"
      },
      "read" : {
        "io_bytes" : 0,
        "io_kbytes" : 0,
        "bw_bytes" : 0,
        "bw" : 0,
        "iops" : 0.000000,
        "runtime" : 0,
        "total_ios" : 0,
        "short_ios" : 0,
        "drop_ios" : 0,
        "slat_ns" : {
          "min" : 0,
          "max" : 0,
          "mean" : 0.000000,
          "stddev" : 0.000000
        },
        "clat_ns" : {
          "min" : 0,
          "max" : 0,
          "mean" : 0.000000,
          "stddev" : 0.000000,
          "percentile" : {
            "1.000000" : 0,
            "5.000000" : 0,
            "10.000000" : 0,
            "20.000000" : 0,
            "30.000000" : 0,
            "40.000000" : 0,
            "50.000000" : 0,
            "60.000000" : 0,
            "70.000000" : 0,
            "80.000000" : 0,
            "90.000000" : 0,
            "95.000000" : 0,
            "99.000000" : 0,
            "99.500000" : 0,
            "99.900000" : 0,
            "99.950000" : 0,
            "99.990000" : 0
          },
          "bins" : {

          }
        },
        "lat_ns" : {
          "min" : 0,
          "max" : 0,
          "mean" : 0.000000,
          "stddev" : 0.000000
        },
        "bw_min" : 0,
        "bw_max" : 0,
        "bw_agg" : 0.000000,
        "bw_mean" : 0.000000,
        "bw_dev" : 0.000000,
        "bw_samples" : 0,
        "iops_min" : 0,
        "iops_max" : 0,
        "iops_mean" : 0.000000,
        "iops_stddev" : 0.000000,
        "iops_samples" : 0
      },
      "write" : {
        "io_bytes" : 256071434240,
        "io_kbytes" : 250069760,
        "bw_bytes" : 177072123,
        "bw" : 172921,
        "iops" : 1350.953088,
        "runtime" : 1446142,
        "total_ios" : 1953670,
        "short_ios" : 0,
        "drop_ios" : 0,
        "slat_ns" : {
          "min" : 5406,
          "max" : 347073,
          "mean" : 12742.068166,
          "stddev" : 3814.300672
        },
        "clat_ns" : {
          "min" : 531323,
          "max" : 119605025,
          "mean" : 23664472.119497,
          "stddev" : 15662248.880734,
          "percentile" : {
            "1.000000" : 12910592,
            "5.000000" : 13172736,
            "10.000000" : 13303808,
            "20.000000" : 13565952,
            "30.000000" : 13828096,
            "40.000000" : 14090240,
            "50.000000" : 14483456,
            "60.000000" : 15007744,
            "70.000000" : 29491200,
            "80.000000" : 36962304,
            "90.000000" : 54788096,
            "95.000000" : 57409536,
            "99.000000" : 63176704,
            "99.500000" : 64749568,
            "99.900000" : 74973184,
            "99.950000" : 80216064,
            "99.990000" : 96993280
          },
          "bins" : {
            "528384" : 1,
            "1400832" : 1,
            "1417216" : 1,
            "2113536" : 1,
            "2473984" : 1,
            "2899968" : 1,
            "3260416" : 1,
            "3620864" : 1,
            "4014080" : 1,
            "4292608" : 1,
            "4816896" : 1,
            "5079040" : 1,
            "5537792" : 1,
            "5865472" : 1,
            "5996544" : 1,
            "6062080" : 1,
            "6258688" : 4,
            "6324224" : 14,
            "6389760" : 30,
            "6455296" : 10,
            "6520832" : 2,
            "6586368" : 13,
            "6651904" : 5,
            "6717440" : 11,
            "6782976" : 17,
            "6848512" : 31,
            "6914048" : 43,
            "6979584" : 29,
            "7045120" : 33,
            "7110656" : 31,
            "7176192" : 39,
            "7241728" : 24,
            "7307264" : 28,
            "7372800" : 56,
            "7438336" : 37,
            "7503872" : 29,
            "7569408" : 12,
            "7634944" : 25,
            "7700480" : 13,
            "7766016" : 13,
            "7831552" : 17,
            "7897088" : 21,
            "7962624" : 18,
            "8028160" : 17,
            "8093696" : 29,
            "8159232" : 8,
            "8224768" : 12,
            "8290304" : 15,
            "8355840" : 13,
            "8454144" : 24,
            "8585216" : 13,
            "8716288" : 36,
            "8847360" : 8,
            "8978432" : 14,
            "9109504" : 6,
            "9240576" : 11,
            "9502720" : 3,
            "9633792" : 1,
            "9895936" : 2,
            "10027008" : 1,
            "10289152" : 6,
            "10420224" : 1,
            "10551296" : 1,
            "10682368" : 1,
            "11075584" : 1,
            "11337728" : 2,
            "11468800" : 3,
            "11599872" : 7,
            "11730944" : 35,
            "11862016" : 101,
            "11993088" : 131,
            "12124160" : 222,
            "12255232" : 447,
            "12386304" : 671,
            "12517376" : 1280,
            "12648448" : 3040,
            "12779520" : 9117,
            "12910592" : 25081,
            "13041664" : 51056,
            "13172736" : 75153,
            "13303808" : 97809,
            "13434880" : 103737,
            "13565952" : 104291,
            "13697024" : 108695,
            "13828096" : 97282,
            "13959168" : 88449,
            "14090240" : 78615,
            "14221312" : 68550,
            "14352384" : 62014,
            "14483456" : 53288,
            "14614528" : 42273,
            "14745600" : 39327,
            "14876672" : 37733,
            "15007744" : 35543,
            "15138816" : 34784,
            "15269888" : 30221,
            "15400960" : 23330,
            "15532032" : 18196,
            "15663104" : 13065,
            "15794176" : 9952,
            "15925248" : 7679,
            "16056320" : 5976,
            "16187392" : 4340,
            "16318464" : 3228,
            "16449536" : 2560,
            "16580608" : 2280,
            "16711680" : 1803,
            "16908288" : 2384,
            "17170432" : 1303,
            "17432576" : 743,
            "17694720" : 439,
            "17956864" : 198,
            "18219008" : 107,
            "18481152" : 88,
            "18743296" : 83,
            "19005440" : 83,
            "19267584" : 83,
            "19529728" : 82,
            "19791872" : 97,
            "20054016" : 97,
            "20316160" : 113,
            "20578304" : 74,
            "20840448" : 54,
            "21102592" : 49,
            "21364736" : 42,
            "21626880" : 37,
            "21889024" : 43,
            "22151168" : 21,
            "22413312" : 10,
            "22675456" : 17,
            "22937600" : 5,
            "23199744" : 2,
            "23461888" : 2,
            "23724032" : 6,
            "23986176" : 5,
            "24248320" : 2,
            "24510464" : 22,
            "24772608" : 10,
            "25034752" : 17,
            "25296896" : 59,
            "25559040" : 83,
            "25821184" : 218,
            "26083328" : 310,
            "26345472" : 720,
            "26607616" : 3047,
            "26869760" : 4547,
            "27131904" : 3504,
            "27394048" : 2110,
            "27656192" : 1326,
            "27918336" : 880,
            "28180480" : 800,
            "28442624" : 740,
            "28704768" : 328,
            "28966912" : 190,
            "29229056" : 130,
            "29491200" : 182,
            "29753344" : 204,
            "30015488" : 223,
            "30277632" : 310,
            "30539776" : 374,