{
  "fio version" : "fio-3.8",
  "timestamp" : 1552426160,
  "timestamp_ms" : 1552426160584,
  "time" : "Tue Mar 12 21:29:20 2019",
  "jobs" : [
    {
      "jobname" : "wipc",
      "groupid" : 0,
      "error" : 0,
      "eta" : 0,
      "elapsed" : 1458,
      "job options" : {
        "ioengine" : "libaio",
        "group_reporting" : "1",
        "direct" : "1",
        "rw" : "write",
        "bssplit" : "128KB",
        "numjobs" : "2",
        "iodepth" : "16",
        "size" : "75%",
        "io_size" : "128035676160B",
        "filename" : "/dev/sda"
      },
      "read" : {
        "io_bytes" : 0,
        "io_kbytes" : 0,
        "bw_bytes" : 0,
        "bw" : 0,
        "iops" : 0.000000,
        "runtime" : 0,
        "total_ios" : 0,
        "short_ios" : 0,
        "drop_ios" : 0,
        "slat_ns" : {
          "min" : 0,
          "max" : 0,
          "mean" : 0.000000,
          "stddev" : 0.000000
        },
        "clat_ns" : {
          "min" : 0,
          "max" : 0,
          "mean" : 0.000000,
          "stddev" : 0.000000,
          "percentile" : {
            "1.000000" : 0,
            "5.000000" : 0,
            "10.000000" : 0,
            "20.000000" : 0,
            "30.000000" : 0,
            "40.000000" : 0,
            "50.000000" : 0,
            "60.000000" : 0,
            "70.000000" : 0,
            "80.000000" : 0,
            "90.000000" : 0,
            "95.000000" : 0,
            "99.000000" : 0,
            "99.500000" : 0,
            "99.900000" : 0,
            "99.950000" : 0,
            "99.990000" : 0
          },
          "bins" : {

          }
        },
        "lat_ns" : {
          "min" : 0,
          "max" : 0,
          "mean" : 0.000000,
          "stddev" : 0.000000
        },
        "bw_min" : 0,
        "bw_max" : 0,
        "bw_agg" : 0.000000,
        "bw_mean" : 0.000000,
        "bw_dev" : 0.000000,
        "bw_samples" : 0,
        "iops_min" : 0,
        "iops_max" : 0,
        "iops_mean" : 0.000000,
        "iops_stddev" : 0.000000,
        "iops_samples" : 0
      },
      "write" : {
        "io_bytes" : 256071434240,
        "io_kbytes" : 250069760,
        "bw_bytes" : 175730818,
        "bw" : 171612,
        "iops" : 1340.719746,
        "runtime" : 1457180,
        "total_ios" : 1953670,
        "short_ios" : 0,
        "drop_ios" : 0,
        "slat_ns" : {
          "min" : 21292,
          "max" : 62685292,
          "mean" : 59906.800021,
          "stddev" : 91109.099333
        },
        "clat_ns" : {
          "min" : 1842458,
          "max" : 116703292,
          "mean" : 23793277.828913,
          "stddev" : 16006737.027050,
          "percentile" : {
            "1.000000" : 12124160,
            "5.000000" : 12648448,
            "10.000000" : 12779520,
            "20.000000" : 13041664,
            "30.000000" : 13434880,
            "40.000000" : 13697024,
            "50.000000" : 14221312,
            "60.000000" : 14876672,
            "70.000000" : 33816576,
            "80.000000" : 37486592,
            "90.000000" : 55312384,
            "95.000000" : 57933824,
            "99.000000" : 64225280,
            "99.500000" : 66322432,
            "99.900000" : 77070336,
            "99.950000" : 85458944,
            "99.990000" : 99090432
          },
          "bins" : {
            "1843200" : 4,
            "1859584" : 5,
            "1875968" : 5,
            "1892352" : 6,
            "1908736" : 3,
            "1925120" : 3,
            "1941504" : 3,
            "2023424" : 3,
            "2039808" : 2,
            "2056192" : 1,
            "2277376" : 1,
            "2310144" : 4,
            "2342912" : 1,
            "2539520" : 3,
            "2572288" : 1,
            "2605056" : 1,
            "2768896" : 1,
            "2965504" : 1,
            "3031040" : 1,
            "3194880" : 1,
            "3358720" : 1,
            "3457024" : 1,
            "3489792" : 1,
            "3555328" : 1,
            "3686400" : 1,
            "3751936" : 2,
            "3817472" : 5,
            "3850240" : 4,
            "3883008" : 1,
            "3915776" : 1,
            "3948544" : 1,
            "3981312" : 2,
            "4014080" : 1,
            "4112384" : 1,
            "4358144" : 1,
            "4489216" : 2,
            "4554752" : 1,
            "4620288" : 3,
            "4685824" : 1,
            "4751360" : 1,
            "4816896" : 3,
            "4882432" : 4,
            "4947968" : 6,
            "5013504" : 3,
            "5079040" : 1,
            "5144576" : 3,
            "5210112" : 3,
            "5275648" : 4,
            "5341184" : 5,
            "5406720" : 8,
            "5472256" : 3,
            "5537792" : 7,
            "5603328" : 16,
            "5668864" : 12,
            "5734400" : 3,
            "5799936" : 18,
            "5865472" : 33,
            "5931008" : 17,
            "5996544" : 34,
            "6062080" : 43,
            "6127616" : 40,
            "6193152" : 68,
            "6258688" : 71,
            "6324224" : 89,
            "6389760" : 111,
            "6455296" : 109,
            "6520832" : 75,
            "6586368" : 91,
            "6651904" : 73,
            "6717440" : 67,
            "6782976" : 59,
            "6848512" : 64,
            "6914048" : 49,
            "6979584" : 62,
            "7045120" : 70,
            "7110656" : 67,
            "7176192" : 71,
            "7241728" : 55,
            "7307264" : 66,
            "7372800" : 47,
            "7438336" : 62,
            "7503872" : 44,
            "7569408" : 45,
            "7634944" : 38,
            "7700480" : 36,
            "7766016" : 29,
            "7831552" : 27,
            "7897088" : 67,
            "7962624" : 52,
            "8028160" : 40,
            "8093696" : 55,
            "8159232" : 61,
            "8224768" : 51,
            "8290304" : 56,
            "8355840" : 72,
            "8454144" : 114,
            "8585216" : 101,
            "8716288" : 168,
            "8847360" : 123,
            "8978432" : 138,
            "9109504" : 139,
            "9240576" : 153,
            "9371648" : 151,
            "9502720" : 184,
            "9633792" : 166,
            "9764864" : 194,
            "9895936" : 207,
            "10027008" : 253,
            "10158080" : 296,
            "10289152" : 395,
            "10420224" : 401,
            "10551296" : 481,
            "10682368" : 562,
            "10813440" : 638,
            "10944512" : 656,
            "11075584" : 677,
            "11206656" : 737,
            "11337728" : 926,
            "11468800" : 1068,
            "11599872" : 1297,
            "11730944" : 1585,
            "11862016" : 1964,
            "11993088" : 3030,
            "12124160" : 5374,
            "12255232" : 10694,
            "12386304" : 19944,
            "12517376" : 34611,
            "12648448" : 53976,
            "12779520" : 71941,
            "12910592" : 85119,
            "13041664" : 92118,
            "13172736" : 92960,
            "13303808" : 87951,
            "13434880" : 83109,
            "13565952" : 74731,
            "13697024" : 67959,
            "13828096" : 62424,
            "13959168" : 55314,
            "14090240" : 50216,
            "14221312" : 45649,
            "14352384" : 41904,
            "14483456" : 38460,
            "14614528" : 35357,
            "14745600" : 33090,
            "14876672" : 29061,
            "15007744" : 25782,
            "15138816" : 20415,
            "15269888" : 16502,
            "15400960" : 13497,
            "15532032" : 10114,
            "15663104" : 8346,
            "15794176" : 6465,
            "15925248" : 5220,
            "16056320" : 4141,
            "16187392" : 3348,
            "16318464" : 2769,
            "16449536" : 2196,
            "16580608" : 1970,
            "16711680" : 1442,
            "16908288" : 1982,
            "17170432" : 1144,