{
  "fio version" : "fio-3.8",
  "timestamp" : 1553223739,
  "timestamp_ms" : 1553223739964,
  "time" : "Thu Mar 21 20:02:19 2019",
  "jobs" : [
    {
      "jobname" : "wipc",
      "groupid" : 0,
      "error" : 0,
      "eta" : 0,
      "elapsed" : 1377,
      "job options" : {
        "ioengine" : "libaio",
        "group_reporting" : "1",
        "direct" : "1",
        "rw" : "write",
        "bssplit" : "128KB",
        "numjobs" : "2",
        "iodepth" : "16",
        "size" : "75%",
        "io_size" : "128035676160B",
        "filename" : "/dev/sdf"
      },
      "read" : {
        "io_bytes" : 0,
        "io_kbytes" : 0,
        "bw_bytes" : 0,
        "bw" : 0,
        "iops" : 0.000000,
        "runtime" : 0,
        "total_ios" : 0,
        "short_ios" : 0,
        "drop_ios" : 0,
        "slat_ns" : {
          "min" : 0,
          "max" : 0,
          "mean" : 0.000000,
          "stddev" : 0.000000
        },
        "clat_ns" : {
          "min" : 0,
          "max" : 0,
          "mean" : 0.000000,
          "stddev" : 0.000000,
          "percentile" : {
            "1.000000" : 0,
            "5.000000" : 0,
            "10.000000" : 0,
            "20.000000" : 0,
            "30.000000" : 0,
            "40.000000" : 0,
            "50.000000" : 0,
            "60.000000" : 0,
            "70.000000" : 0,
            "80.000000" : 0,
            "90.000000" : 0,
            "95.000000" : 0,
            "99.000000" : 0,
            "99.500000" : 0,
            "99.900000" : 0,
            "99.950000" : 0,
            "99.990000" : 0
          },
          "bins" : {

          }
        },
        "lat_ns" : {
          "min" : 0,
          "max" : 0,
          "mean" : 0.000000,
          "stddev" : 0.000000
        },
        "bw_min" : 0,
        "bw_max" : 0,
        "bw_agg" : 0.000000,
        "bw_mean" : 0.000000,
        "bw_dev" : 0.000000,
        "bw_samples" : 0,
        "iops_min" : 0,
        "iops_max" : 0,
        "iops_mean" : 0.000000,
        "iops_stddev" : 0.000000,
        "iops_samples" : 0
      },
      "write" : {
        "io_bytes" : 256071434240,
        "io_kbytes" : 250069760,
        "bw_bytes" : 186080169,
        "bw" : 181718,
        "iops" : 1419.679029,
        "runtime" : 1376135,
        "total_ios" : 1953670,
        "short_ios" : 0,
        "drop_ios" : 0,
        "slat_ns" : {
          "min" : 6597,
          "max" : 331521,
          "mean" : 17624.456835,
          "stddev" : 5312.582733
        },
        "clat_ns" : {
          "min" : 488554,
          "max" : 128863042,
          "mean" : 22516536.868699,
          "stddev" : 14463048.729172,
          "percentile" : {
            "1.000000" : 12648448,
            "5.000000" : 12910592,
            "10.000000" : 13041664,
            "20.000000" : 13303808,
            "30.000000" : 13565952,
            "40.000000" : 13828096,
            "50.000000" : 14221312,
            "60.000000" : 14745600,
            "70.000000" : 17432576,
            "80.000000" : 35389440,
            "90.000000" : 52166656,
            "95.000000" : 55312384,
            "99.000000" : 61079552,
            "99.500000" : 63176704,
            "99.900000" : 73924608,
            "99.950000" : 81264640,
            "99.990000" : 96993280
          },
          "bins" : {
            "489472" : 1,
            "1286144" : 1,
            "1384448" : 1,
            "2023424" : 1,
            "2375680" : 1,
            "2768896" : 1,
            "3260416" : 1,
            "3653632" : 1,
            "4014080" : 1,
            "4358144" : 1,
            "4685824" : 1,
            "5341184" : 1,
            "5668864" : 1,
            "6062080" : 1,
            "6389760" : 1,
            "6782976" : 1,
            "7110656" : 1,
            "7503872" : 1,
            "7831552" : 1,
            "8224768" : 1,
            "8585216" : 1,
            "8847360" : 1,
            "9502720" : 1,
            "9895936" : 1,
            "10289152" : 1,
            "10682368" : 1,
            "11468800" : 1,
            "11599872" : 2,
            "11730944" : 19,
            "11862016" : 68,
            "11993088" : 99,
            "12124160" : 215,
            "12255232" : 410,
            "12386304" : 1163,
            "12517376" : 4176,
            "12648448" : 16031,
            "12779520" : 38745,
            "12910592" : 65389,
            "13041664" : 85703,
            "13172736" : 97085,
            "13303808" : 101802,
            "13434880" : 104606,
            "13565952" : 101133,
            "13697024" : 90885,
            "13828096" : 79374,
            "13959168" : 70849,
            "14090240" : 65011,
            "14221312" : 62577,
            "14352384" : 60043,
            "14483456" : 56107,
            "14614528" : 49626,
            "14745600" : 43128,
            "14876672" : 35845,
            "15007744" : 29963,
            "15138816" : 24703,
            "15269888" : 20290,
            "15400960" : 16373,
            "15532032" : 12678,
            "15663104" : 9012,
            "15794176" : 6439,
            "15925248" : 4055,
            "16056320" : 3073,
            "16187392" : 2510,
            "16318464" : 1946,
            "16449536" : 1452,
            "16580608" : 1085,
            "16711680" : 1047,
            "16908288" : 1694,
            "17170432" : 993,
            "17432576" : 401,
            "17694720" : 207,
            "17956864" : 112,
            "18219008" : 55,
            "18481152" : 61,
            "18743296" : 31,
            "19005440" : 47,
            "19267584" : 36,
            "19529728" : 32,
            "19791872" : 24,
            "20054016" : 30,
            "20316160" : 55,
            "20578304" : 52,
            "20840448" : 34,
            "21102592" : 28,
            "21364736" : 44,
            "21626880" : 63,
            "21889024" : 71,
            "22151168" : 39,
            "22413312" : 22,
            "22675456" : 29,
            "22937600" : 33,
            "23199744" : 22,
            "23461888" : 12,
            "23724032" : 15,
            "23986176" : 14,
            "24248320" : 10,
            "24510464" : 3,
            "24772608" : 3,
            "25034752" : 18,
            "25296896" : 22,
            "25559040" : 23,
            "25821184" : 73,
            "26083328" : 259,
            "26345472" : 955,
            "26607616" : 3472,
            "26869760" : 4226,
            "27131904" : 1999,
            "27394048" : 1289,
            "27656192" : 1271,
            "27918336" : 1635,
            "28180480" : 1642,
            "28442624" : 984,
            "28704768" : 698,
            "28966912" : 536,
            "29229056" : 383,
            "29491200" : 298,
            "29753344" : 372,
            "30015488" : 454,
            "30277632" : 621,
            "30539776" : 745,
            "30801920" : 1048,
            "31064064" : 1357,
            "31326208" : 1892,
            "31588352" : 2439,
            "31850496" : 3359,
            "32112640" : 4563,
            "32374784" : 6135,
            "32636928" : 7776,
            "32899072" : 9240,
            "33161216" : 11081,
            "33423360" : 12650,
            "33816576" : 29664,
            "34340864" : 35812,
            "34865152" : 39483,
            "35389440" : 36062,
            "35913728" : 30178,
            "36438016" : 26739,
            "36962304" : 20186,
            "37486592" : 13715,
            "38010880" : 10224,
            "38535168" : 8769,
            "39059456" : 7747,
            "39583744" : 6751,
            "40108032" : 5954,
            "40632320" : 4577,
            "41156608" : 3292,
            "41680896" : 2303,
            "42205184" : 1745,
            "42729472" : 1303,
            "43253760" : 914,
            "43778048" : 665,
            "44302336" : 549,
            "44826624" : 446,
            "45350912" : 365,
            "45875200" : 410,