{
  "fio version" : "fio-3.8",
  "timestamp" : 1544000466,
  "timestamp_ms" : 1544000466579,
  "time" : "Wed Dec  5 01:01:06 2018",
  "jobs" : [
    {
      "jobname" : "wipc",
      "groupid" : 0,
      "error" : 0,
      "eta" : 0,
      "elapsed" : 1400,
      "job options" : {
        "ioengine" : "libaio",
        "group_reporting" : "1",
        "direct" : "1",
        "rw" : "write",
        "bssplit" : "128KB",
        "numjobs" : "2",
        "iodepth" : "16",
        "size" : "75%",
        "io_size" : "128035676160B",
        "filename" : "/dev/sda"
      },
      "read" : {
        "io_bytes" : 0,
        "io_kbytes" : 0,
        "bw_bytes" : 0,
        "bw" : 0,
        "iops" : 0.000000,
        "runtime" : 0,
        "total_ios" : 0,
        "short_ios" : 0,
        "drop_ios" : 0,
        "slat_ns" : {
          "min" : 0,
          "max" : 0,
          "mean" : 0.000000,
          "stddev" : 0.000000
        },
        "clat_ns" : {
          "min" : 0,
          "max" : 0,
          "mean" : 0.000000,
          "stddev" : 0.000000,
          "percentile" : {
            "1.000000" : 0,
            "5.000000" : 0,
            "10.000000" : 0,
            "20.000000" : 0,
            "30.000000" : 0,
            "40.000000" : 0,
            "50.000000" : 0,
            "60.000000" : 0,
            "70.000000" : 0,
            "80.000000" : 0,
            "90.000000" : 0,
            "95.000000" : 0,
            "99.000000" : 0,
            "99.500000" : 0,
            "99.900000" : 0,
            "99.950000" : 0,
            "99.990000" : 0
          },
          "bins" : {

          }
        },
        "lat_ns" : {
          "min" : 0,
          "max" : 0,
          "mean" : 0.000000,
          "stddev" : 0.000000
        },
        "bw_min" : 0,
        "bw_max" : 0,
        "bw_agg" : 0.000000,
        "bw_mean" : 0.000000,
        "bw_dev" : 0.000000,
        "bw_samples" : 0,
        "iops_min" : 0,
        "iops_max" : 0,
        "iops_mean" : 0.000000,
        "iops_stddev" : 0.000000,
        "iops_samples" : 0
      },
      "write" : {
        "io_bytes" : 256071434240,
        "io_kbytes" : 250069760,
        "bw_bytes" : 182931556,
        "bw" : 178644,
        "iops" : 1395.657016,
        "runtime" : 1399821,
        "total_ios" : 1953670,
        "short_ios" : 0,
        "drop_ios" : 0,
        "slat_ns" : {
          "min" : 5364,
          "max" : 389128,
          "mean" : 12753.735641,
          "stddev" : 3925.304392
        },
        "clat_ns" : {
          "min" : 489224,
          "max" : 117385638,
          "mean" : 22908330.588418,
          "stddev" : 14397961.800527,
          "percentile" : {
            "1.000000" : 12779520,
            "5.000000" : 13041664,
            "10.000000" : 13172736,
            "20.000000" : 13434880,
            "30.000000" : 13697024,
            "40.000000" : 13959168,
            "50.000000" : 14352384,
            "60.000000" : 14876672,
            "70.000000" : 32636928,
            "80.000000" : 35913728,
            "90.000000" : 43253760,
            "95.000000" : 55836672,
            "99.000000" : 61603840,
            "99.500000" : 63176704,
            "99.900000" : 71827456,
            "99.950000" : 76021760,
            "99.990000" : 88604672
          },
          "bins" : {
            "489472" : 1,
            "1368064" : 1,
            "1384448" : 1,
            "2088960" : 1,
            "2473984" : 1,
            "2899968" : 1,
            "3096576" : 1,
            "3489792" : 1,
            "3981312" : 1,
            "4358144" : 1,
            "4751360" : 1,
            "5079040" : 1,
            "5406720" : 1,
            "5734400" : 1,
            "5799936" : 1,
            "5865472" : 2,
            "5931008" : 2,
            "5996544" : 3,
            "6062080" : 2,
            "6127616" : 7,
            "6193152" : 21,
            "6258688" : 41,
            "6324224" : 57,
            "6389760" : 61,
            "6455296" : 46,
            "6520832" : 57,
            "6586368" : 35,
            "6651904" : 49,
            "6717440" : 48,
            "6782976" : 61,
            "6848512" : 67,
            "6914048" : 69,
            "6979584" : 71,
            "7045120" : 56,
            "7110656" : 35,
            "7176192" : 21,
            "7241728" : 11,
            "7307264" : 8,
            "7372800" : 24,
            "7438336" : 44,
            "7503872" : 34,
            "7569408" : 43,
            "7634944" : 38,
            "7700480" : 20,
            "7766016" : 31,
            "7831552" : 25,
            "7897088" : 18,
            "7962624" : 6,
            "8028160" : 5,
            "8093696" : 10,
            "8159232" : 12,
            "8224768" : 9,
            "8290304" : 5,
            "8355840" : 5,
            "8454144" : 19,
            "8585216" : 7,
            "8716288" : 7,
            "8847360" : 3,
            "9109504" : 1,
            "9371648" : 1,
            "9502720" : 2,
            "9633792" : 1,
            "9764864" : 1,
            "9895936" : 1,
            "10027008" : 1,
            "10158080" : 2,
            "10420224" : 1,
            "10551296" : 3,
            "10813440" : 1,
            "10944512" : 3,
            "11075584" : 4,
            "11206656" : 7,
            "11337728" : 25,
            "11468800" : 91,
            "11599872" : 112,
            "11730944" : 131,
            "11862016" : 183,
            "11993088" : 188,
            "12124160" : 306,
            "12255232" : 553,
            "12386304" : 921,
            "12517376" : 2434,
            "12648448" : 8199,
            "12779520" : 24207,
            "12910592" : 55600,
            "13041664" : 81371,
            "13172736" : 92055,
            "13303808" : 102452,
            "13434880" : 105335,
            "13565952" : 108776,
            "13697024" : 105337,
            "13828096" : 87250,
            "13959168" : 71747,
            "14090240" : 66344,
            "14221312" : 60510,
            "14352384" : 55964,
            "14483456" : 47987,
            "14614528" : 39349,
            "14745600" : 35697,
            "14876672" : 33603,
            "15007744" : 29694,
            "15138816" : 25779,
            "15269888" : 20991,
            "15400960" : 15571,
            "15532032" : 11346,
            "15663104" : 8371,
            "15794176" : 6057,
            "15925248" : 4648,
            "16056320" : 3690,
            "16187392" : 3082,
            "16318464" : 2543,
            "16449536" : 2088,
            "16580608" : 1445,
            "16711680" : 1315,
            "16908288" : 1688,
            "17170432" : 816,
            "17432576" : 431,
            "17694720" : 245,
            "17956864" : 107,
            "18219008" : 84,
            "18481152" : 74,
            "18743296" : 86,
            "19005440" : 72,
            "19267584" : 85,
            "19529728" : 57,
            "19791872" : 49,
            "20054016" : 38,
            "20316160" : 34,
            "20578304" : 16,
            "20840448" : 3,
            "21102592" : 2,
            "21364736" : 8,
            "21626880" : 1,
            "22151168" : 1,
            "22413312" : 1,
            "23724032" : 1,
            "24248320" : 1,
            "24510464" : 7,
            "24772608" : 12,
            "25034752" : 31,
            "25296896" : 78,
            "25559040" : 99,
            "25821184" : 120,
            "26083328" : 216,
            "26345472" : 774,
            "26607616" : 3261,
            "26869760" : 3645,
            "27131904" : 3279,
            "27394048" : 1771,
            "27656192" : 1048,
            "27918336" : 907,
            "28180480" : 1279,
            "28442624" : 1357,
            "28704768" : 789,
            "28966912" : 300,
            "29229056" : 277,
            "29491200" : 287,
            "29753344" : 280,
            "30015488" : 401,
            "30277632" : 475,