{
  "fio version" : "fio-3.8",
  "timestamp" : 1543614669,
  "timestamp_ms" : 1543614669264,
  "time" : "Fri Nov 30 13:51:09 2018",
  "jobs" : [
    {
      "jobname" : "wipc",
      "groupid" : 0,
      "error" : 0,
      "eta" : 0,
      "elapsed" : 1379,
      "job options" : {
        "ioengine" : "libaio",
        "group_reporting" : "1",
        "direct" : "1",
        "rw" : "write",
        "bssplit" : "128KB",
        "numjobs" : "2",
        "iodepth" : "16",
        "size" : "75%",
        "io_size" : "128035676160B",
        "filename" : "/dev/sda"
      },
      "read" : {
        "io_bytes" : 0,
        "io_kbytes" : 0,
        "bw_bytes" : 0,
        "bw" : 0,
        "iops" : 0.000000,
        "runtime" : 0,
        "total_ios" : 0,
        "short_ios" : 0,
        "drop_ios" : 0,
        "slat_ns" : {
          "min" : 0,
          "max" : 0,
          "mean" : 0.000000,
          "stddev" : 0.000000
        },
        "clat_ns" : {
          "min" : 0,
          "max" : 0,
          "mean" : 0.000000,
          "stddev" : 0.000000,
          "percentile" : {
            "1.000000" : 0,
            "5.000000" : 0,
            "10.000000" : 0,
            "20.000000" : 0,
            "30.000000" : 0,
            "40.000000" : 0,
            "50.000000" : 0,
            "60.000000" : 0,
            "70.000000" : 0,
            "80.000000" : 0,
            "90.000000" : 0,
            "95.000000" : 0,
            "99.000000" : 0,
            "99.500000" : 0,
            "99.900000" : 0,
            "99.950000" : 0,
            "99.990000" : 0
          },
          "bins" : {

          }
        },
        "lat_ns" : {
          "min" : 0,
          "max" : 0,
          "mean" : 0.000000,
          "stddev" : 0.000000
        },
        "bw_min" : 0,
        "bw_max" : 0,
        "bw_agg" : 0.000000,
        "bw_mean" : 0.000000,
        "bw_dev" : 0.000000,
        "bw_samples" : 0,
        "iops_min" : 0,
        "iops_max" : 0,
        "iops_mean" : 0.000000,
        "iops_stddev" : 0.000000,
        "iops_samples" : 0
      },
      "write" : {
        "io_bytes" : 256071434240,
        "io_kbytes" : 250069760,
        "bw_bytes" : 185821988,
        "bw" : 181466,
        "iops" : 1417.709265,
        "runtime" : 1378047,
        "total_ios" : 1953670,
        "short_ios" : 0,
        "drop_ios" : 0,
        "slat_ns" : {
          "min" : 5337,
          "max" : 337689,
          "mean" : 13763.372436,
          "stddev" : 3773.614179
        },
        "clat_ns" : {
          "min" : 955550,
          "max" : 118542767,
          "mean" : 22552278.562007,
          "stddev" : 14751274.752805,
          "percentile" : {
            "1.000000" : 12779520,
            "5.000000" : 13041664,
            "10.000000" : 13172736,
            "20.000000" : 13434880,
            "30.000000" : 13697024,
            "40.000000" : 13959168,
            "50.000000" : 14352384,
            "60.000000" : 14876672,
            "70.000000" : 15925248,
            "80.000000" : 35913728,
            "90.000000" : 52690944,
            "95.000000" : 56360960,
            "99.000000" : 62652416,
            "99.500000" : 64225280,
            "99.900000" : 73924608,
            "99.950000" : 79167488,
            "99.990000" : 92798976
          },
          "bins" : {
            "954368" : 1,
            "1384448" : 1,
            "1400832" : 1,
            "2039808" : 1,
            "2473984" : 1,
            "2834432" : 1,
            "3260416" : 1,
            "3653632" : 1,
            "4079616" : 1,
            "4423680" : 1,
            "4816896" : 1,
            "5275648" : 1,
            "5668864" : 1,
            "5799936" : 1,
            "6062080" : 1,
            "6258688" : 1,
            "6324224" : 4,
            "6389760" : 5,
            "6455296" : 9,
            "6520832" : 10,
            "6586368" : 25,
            "6651904" : 32,
            "6717440" : 34,
            "6782976" : 48,
            "6848512" : 43,
            "6914048" : 26,
            "6979584" : 36,
            "7045120" : 39,
            "7110656" : 37,
            "7176192" : 35,
            "7241728" : 19,
            "7307264" : 26,
            "7372800" : 16,
            "7438336" : 13,
            "7503872" : 14,
            "7569408" : 21,
            "7634944" : 3,
            "7700480" : 5,
            "7766016" : 12,
            "7831552" : 11,
            "7897088" : 12,
            "7962624" : 15,
            "8028160" : 8,
            "8093696" : 16,
            "8159232" : 4,
            "8224768" : 10,
            "8290304" : 6,
            "8355840" : 6,
            "8454144" : 28,
            "8585216" : 7,
            "8716288" : 6,
            "8847360" : 5,
            "8978432" : 4,
            "9109504" : 2,
            "9240576" : 2,
            "9502720" : 1,
            "9764864" : 1,
            "9895936" : 1,
            "10027008" : 1,
            "10289152" : 1,
            "10420224" : 2,
            "10682368" : 2,
            "10813440" : 1,
            "11075584" : 1,
            "11337728" : 3,
            "11468800" : 21,
            "11599872" : 54,
            "11730944" : 90,
            "11862016" : 122,
            "11993088" : 156,
            "12124160" : 173,
            "12255232" : 240,
            "12386304" : 383,
            "12517376" : 1272,
            "12648448" : 4256,
            "12779520" : 13958,
            "12910592" : 34998,
            "13041664" : 63273,
            "13172736" : 84945,
            "13303808" : 97450,
            "13434880" : 106956,
            "13565952" : 108817,
            "13697024" : 112733,
            "13828096" : 102727,
            "13959168" : 80210,
            "14090240" : 69079,
            "14221312" : 63293,
            "14352384" : 63167,
            "14483456" : 61308,
            "14614528" : 53597,
            "14745600" : 46244,
            "14876672" : 41182,
            "15007744" : 36710,
            "15138816" : 33434,
            "15269888" : 27316,
            "15400960" : 20344,
            "15532032" : 15701,
            "15663104" : 11975,
            "15794176" : 8882,
            "15925248" : 6781,
            "16056320" : 5194,
            "16187392" : 4178,
            "16318464" : 3515,
            "16449536" : 3027,
            "16580608" : 2235,
            "16711680" : 1837,
            "16908288" : 2747,
            "17170432" : 1311,
            "17432576" : 732,
            "17694720" : 318,
            "17956864" : 190,
            "18219008" : 104,
            "18481152" : 69,
            "18743296" : 73,
            "19005440" : 91,
            "19267584" : 74,
            "19529728" : 53,
            "19791872" : 57,
            "20054016" : 46,
            "20316160" : 37,
            "20578304" : 38,
            "20840448" : 24,
            "21102592" : 13,
            "21364736" : 9,
            "21626880" : 4,
            "21889024" : 15,
            "22151168" : 7,
            "22413312" : 16,
            "22675456" : 1,
            "22937600" : 3,
            "23461888" : 2,
            "23724032" : 1,
            "23986176" : 1,
            "24248320" : 4,
            "24510464" : 7,
            "24772608" : 4,
            "25034752" : 15,
            "25296896" : 26,
            "25559040" : 52,
            "25821184" : 93,
            "26083328" : 145,
            "26345472" : 298,
            "26607616" : 1411,
            "26869760" : 4533,
            "27131904" : 4710,
            "27394048" : 3070,
            "27656192" : 1747,
            "27918336" : 991,
            "28180480" : 753,
            "28442624" : 693,
            "28704768" : 448,
            "28966912" : 264,
            "29229056" : 159,
            "29491200" : 160,
            "29753344" : 149,
            "30015488" : 204,
            "30277632" : 255,
            "30539776" : 394,
            "30801920" : 443,
            "31064064" : 507,