{
  "fio version" : "fio-3.8",
  "timestamp" : 1543393862,
  "timestamp_ms" : 1543393862964,
  "time" : "Wed Nov 28 00:31:02 2018",
  "jobs" : [
    {
      "jobname" : "wipc",
      "groupid" : 0,
      "error" : 0,
      "eta" : 0,
      "elapsed" : 1387,
      "job options" : {
        "ioengine" : "libaio",
        "group_reporting" : "1",
        "direct" : "1",
        "rw" : "write",
        "bssplit" : "128KB",
        "numjobs" : "2",
        "iodepth" : "16",
        "size" : "75%",
        "io_size" : "128035676160B",
        "filename" : "/dev/sda"
      },
      "read" : {
        "io_bytes" : 0,
        "io_kbytes" : 0,
        "bw_bytes" : 0,
        "bw" : 0,
        "iops" : 0.000000,
        "runtime" : 0,
        "total_ios" : 0,
        "short_ios" : 0,
        "drop_ios" : 0,
        "slat_ns" : {
          "min" : 0,
          "max" : 0,
          "mean" : 0.000000,
          "stddev" : 0.000000
        },
        "clat_ns" : {
          "min" : 0,
          "max" : 0,
          "mean" : 0.000000,
          "stddev" : 0.000000,
          "percentile" : {
            "1.000000" : 0,
            "5.000000" : 0,
            "10.000000" : 0,
            "20.000000" : 0,
            "30.000000" : 0,
            "40.000000" : 0,
            "50.000000" : 0,
            "60.000000" : 0,
            "70.000000" : 0,
            "80.000000" : 0,
            "90.000000" : 0,
            "95.000000" : 0,
            "99.000000" : 0,
            "99.500000" : 0,
            "99.900000" : 0,
            "99.950000" : 0,
            "99.990000" : 0
          },
          "bins" : {

          }
        },
        "lat_ns" : {
          "min" : 0,
          "max" : 0,
          "mean" : 0.000000,
          "stddev" : 0.000000
        },
        "bw_min" : 0,
        "bw_max" : 0,
        "bw_agg" : 0.000000,
        "bw_mean" : 0.000000,
        "bw_dev" : 0.000000,
        "bw_samples" : 0,
        "iops_min" : 0,
        "iops_max" : 0,
        "iops_mean" : 0.000000,
        "iops_stddev" : 0.000000,
        "iops_samples" : 0
      },
      "write" : {
        "io_bytes" : 256071434240,
        "io_kbytes" : 250069760,
        "bw_bytes" : 184747593,
        "bw" : 180417,
        "iops" : 1409.512280,
        "runtime" : 1386061,
        "total_ios" : 1953670,
        "short_ios" : 0,
        "drop_ios" : 0,
        "slat_ns" : {
          "min" : 5376,
          "max" : 7008931,
          "mean" : 13270.503252,
          "stddev" : 6291.894793
        },
        "clat_ns" : {
          "min" : 481399,
          "max" : 126417943,
          "mean" : 22684801.547060,
          "stddev" : 14950648.608079,
          "percentile" : {
            "1.000000" : 12779520,
            "5.000000" : 12910592,
            "10.000000" : 13041664,
            "20.000000" : 13303808,
            "30.000000" : 13565952,
            "40.000000" : 13828096,
            "50.000000" : 14221312,
            "60.000000" : 14745600,
            "70.000000" : 16056320,
            "80.000000" : 35913728,
            "90.000000" : 53215232,
            "95.000000" : 56360960,
            "99.000000" : 62652416,
            "99.500000" : 64225280,
            "99.900000" : 74973184,
            "99.950000" : 85458944,
            "99.990000" : 103284736
          },
          "bins" : {
            "481280" : 1,
            "1253376" : 1,
            "1286144" : 1,
            "2039808" : 1,
            "2375680" : 1,
            "2736128" : 1,
            "3358720" : 1,
            "3686400" : 1,
            "4046848" : 1,
            "4423680" : 1,
            "4816896" : 1,
            "5341184" : 1,
            "5734400" : 1,
            "5865472" : 1,
            "5931008" : 2,
            "5996544" : 1,
            "6062080" : 1,
            "6127616" : 4,
            "6193152" : 9,
            "6258688" : 4,
            "6324224" : 22,
            "6389760" : 15,
            "6455296" : 10,
            "6520832" : 23,
            "6586368" : 21,
            "6651904" : 15,
            "6717440" : 14,
            "6782976" : 10,
            "6848512" : 22,
            "6914048" : 28,
            "6979584" : 30,
            "7045120" : 14,
            "7110656" : 22,
            "7176192" : 13,
            "7241728" : 8,
            "7307264" : 12,
            "7372800" : 9,
            "7438336" : 6,
            "7503872" : 11,
            "7569408" : 5,
            "7634944" : 4,
            "7700480" : 7,
            "7766016" : 5,
            "7831552" : 9,
            "7897088" : 5,
            "7962624" : 2,
            "8028160" : 8,
            "8093696" : 9,
            "8159232" : 1,
            "8224768" : 4,
            "8290304" : 14,
            "8355840" : 8,
            "8454144" : 25,
            "8585216" : 6,
            "8716288" : 7,
            "8847360" : 4,
            "8978432" : 3,
            "9109504" : 1,
            "9240576" : 2,
            "9371648" : 1,
            "9502720" : 3,
            "9633792" : 4,
            "9764864" : 1,
            "9895936" : 2,
            "10027008" : 3,
            "10289152" : 1,
            "10420224" : 1,
            "10551296" : 1,
            "10682368" : 1,
            "10813440" : 1,
            "10944512" : 1,
            "11206656" : 1,
            "11337728" : 2,
            "11468800" : 9,
            "11599872" : 24,
            "11730944" : 109,
            "11862016" : 184,
            "11993088" : 280,
            "12124160" : 575,
            "12255232" : 861,
            "12386304" : 1430,
            "12517376" : 3358,
            "12648448" : 10766,
            "12779520" : 30531,
            "12910592" : 62427,
            "13041664" : 86050,
            "13172736" : 102884,
            "13303808" : 112553,
            "13434880" : 114063,
            "13565952" : 114318,
            "13697024" : 99438,
            "13828096" : 81737,
            "13959168" : 72448,
            "14090240" : 68013,
            "14221312" : 61147,
            "14352384" : 53179,
            "14483456" : 45422,
            "14614528" : 41804,
            "14745600" : 40505,
            "14876672" : 37184,
            "15007744" : 32925,
            "15138816" : 26208,
            "15269888" : 19791,
            "15400960" : 14858,
            "15532032" : 10501,
            "15663104" : 8059,
            "15794176" : 6017,
            "15925248" : 4735,
            "16056320" : 3490,
            "16187392" : 2550,
            "16318464" : 2009,
            "16449536" : 1624,
            "16580608" : 1244,
            "16711680" : 957,
            "16908288" : 1156,
            "17170432" : 692,
            "17432576" : 386,
            "17694720" : 208,
            "17956864" : 107,
            "18219008" : 79,
            "18481152" : 70,
            "18743296" : 75,
            "19005440" : 73,
            "19267584" : 56,
            "19529728" : 55,
            "19791872" : 54,
            "20054016" : 27,
            "20316160" : 35,
            "20578304" : 29,
            "20840448" : 8,
            "21102592" : 4,
            "21626880" : 3,
            "21889024" : 1,
            "22151168" : 1,
            "23199744" : 3,
            "23461888" : 1,
            "23724032" : 5,
            "23986176" : 14,
            "24248320" : 15,
            "24510464" : 12,
            "24772608" : 76,
            "25034752" : 238,
            "25296896" : 185,
            "25559040" : 132,
            "25821184" : 115,
            "26083328" : 209,
            "26345472" : 925,
            "26607616" : 3581,
            "26869760" : 3268,
            "27131904" : 2325,
            "27394048" : 2101,
            "27656192" : 1872,
            "27918336" : 1505,
            "28180480" : 1127,
            "28442624" : 866,
            "28704768" : 566,
            "28966912" : 422,
            "29229056" : 280,
            "29491200" : 206,
            "29753344" : 217,