{
  "fio version" : "fio-3.8",
  "timestamp" : 1541480733,
  "timestamp_ms" : 1541480733028,
  "time" : "Mon Nov  5 21:05:33 2018",
  "jobs" : [
    {
      "jobname" : "wipc",
      "groupid" : 0,
      "error" : 0,
      "eta" : 0,
      "elapsed" : 1399,
      "job options" : {
        "ioengine" : "libaio",
        "group_reporting" : "1",
        "direct" : "1",
        "rw" : "write",
        "bssplit" : "128KB",
        "numjobs" : "2",
        "iodepth" : "16",
        "size" : "75%",
        "io_size" : "128035676160B",
        "filename" : "/dev/sdb"
      },
      "read" : {
        "io_bytes" : 0,
        "io_kbytes" : 0,
        "bw_bytes" : 0,
        "bw" : 0,
        "iops" : 0.000000,
        "runtime" : 0,
        "total_ios" : 0,
        "short_ios" : 0,
        "drop_ios" : 0,
        "slat_ns" : {
          "min" : 0,
          "max" : 0,
          "mean" : 0.000000,
          "stddev" : 0.000000
        },
        "clat_ns" : {
          "min" : 0,
          "max" : 0,
          "mean" : 0.000000,
          "stddev" : 0.000000,
          "percentile" : {
            "1.000000" : 0,
            "5.000000" : 0,
            "10.000000" : 0,
            "20.000000" : 0,
            "30.000000" : 0,
            "40.000000" : 0,
            "50.000000" : 0,
            "60.000000" : 0,
            "70.000000" : 0,
            "80.000000" : 0,
            "90.000000" : 0,
            "95.000000" : 0,
            "99.000000" : 0,
            "99.500000" : 0,
            "99.900000" : 0,
            "99.950000" : 0,
            "99.990000" : 0
          },
          "bins" : {

          }
        },
        "lat_ns" : {
          "min" : 0,
          "max" : 0,
          "mean" : 0.000000,
          "stddev" : 0.000000
        },
        "bw_min" : 0,
        "bw_max" : 0,
        "bw_agg" : 0.000000,
        "bw_mean" : 0.000000,
        "bw_dev" : 0.000000,
        "bw_samples" : 0,
        "iops_min" : 0,
        "iops_max" : 0,
        "iops_mean" : 0.000000,
        "iops_stddev" : 0.000000,
        "iops_samples" : 0
      },
      "write" : {
        "io_bytes" : 256071434240,
        "io_kbytes" : 250069760,
        "bw_bytes" : 183114956,
        "bw" : 178823,
        "iops" : 1397.056247,
        "runtime" : 1398419,
        "total_ios" : 1953670,
        "short_ios" : 0,
        "drop_ios" : 0,
        "slat_ns" : {
          "min" : 5324,
          "max" : 86752,
          "mean" : 10763.763042,
          "stddev" : 3799.238911
        },
        "clat_ns" : {
          "min" : 485612,
          "max" : 126711662,
          "mean" : 22888182.531497,
          "stddev" : 15597407.733535,
          "percentile" : {
            "1.000000" : 12648448,
            "5.000000" : 12779520,
            "10.000000" : 12910592,
            "20.000000" : 13041664,
            "30.000000" : 13303808,
            "40.000000" : 13434880,
            "50.000000" : 13697024,
            "60.000000" : 14090240,
            "70.000000" : 26345472,
            "80.000000" : 35913728,
            "90.000000" : 54263808,
            "95.000000" : 56885248,
            "99.000000" : 62652416,
            "99.500000" : 64749568,
            "99.900000" : 76021760,
            "99.950000" : 84410368,
            "99.990000" : 100139008
          },
          "bins" : {
            "485376" : 1,
            "1286144" : 1,
            "1400832" : 1,
            "2007040" : 1,
            "2408448" : 1,
            "2736128" : 1,
            "3391488" : 1,
            "3686400" : 1,
            "4079616" : 1,
            "4423680" : 1,
            "4816896" : 1,
            "5537792" : 1,
            "5865472" : 1,
            "6258688" : 1,
            "6389760" : 1,
            "6520832" : 1,
            "6651904" : 1,
            "6848512" : 3,
            "6914048" : 2,
            "6979584" : 14,
            "7045120" : 5,
            "7110656" : 10,
            "7176192" : 2,
            "7241728" : 15,
            "7307264" : 12,
            "7372800" : 4,
            "7438336" : 1,
            "7503872" : 13,
            "7569408" : 22,
            "7634944" : 12,
            "7700480" : 6,
            "7766016" : 9,
            "7831552" : 1,
            "7897088" : 2,
            "8028160" : 1,
            "8093696" : 2,
            "8159232" : 8,
            "8224768" : 5,
            "8290304" : 4,
            "8454144" : 1,
            "8585216" : 2,
            "8716288" : 1,
            "8847360" : 4,
            "8978432" : 1,
            "9109504" : 8,
            "9240576" : 8,
            "9502720" : 2,
            "9633792" : 1,
            "9764864" : 3,
            "10158080" : 2,
            "10420224" : 1,
            "10551296" : 2,
            "10682368" : 1,
            "10944512" : 2,
            "11075584" : 8,
            "11206656" : 55,
            "11337728" : 132,
            "11468800" : 211,
            "11599872" : 180,
            "11730944" : 214,
            "11862016" : 277,
            "11993088" : 398,
            "12124160" : 722,
            "12255232" : 946,
            "12386304" : 1937,
            "12517376" : 6666,
            "12648448" : 23305,
            "12779520" : 64746,
            "12910592" : 131583,
            "13041664" : 169633,
            "13172736" : 178409,
            "13303808" : 170834,
            "13434880" : 125054,
            "13565952" : 95161,
            "13697024" : 86736,
            "13828096" : 65028,
            "13959168" : 46043,
            "14090240" : 34297,
            "14221312" : 25437,
            "14352384" : 20405,
            "14483456" : 15905,
            "14614528" : 13046,
            "14745600" : 12032,
            "14876672" : 11011,
            "15007744" : 9833,
            "15138816" : 8885,
            "15269888" : 7666,
            "15400960" : 6860,
            "15532032" : 6126,
            "15663104" : 5113,
            "15794176" : 3830,
            "15925248" : 3421,
            "16056320" : 2296,
            "16187392" : 1905,
            "16318464" : 1649,
            "16449536" : 1243,
            "16580608" : 1095,
            "16711680" : 838,
            "16908288" : 1239,
            "17170432" : 829,
            "17432576" : 287,
            "17694720" : 178,
            "17956864" : 69,
            "18219008" : 76,
            "18481152" : 39,
            "18743296" : 58,
            "19005440" : 85,
            "19267584" : 102,
            "19529728" : 113,
            "19791872" : 94,
            "20054016" : 65,
            "20316160" : 66,
            "20578304" : 82,
            "20840448" : 83,
            "21102592" : 30,
            "21364736" : 68,
            "21626880" : 15,
            "21889024" : 23,
            "22151168" : 9,
            "22413312" : 4,
            "22675456" : 1,
            "22937600" : 4,
            "23199744" : 2,
            "23986176" : 4,
            "24248320" : 1,
            "24510464" : 4,
            "24772608" : 8,
            "25034752" : 18,
            "25296896" : 18,
            "25559040" : 67,
            "25821184" : 249,
            "26083328" : 769,
            "26345472" : 3394,
            "26607616" : 5389,
            "26869760" : 3499,
            "27131904" : 1651,
            "27394048" : 1132,
            "27656192" : 985,
            "27918336" : 758,
            "28180480" : 493,
            "28442624" : 337,
            "28704768" : 232,
            "28966912" : 208,
            "29229056" : 205,
            "29491200" : 219,
            "29753344" : 261,
            "30015488" : 337,
            "30277632" : 355,
            "30539776" : 465,
            "30801920" : 544,
            "31064064" : 692,
            "31326208" : 918,
            "31588352" : 1171,
            "31850496" : 1586,
            "32112640" : 2051,
            "32374784" : 2774,
            "32636928" : 3638,
            "32899072" : 4765,
            "33161216" : 5954,