{
  "fio version" : "fio-3.8",
  "timestamp" : 1542714929,
  "timestamp_ms" : 1542714929590,
  "time" : "Tue Nov 20 03:55:29 2018",
  "jobs" : [
    {
      "jobname" : "wipc",
      "groupid" : 0,
      "error" : 0,
      "eta" : 0,
      "elapsed" : 1492,
      "job options" : {
        "ioengine" : "libaio",
        "group_reporting" : "1",
        "direct" : "1",
        "rw" : "write",
        "bssplit" : "128KB",
        "numjobs" : "2",
        "iodepth" : "16",
        "size" : "100%",
        "io_size" : "128035676160B",
        "filename" : "/dev/sdb"
      },
      "read" : {
        "io_bytes" : 0,
        "io_kbytes" : 0,
        "bw_bytes" : 0,
        "bw" : 0,
        "iops" : 0.000000,
        "runtime" : 0,
        "total_ios" : 0,
        "short_ios" : 0,
        "drop_ios" : 0,
        "slat_ns" : {
          "min" : 0,
          "max" : 0,
          "mean" : 0.000000,
          "stddev" : 0.000000
        },
        "clat_ns" : {
          "min" : 0,
          "max" : 0,
          "mean" : 0.000000,
          "stddev" : 0.000000,
          "percentile" : {
            "1.000000" : 0,
            "5.000000" : 0,
            "10.000000" : 0,
            "20.000000" : 0,
            "30.000000" : 0,
            "40.000000" : 0,
            "50.000000" : 0,
            "60.000000" : 0,
            "70.000000" : 0,
            "80.000000" : 0,
            "90.000000" : 0,
            "95.000000" : 0,
            "99.000000" : 0,
            "99.500000" : 0,
            "99.900000" : 0,
            "99.950000" : 0,
            "99.990000" : 0
          },
          "bins" : {

          }
        },
        "lat_ns" : {
          "min" : 0,
          "max" : 0,
          "mean" : 0.000000,
          "stddev" : 0.000000
        },
        "bw_min" : 0,
        "bw_max" : 0,
        "bw_agg" : 0.000000,
        "bw_mean" : 0.000000,
        "bw_dev" : 0.000000,
        "bw_samples" : 0,
        "iops_min" : 0,
        "iops_max" : 0,
        "iops_mean" : 0.000000,
        "iops_stddev" : 0.000000,
        "iops_samples" : 0
      },
      "write" : {
        "io_bytes" : 256071172096,
        "io_kbytes" : 250069504,
        "bw_bytes" : 171726845,
        "bw" : 167701,
        "iops" : 1310.171853,
        "runtime" : 1491154,
        "total_ios" : 1953668,
        "short_ios" : 0,
        "drop_ios" : 0,
        "slat_ns" : {
          "min" : 5371,
          "max" : 360880,
          "mean" : 13162.654032,
          "stddev" : 3672.495622
        },
        "clat_ns" : {
          "min" : 856573,
          "max" : 102307275,
          "mean" : 24406259.186117,
          "stddev" : 16371570.342600,
          "percentile" : {
            "1.000000" : 12779520,
            "5.000000" : 12910592,
            "10.000000" : 13172736,
            "20.000000" : 13434880,
            "30.000000" : 13565952,
            "40.000000" : 13959168,
            "50.000000" : 14352384,
            "60.000000" : 14876672,
            "70.000000" : 33423360,
            "80.000000" : 37486592,
            "90.000000" : 54788096,
            "95.000000" : 56885248,
            "99.000000" : 62128128,
            "99.500000" : 64225280,
            "99.900000" : 71827456,
            "99.950000" : 76021760,
            "99.990000" : 82313216
          },
          "bins" : {
            "856064" : 1,
            "1335296" : 1,
            "1417216" : 1,
            "2072576" : 1,
            "2506752" : 1,
            "2801664" : 1,
            "3260416" : 1,
            "3620864" : 1,
            "4014080" : 1,
            "4292608" : 1,
            "4685824" : 1,
            "5079040" : 1,
            "5472256" : 1,
            "5865472" : 1,
            "6258688" : 1,
            "6455296" : 1,
            "6520832" : 1,
            "6586368" : 1,
            "6979584" : 1,
            "7307264" : 1,
            "7700480" : 1,
            "8093696" : 1,
            "8454144" : 1,
            "8847360" : 1,
            "9633792" : 1,
            "10027008" : 1,
            "10420224" : 1,
            "10813440" : 1,
            "11468800" : 1,
            "11599872" : 2,
            "11730944" : 4,
            "11862016" : 25,
            "11993088" : 69,
            "12124160" : 150,
            "12255232" : 270,
            "12386304" : 858,
            "12517376" : 4135,
            "12648448" : 13392,
            "12779520" : 32005,
            "12910592" : 58218,
            "13041664" : 82418,
            "13172736" : 95117,
            "13303808" : 100407,
            "13434880" : 103688,
            "13565952" : 102795,
            "13697024" : 98962,
            "13828096" : 82421,
            "13959168" : 66405,
            "14090240" : 59111,
            "14221312" : 59752,
            "14352384" : 57645,
            "14483456" : 51777,
            "14614528" : 43563,
            "14745600" : 38637,
            "14876672" : 34319,
            "15007744" : 30992,
            "15138816" : 25590,
            "15269888" : 19593,
            "15400960" : 13928,
            "15532032" : 10131,
            "15663104" : 7154,
            "15794176" : 5190,
            "15925248" : 3583,
            "16056320" : 2579,
            "16187392" : 1814,
            "16318464" : 1501,
            "16449536" : 1110,
            "16580608" : 812,
            "16711680" : 733,
            "16908288" : 923,
            "17170432" : 500,
            "17432576" : 263,
            "17694720" : 118,
            "17956864" : 45,
            "18219008" : 26,
            "18481152" : 43,
            "18743296" : 37,
            "19005440" : 57,
            "19267584" : 70,
            "19529728" : 67,
            "19791872" : 99,
            "20054016" : 88,
            "20316160" : 107,
            "20578304" : 127,
            "20840448" : 95,
            "21102592" : 100,
            "21364736" : 67,
            "21626880" : 52,
            "21889024" : 31,
            "22151168" : 21,
            "22413312" : 2,
            "22675456" : 1,
            "22937600" : 14,
            "23199744" : 4,
            "23461888" : 5,
            "23986176" : 2,
            "24510464" : 5,
            "24772608" : 4,
            "25034752" : 12,
            "25296896" : 32,
            "25559040" : 62,
            "25821184" : 102,
            "26083328" : 139,
            "26345472" : 237,
            "26607616" : 1096,
            "26869760" : 3552,
            "27131904" : 4214,
            "27394048" : 3056,
            "27656192" : 1892,
            "27918336" : 1057,
            "28180480" : 891,
            "28442624" : 815,
            "28704768" : 586,
            "28966912" : 350,
            "29229056" : 325,
            "29491200" : 351,
            "29753344" : 294,
            "30015488" : 317,
            "30277632" : 352,
            "30539776" : 448,
            "30801920" : 612,
            "31064064" : 826,
            "31326208" : 1057,
            "31588352" : 1323,
            "31850496" : 1827,
            "32112640" : 2467,
            "32374784" : 3233,
            "32636928" : 4403,
            "32899072" : 5741,
            "33161216" : 6614,
            "33423360" : 8240,
            "33816576" : 20403,
            "34340864" : 27020,
            "34865152" : 33340,
            "35389440" : 33750,
            "35913728" : 29701,
            "36438016" : 26343,
            "36962304" : 21171,
            "37486592" : 13416,
            "38010880" : 8958,
            "38535168" : 7476,
            "39059456" : 6405,
            "39583744" : 5632,
            "40108032" : 5338,
            "40632320" : 4966,
            "41156608" : 4083,
            "41680896" : 3017,
            "42205184" : 2016,
            "42729472" : 1429,
            "43253760" : 814,
            "43778048" : 557,
            "44302336" : 417,
            "44826624" : 404,
            "45350912" : 235,
            "45875200" : 213,
            "46399488" : 251,