{
  "fio version" : "fio-3.8",
  "timestamp" : 1543284516,
  "timestamp_ms" : 1543284516312,
  "time" : "Tue Nov 27 02:08:36 2018",
  "jobs" : [
    {
      "jobname" : "wipc",
      "groupid" : 0,
      "error" : 0,
      "eta" : 0,
      "elapsed" : 1410,
      "job options" : {
        "ioengine" : "libaio",
        "group_reporting" : "1",
        "direct" : "1",
        "rw" : "write",
        "bssplit" : "128KB",
        "numjobs" : "2",
        "iodepth" : "16",
        "size" : "75%",
        "io_size" : "128035676160B",
        "filename" : "/dev/sda"
      },
      "read" : {
        "io_bytes" : 0,
        "io_kbytes" : 0,
        "bw_bytes" : 0,
        "bw" : 0,
        "iops" : 0.000000,
        "runtime" : 0,
        "total_ios" : 0,
        "short_ios" : 0,
        "drop_ios" : 0,
        "slat_ns" : {
          "min" : 0,
          "max" : 0,
          "mean" : 0.000000,
          "stddev" : 0.000000
        },
        "clat_ns" : {
          "min" : 0,
          "max" : 0,
          "mean" : 0.000000,
          "stddev" : 0.000000,
          "percentile" : {
            "1.000000" : 0,
            "5.000000" : 0,
            "10.000000" : 0,
            "20.000000" : 0,
            "30.000000" : 0,
            "40.000000" : 0,
            "50.000000" : 0,
            "60.000000" : 0,
            "70.000000" : 0,
            "80.000000" : 0,
            "90.000000" : 0,
            "95.000000" : 0,
            "99.000000" : 0,
            "99.500000" : 0,
            "99.900000" : 0,
            "99.950000" : 0,
            "99.990000" : 0
          },
          "bins" : {

          }
        },
        "lat_ns" : {
          "min" : 0,
          "max" : 0,
          "mean" : 0.000000,
          "stddev" : 0.000000
        },
        "bw_min" : 0,
        "bw_max" : 0,
        "bw_agg" : 0.000000,
        "bw_mean" : 0.000000,
        "bw_dev" : 0.000000,
        "bw_samples" : 0,
        "iops_min" : 0,
        "iops_max" : 0,
        "iops_mean" : 0.000000,
        "iops_stddev" : 0.000000,
        "iops_samples" : 0
      },
      "write" : {
        "io_bytes" : 256071434240,
        "io_kbytes" : 250069760,
        "bw_bytes" : 181673565,
        "bw" : 177415,
        "iops" : 1386.059308,
        "runtime" : 1409514,
        "total_ios" : 1953670,
        "short_ios" : 0,
        "drop_ios" : 0,
        "slat_ns" : {
          "min" : 22750,
          "max" : 14276500,
          "mean" : 60390.239913,
          "stddev" : 65340.278022
        },
        "clat_ns" : {
          "min" : 1769250,
          "max" : 119220833,
          "mean" : 23016881.132939,
          "stddev" : 15820187.601872,
          "percentile" : {
            "1.000000" : 12124160,
            "5.000000" : 12517376,
            "10.000000" : 12648448,
            "20.000000" : 12910592,
            "30.000000" : 13172736,
            "40.000000" : 13434880,
            "50.000000" : 13828096,
            "60.000000" : 14352384,
            "70.000000" : 26083328,
            "80.000000" : 36438016,
            "90.000000" : 54263808,
            "95.000000" : 56885248,
            "99.000000" : 63176704,
            "99.500000" : 64749568,
            "99.900000" : 78118912,
            "99.950000" : 85458944,
            "99.990000" : 99090432
          },
          "bins" : {
            "1761280" : 1,
            "1925120" : 1,
            "1941504" : 1,
            "1990656" : 1,
            "2146304" : 1,
            "2179072" : 2,
            "2211840" : 1,
            "2244608" : 3,
            "2572288" : 1,
            "2670592" : 1,
            "2801664" : 1,
            "3227648" : 1,
            "3424256" : 1,
            "3686400" : 1,
            "3817472" : 1,
            "3883008" : 1,
            "4014080" : 1,
            "4177920" : 1,
            "4227072" : 2,
            "4423680" : 1,
            "4620288" : 1,
            "4685824" : 2,
            "4751360" : 2,
            "4816896" : 1,
            "4882432" : 2,
            "4947968" : 2,
            "5013504" : 1,
            "5079040" : 3,
            "5144576" : 3,
            "5210112" : 4,
            "5341184" : 4,
            "5406720" : 1,
            "5472256" : 4,
            "5537792" : 2,
            "5603328" : 4,
            "5668864" : 1,
            "5799936" : 6,
            "5865472" : 3,
            "5931008" : 13,
            "5996544" : 26,
            "6062080" : 6,
            "6127616" : 8,
            "6193152" : 15,
            "6258688" : 4,
            "6324224" : 16,
            "6389760" : 30,
            "6455296" : 45,
            "6520832" : 49,
            "6586368" : 26,
            "6651904" : 27,
            "6717440" : 37,
            "6782976" : 24,
            "6848512" : 21,
            "6914048" : 19,
            "6979584" : 6,
            "7045120" : 16,
            "7110656" : 26,
            "7176192" : 26,
            "7241728" : 41,
            "7307264" : 23,
            "7372800" : 28,
            "7438336" : 25,
            "7503872" : 22,
            "7569408" : 24,
            "7634944" : 35,
            "7700480" : 28,
            "7766016" : 23,
            "7831552" : 29,
            "7897088" : 48,
            "7962624" : 34,
            "8028160" : 38,
            "8093696" : 25,
            "8159232" : 51,
            "8224768" : 56,
            "8290304" : 25,
            "8355840" : 47,
            "8454144" : 86,
            "8585216" : 100,
            "8716288" : 96,
            "8847360" : 108,
            "8978432" : 113,
            "9109504" : 115,
            "9240576" : 156,
            "9371648" : 124,
            "9502720" : 144,
            "9633792" : 143,
            "9764864" : 178,
            "9895936" : 168,
            "10027008" : 203,
            "10158080" : 208,
            "10289152" : 273,
            "10420224" : 314,
            "10551296" : 394,
            "10682368" : 433,
            "10813440" : 571,
            "10944512" : 625,
            "11075584" : 655,
            "11206656" : 773,
            "11337728" : 908,
            "11468800" : 1103,
            "11599872" : 1458,
            "11730944" : 1905,
            "11862016" : 2418,
            "11993088" : 4292,
            "12124160" : 8419,
            "12255232" : 18590,
            "12386304" : 38216,
            "12517376" : 63923,
            "12648448" : 87911,
            "12779520" : 101058,
            "12910592" : 105977,
            "13041664" : 106094,
            "13172736" : 100570,
            "13303808" : 91789,
            "13434880" : 80248,
            "13565952" : 70767,
            "13697024" : 61298,
            "13828096" : 54441,
            "13959168" : 49040,
            "14090240" : 44790,
            "14221312" : 40021,
            "14352384" : 37701,
            "14483456" : 34735,
            "14614528" : 30013,
            "14745600" : 24925,
            "14876672" : 19706,
            "15007744" : 15527,
            "15138816" : 11991,
            "15269888" : 9228,
            "15400960" : 7295,
            "15532032" : 5580,
            "15663104" : 4394,
            "15794176" : 3538,
            "15925248" : 2583,
            "16056320" : 2018,
            "16187392" : 1640,
            "16318464" : 1180,
            "16449536" : 1051,
            "16580608" : 710,
            "16711680" : 526,
            "16908288" : 838,
            "17170432" : 749,
            "17432576" : 564,
            "17694720" : 423,
            "17956864" : 334,
            "18219008" : 313,
            "18481152" : 305,
            "18743296" : 300,
            "19005440" : 293,
            "19267584" : 244,
            "19529728" : 175,
            "19791872" : 180,
            "20054016" : 130,
            "20316160" : 104,
            "20578304" : 110,
            "20840448" : 101,
            "21102592" : 77,
            "21364736" : 57,
            "21626880" : 54,
            "21889024" : 57,