{
  "fio version" : "fio-3.8",
  "timestamp" : 1545375254,
  "timestamp_ms" : 1545375254850,
  "time" : "Thu Dec 20 22:54:14 2018",
  "jobs" : [
    {
      "jobname" : "wipc",
      "groupid" : 0,
      "error" : 0,
      "eta" : 0,
      "elapsed" : 1514,
      "job options" : {
        "ioengine" : "libaio",
        "group_reporting" : "1",
        "direct" : "1",
        "rw" : "write",
        "bssplit" : "128KB",
        "numjobs" : "2",
        "iodepth" : "16",
        "size" : "100%",
        "io_size" : "128035676160B",
        "filename" : "/dev/sda"
      },
      "read" : {
        "io_bytes" : 0,
        "io_kbytes" : 0,
        "bw_bytes" : 0,
        "bw" : 0,
        "iops" : 0.000000,
        "runtime" : 0,
        "total_ios" : 0,
        "short_ios" : 0,
        "drop_ios" : 0,
        "slat_ns" : {
          "min" : 0,
          "max" : 0,
          "mean" : 0.000000,
          "stddev" : 0.000000
        },
        "clat_ns" : {
          "min" : 0,
          "max" : 0,
          "mean" : 0.000000,
          "stddev" : 0.000000,
          "percentile" : {
            "1.000000" : 0,
            "5.000000" : 0,
            "10.000000" : 0,
            "20.000000" : 0,
            "30.000000" : 0,
            "40.000000" : 0,
            "50.000000" : 0,
            "60.000000" : 0,
            "70.000000" : 0,
            "80.000000" : 0,
            "90.000000" : 0,
            "95.000000" : 0,
            "99.000000" : 0,
            "99.500000" : 0,
            "99.900000" : 0,
            "99.950000" : 0,
            "99.990000" : 0
          },
          "bins" : {

          }
        },
        "lat_ns" : {
          "min" : 0,
          "max" : 0,
          "mean" : 0.000000,
          "stddev" : 0.000000
        },
        "bw_min" : 0,
        "bw_max" : 0,
        "bw_agg" : 0.000000,
        "bw_mean" : 0.000000,
        "bw_dev" : 0.000000,
        "bw_samples" : 0,
        "iops_min" : 0,
        "iops_max" : 0,
        "iops_mean" : 0.000000,
        "iops_stddev" : 0.000000,
        "iops_samples" : 0
      },
      "write" : {
        "io_bytes" : 256071172096,
        "io_kbytes" : 250069504,
        "bw_bytes" : 169174625,
        "bw" : 165209,
        "iops" : 1290.699964,
        "runtime" : 1513650,
        "total_ios" : 1953668,
        "short_ios" : 0,
        "drop_ios" : 0,
        "slat_ns" : {
          "min" : 6199,
          "max" : 350051,
          "mean" : 15273.546160,
          "stddev" : 4492.466189
        },
        "clat_ns" : {
          "min" : 813654,
          "max" : 90534176,
          "mean" : 24774358.862090,
          "stddev" : 15979218.756537,
          "percentile" : {
            "1.000000" : 12910592,
            "5.000000" : 13041664,
            "10.000000" : 13303808,
            "20.000000" : 13565952,
            "30.000000" : 13697024,
            "40.000000" : 14090240,
            "50.000000" : 14483456,
            "60.000000" : 15138816,
            "70.000000" : 34865152,
            "80.000000" : 37486592,
            "90.000000" : 54788096,
            "95.000000" : 57409536,
            "99.000000" : 62652416,
            "99.500000" : 64749568,
            "99.900000" : 71827456,
            "99.950000" : 74973184,
            "99.990000" : 82313216
          },
          "bins" : {
            "815104" : 1,
            "1286144" : 1,
            "1384448" : 1,
            "2023424" : 1,
            "2408448" : 1,
            "2768896" : 1,
            "3227648" : 1,
            "3588096" : 1,
            "3948544" : 1,
            "4292608" : 1,
            "4620288" : 1,
            "5013504" : 1,
            "5406720" : 1,
            "5799936" : 1,
            "6193152" : 1,
            "6520832" : 1,
            "6914048" : 1,
            "7307264" : 1,
            "7700480" : 1,
            "8028160" : 1,
            "8454144" : 1,
            "8716288" : 1,
            "9633792" : 1,
            "10027008" : 1,
            "10289152" : 1,
            "10682368" : 1,
            "11599872" : 2,
            "11730944" : 13,
            "11862016" : 36,
            "11993088" : 120,
            "12124160" : 156,
            "12255232" : 306,
            "12386304" : 700,
            "12517376" : 1455,
            "12648448" : 4223,
            "12779520" : 11495,
            "12910592" : 27823,
            "13041664" : 56211,
            "13172736" : 79706,
            "13303808" : 96149,
            "13434880" : 104159,
            "13565952" : 105272,
            "13697024" : 101953,
            "13828096" : 93762,
            "13959168" : 83046,
            "14090240" : 70351,
            "14221312" : 62528,
            "14352384" : 57922,
            "14483456" : 54712,
            "14614528" : 47532,
            "14745600" : 38686,
            "14876672" : 32576,
            "15007744" : 29584,
            "15138816" : 26175,
            "15269888" : 21211,
            "15400960" : 16828,
            "15532032" : 12141,
            "15663104" : 8304,
            "15794176" : 5296,
            "15925248" : 3279,
            "16056320" : 1840,
            "16187392" : 1002,
            "16318464" : 529,
            "16449536" : 337,
            "16580608" : 171,
            "16711680" : 124,
            "16908288" : 173,
            "17170432" : 150,
            "17432576" : 165,
            "17694720" : 131,
            "17956864" : 42,
            "18219008" : 12,
            "18481152" : 16,
            "18743296" : 24,
            "19005440" : 26,
            "19267584" : 72,
            "19529728" : 83,
            "19791872" : 73,
            "20054016" : 84,
            "20316160" : 63,
            "20578304" : 64,
            "20840448" : 78,
            "21102592" : 39,
            "21364736" : 40,
            "21626880" : 16,
            "21889024" : 15,
            "22151168" : 12,
            "22413312" : 10,
            "22675456" : 1,
            "23199744" : 5,
            "23461888" : 2,
            "23724032" : 2,
            "23986176" : 3,
            "24248320" : 8,
            "24510464" : 2,
            "24772608" : 21,
            "25034752" : 15,
            "25296896" : 13,
            "25559040" : 16,
            "25821184" : 56,
            "26083328" : 86,
            "26345472" : 404,
            "26607616" : 2573,
            "26869760" : 4928,
            "27131904" : 3677,
            "27394048" : 1971,
            "27656192" : 1581,
            "27918336" : 754,
            "28180480" : 416,
            "28442624" : 423,
            "28704768" : 459,
            "28966912" : 378,
            "29229056" : 239,
            "29491200" : 246,
            "29753344" : 199,
            "30015488" : 249,
            "30277632" : 316,
            "30539776" : 442,
            "30801920" : 465,
            "31064064" : 636,
            "31326208" : 879,
            "31588352" : 1052,
            "31850496" : 1429,
            "32112640" : 1922,
            "32374784" : 2739,
            "32636928" : 3821,
            "32899072" : 5231,
            "33161216" : 7150,
            "33423360" : 9233,
            "33816576" : 23556,
            "34340864" : 30143,
            "34865152" : 37633,
            "35389440" : 44040,
            "35913728" : 42842,
            "36438016" : 36863,
            "36962304" : 32682,
            "37486592" : 26443,
            "38010880" : 18361,
            "38535168" : 13087,
            "39059456" : 10702,
            "39583744" : 9069,
            "40108032" : 8392,
            "40632320" : 7690,
            "41156608" : 6499,
            "41680896" : 5116,
            "42205184" : 3805,
            "42729472" : 2535,
            "43253760" : 1693,
            "43778048" : 977,
            "44302336" : 546,
            "44826624" : 332,
            "45350912" : 188,
            "45875200" : 155,
            "46399488" : 123,
            "46923776" : 211,
            "47448064" : 378,