{
  "fio version" : "fio-3.8",
  "timestamp" : 1545382148,
  "timestamp_ms" : 1545382148378,
  "time" : "Fri Dec 21 00:49:08 2018",
  "jobs" : [
    {
      "jobname" : "wipc",
      "groupid" : 0,
      "error" : 0,
      "eta" : 0,
      "elapsed" : 1510,
      "job options" : {
        "ioengine" : "libaio",
        "group_reporting" : "1",
        "direct" : "1",
        "rw" : "write",
        "bssplit" : "128KB",
        "numjobs" : "2",
        "iodepth" : "16",
        "size" : "100%",
        "io_size" : "128035676160B",
        "filename" : "/dev/sda"
      },
      "read" : {
        "io_bytes" : 0,
        "io_kbytes" : 0,
        "bw_bytes" : 0,
        "bw" : 0,
        "iops" : 0.000000,
        "runtime" : 0,
        "total_ios" : 0,
        "short_ios" : 0,
        "drop_ios" : 0,
        "slat_ns" : {
          "min" : 0,
          "max" : 0,
          "mean" : 0.000000,
          "stddev" : 0.000000
        },
        "clat_ns" : {
          "min" : 0,
          "max" : 0,
          "mean" : 0.000000,
          "stddev" : 0.000000,
          "percentile" : {
            "1.000000" : 0,
            "5.000000" : 0,
            "10.000000" : 0,
            "20.000000" : 0,
            "30.000000" : 0,
            "40.000000" : 0,
            "50.000000" : 0,
            "60.000000" : 0,
            "70.000000" : 0,
            "80.000000" : 0,
            "90.000000" : 0,
            "95.000000" : 0,
            "99.000000" : 0,
            "99.500000" : 0,
            "99.900000" : 0,
            "99.950000" : 0,
            "99.990000" : 0
          },
          "bins" : {

          }
        },
        "lat_ns" : {
          "min" : 0,
          "max" : 0,
          "mean" : 0.000000,
          "stddev" : 0.000000
        },
        "bw_min" : 0,
        "bw_max" : 0,
        "bw_agg" : 0.000000,
        "bw_mean" : 0.000000,
        "bw_dev" : 0.000000,
        "bw_samples" : 0,
        "iops_min" : 0,
        "iops_max" : 0,
        "iops_mean" : 0.000000,
        "iops_stddev" : 0.000000,
        "iops_samples" : 0
      },
      "write" : {
        "io_bytes" : 256071172096,
        "io_kbytes" : 250069504,
        "bw_bytes" : 169673113,
        "bw" : 165696,
        "iops" : 1294.503125,
        "runtime" : 1509203,
        "total_ios" : 1953668,
        "short_ios" : 0,
        "drop_ios" : 0,
        "slat_ns" : {
          "min" : 6137,
          "max" : 378364,
          "mean" : 14710.871078,
          "stddev" : 4447.438184
        },
        "clat_ns" : {
          "min" : 494718,
          "max" : 108505389,
          "mean" : 24702040.370376,
          "stddev" : 15615211.712696,
          "percentile" : {
            "1.000000" : 12910592,
            "5.000000" : 13172736,
            "10.000000" : 13303808,
            "20.000000" : 13565952,
            "30.000000" : 13828096,
            "40.000000" : 14090240,
            "50.000000" : 14483456,
            "60.000000" : 15269888,
            "70.000000" : 34340864,
            "80.000000" : 36962304,
            "90.000000" : 54263808,
            "95.000000" : 56885248,
            "99.000000" : 62128128,
            "99.500000" : 63700992,
            "99.900000" : 71827456,
            "99.950000" : 73924608,
            "99.990000" : 80216064
          },
          "bins" : {
            "493568" : 1,
            "1384448" : 1,
            "1400832" : 1,
            "2146304" : 1,
            "2539520" : 1,
            "2899968" : 1,
            "3325952" : 1,
            "3686400" : 1,
            "4046848" : 1,
            "4423680" : 1,
            "4751360" : 1,
            "5144576" : 1,
            "5603328" : 1,
            "5996544" : 1,
            "6389760" : 1,
            "6782976" : 1,
            "7110656" : 1,
            "7503872" : 1,
            "7831552" : 1,
            "8224768" : 1,
            "8585216" : 1,
            "8978432" : 1,
            "9633792" : 1,
            "10027008" : 1,
            "10289152" : 1,
            "10420224" : 1,
            "10682368" : 1,
            "10813440" : 1,
            "11075584" : 2,
            "11206656" : 1,
            "11337728" : 11,
            "11468800" : 29,
            "11599872" : 56,
            "11730944" : 77,
            "11862016" : 109,
            "11993088" : 139,
            "12124160" : 155,
            "12255232" : 204,
            "12386304" : 362,
            "12517376" : 724,
            "12648448" : 2474,
            "12779520" : 8327,
            "12910592" : 22934,
            "13041664" : 48170,
            "13172736" : 75943,
            "13303808" : 90821,
            "13434880" : 98155,
            "13565952" : 100402,
            "13697024" : 100480,
            "13828096" : 94431,
            "13959168" : 87738,
            "14090240" : 75198,
            "14221312" : 62644,
            "14352384" : 56126,
            "14483456" : 53966,
            "14614528" : 48643,
            "14745600" : 42290,
            "14876672" : 35482,
            "15007744" : 31567,
            "15138816" : 27302,
            "15269888" : 23834,
            "15400960" : 18037,
            "15532032" : 13907,
            "15663104" : 9062,
            "15794176" : 5872,
            "15925248" : 3738,
            "16056320" : 2156,
            "16187392" : 1171,
            "16318464" : 681,
            "16449536" : 348,
            "16580608" : 231,
            "16711680" : 122,
            "16908288" : 173,
            "17170432" : 173,
            "17432576" : 207,
            "17694720" : 90,
            "17956864" : 40,
            "18219008" : 18,
            "18481152" : 16,
            "18743296" : 14,
            "19005440" : 33,
            "19267584" : 47,
            "19529728" : 64,
            "19791872" : 54,
            "20054016" : 53,
            "20316160" : 73,
            "20578304" : 96,
            "20840448" : 73,
            "21102592" : 60,
            "21364736" : 43,
            "21626880" : 37,
            "21889024" : 24,
            "22151168" : 17,
            "22413312" : 15,
            "22675456" : 6,
            "22937600" : 3,
            "23199744" : 5,
            "23461888" : 3,
            "23724032" : 4,
            "23986176" : 1,
            "24248320" : 11,
            "24510464" : 4,
            "24772608" : 5,
            "25034752" : 11,
            "25296896" : 22,
            "25559040" : 34,
            "25821184" : 41,
            "26083328" : 83,
            "26345472" : 369,
            "26607616" : 1521,
            "26869760" : 3057,
            "27131904" : 3309,
            "27394048" : 1953,
            "27656192" : 1360,
            "27918336" : 1224,
            "28180480" : 1075,
            "28442624" : 1318,
            "28704768" : 1213,
            "28966912" : 718,
            "29229056" : 442,
            "29491200" : 370,
            "29753344" : 298,
            "30015488" : 315,
            "30277632" : 330,
            "30539776" : 445,
            "30801920" : 644,
            "31064064" : 839,
            "31326208" : 1078,
            "31588352" : 1534,
            "31850496" : 2060,
            "32112640" : 2824,
            "32374784" : 3908,
            "32636928" : 5426,
            "32899072" : 7728,
            "33161216" : 9934,
            "33423360" : 12073,
            "33816576" : 30599,
            "34340864" : 36813,
            "34865152" : 44501,
            "35389440" : 47301,
            "35913728" : 43939,
            "36438016" : 36376,
            "36962304" : 30920,
            "37486592" : 23970,
            "38010880" : 16977,
            "38535168" : 12470,
            "39059456" : 10726,
            "39583744" : 9443,
            "40108032" : 8199,
            "40632320" : 6928,
            "41156608" : 5752,
            "41680896" : 4206,
            "42205184" : 3006,
            "42729472" : 2049,
            "43253760" : 1442,
            "43778048" : 848,