{
  "fio version" : "fio-3.8",
  "timestamp" : 1542488888,
  "timestamp_ms" : 1542488888843,
  "time" : "Sat Nov 17 21:08:08 2018",
  "jobs" : [
    {
      "jobname" : "wipc",
      "groupid" : 0,
      "error" : 0,
      "eta" : 0,
      "elapsed" : 1392,
      "job options" : {
        "ioengine" : "libaio",
        "group_reporting" : "1",
        "direct" : "1",
        "rw" : "write",
        "bssplit" : "128KB",
        "numjobs" : "2",
        "iodepth" : "16",
        "size" : "75%",
        "io_size" : "128035676160B",
        "filename" : "/dev/sda"
      },
      "read" : {
        "io_bytes" : 0,
        "io_kbytes" : 0,
        "bw_bytes" : 0,
        "bw" : 0,
        "iops" : 0.000000,
        "runtime" : 0,
        "total_ios" : 0,
        "short_ios" : 0,
        "drop_ios" : 0,
        "slat_ns" : {
          "min" : 0,
          "max" : 0,
          "mean" : 0.000000,
          "stddev" : 0.000000
        },
        "clat_ns" : {
          "min" : 0,
          "max" : 0,
          "mean" : 0.000000,
          "stddev" : 0.000000,
          "percentile" : {
            "1.000000" : 0,
            "5.000000" : 0,
            "10.000000" : 0,
            "20.000000" : 0,
            "30.000000" : 0,
            "40.000000" : 0,
            "50.000000" : 0,
            "60.000000" : 0,
            "70.000000" : 0,
            "80.000000" : 0,
            "90.000000" : 0,
            "95.000000" : 0,
            "99.000000" : 0,
            "99.500000" : 0,
            "99.900000" : 0,
            "99.950000" : 0,
            "99.990000" : 0
          },
          "bins" : {

          }
        },
        "lat_ns" : {
          "min" : 0,
          "max" : 0,
          "mean" : 0.000000,
          "stddev" : 0.000000
        },
        "bw_min" : 0,
        "bw_max" : 0,
        "bw_agg" : 0.000000,
        "bw_mean" : 0.000000,
        "bw_dev" : 0.000000,
        "bw_samples" : 0,
        "iops_min" : 0,
        "iops_max" : 0,
        "iops_mean" : 0.000000,
        "iops_stddev" : 0.000000,
        "iops_samples" : 0
      },
      "write" : {
        "io_bytes" : 256071434240,
        "io_kbytes" : 250069760,
        "bw_bytes" : 183992540,
        "bw" : 179680,
        "iops" : 1403.751682,
        "runtime" : 1391749,
        "total_ios" : 1953670,
        "short_ios" : 0,
        "drop_ios" : 0,
        "slat_ns" : {
          "min" : 22458,
          "max" : 22017334,
          "mean" : 59044.504977,
          "stddev" : 74385.984088
        },
        "clat_ns" : {
          "min" : 1832542,
          "max" : 123956291,
          "mean" : 22727635.254896,
          "stddev" : 15707800.224417,
          "percentile" : {
            "1.000000" : 12255232,
            "5.000000" : 12779520,
            "10.000000" : 12910592,
            "20.000000" : 13172736,
            "30.000000" : 13303808,
            "40.000000" : 13565952,
            "50.000000" : 13959168,
            "60.000000" : 14483456,
            "70.000000" : 15532032,
            "80.000000" : 36438016,
            "90.000000" : 54788096,
            "95.000000" : 57409536,
            "99.000000" : 63700992,
            "99.500000" : 65273856,
            "99.900000" : 78118912,
            "99.950000" : 87556096,
            "99.990000" : 101187584
          },
          "bins" : {
            "1826816" : 1,
            "1843200" : 4,
            "1892352" : 2,
            "1908736" : 2,
            "1925120" : 1,
            "2072576" : 1,
            "2146304" : 1,
            "2244608" : 4,
            "2277376" : 2,
            "2441216" : 1,
            "2506752" : 1,
            "2637824" : 1,
            "2768896" : 1,
            "2899968" : 1,
            "3031040" : 1,
            "3063808" : 1,
            "3129344" : 2,
            "3194880" : 1,
            "3391488" : 2,
            "3424256" : 1,
            "3457024" : 1,
            "3489792" : 1,
            "3522560" : 1,
            "3784704" : 1,
            "3817472" : 1,
            "3883008" : 1,
            "3915776" : 1,
            "3981312" : 2,
            "4046848" : 2,
            "4145152" : 2,
            "4227072" : 2,
            "4292608" : 2,
            "4358144" : 1,
            "4423680" : 1,
            "4489216" : 2,
            "4554752" : 10,
            "4620288" : 2,
            "4751360" : 6,
            "4882432" : 1,
            "4947968" : 6,
            "5013504" : 2,
            "5079040" : 3,
            "5144576" : 8,
            "5210112" : 4,
            "5275648" : 2,
            "5341184" : 2,
            "5406720" : 3,
            "5472256" : 2,
            "5537792" : 10,
            "5603328" : 3,
            "5668864" : 3,
            "5734400" : 5,
            "5799936" : 6,
            "5865472" : 14,
            "5931008" : 9,
            "5996544" : 13,
            "6062080" : 12,
            "6127616" : 9,
            "6193152" : 15,
            "6258688" : 16,
            "6324224" : 19,
            "6389760" : 11,
            "6455296" : 20,
            "6520832" : 45,
            "6586368" : 49,
            "6651904" : 43,
            "6717440" : 40,
            "6782976" : 30,
            "6848512" : 36,
            "6914048" : 63,
            "6979584" : 33,
            "7045120" : 27,
            "7110656" : 27,
            "7176192" : 34,
            "7241728" : 30,
            "7307264" : 30,
            "7372800" : 24,
            "7438336" : 32,
            "7503872" : 45,
            "7569408" : 27,
            "7634944" : 34,
            "7700480" : 26,
            "7766016" : 46,
            "7831552" : 24,
            "7897088" : 52,
            "7962624" : 45,
            "8028160" : 36,
            "8093696" : 35,
            "8159232" : 41,
            "8224768" : 46,
            "8290304" : 39,
            "8355840" : 62,
            "8454144" : 79,
            "8585216" : 86,
            "8716288" : 95,
            "8847360" : 105,
            "8978432" : 109,
            "9109504" : 105,
            "9240576" : 125,
            "9371648" : 136,
            "9502720" : 156,
            "9633792" : 150,
            "9764864" : 187,
            "9895936" : 197,
            "10027008" : 247,
            "10158080" : 252,
            "10289152" : 235,
            "10420224" : 263,
            "10551296" : 289,
            "10682368" : 357,
            "10813440" : 373,
            "10944512" : 468,
            "11075584" : 543,
            "11206656" : 609,
            "11337728" : 737,
            "11468800" : 755,
            "11599872" : 846,
            "11730944" : 1018,
            "11862016" : 1233,
            "11993088" : 1768,
            "12124160" : 2561,
            "12255232" : 4104,
            "12386304" : 8687,
            "12517376" : 19404,
            "12648448" : 41104,
            "12779520" : 74149,
            "12910592" : 104031,
            "13041664" : 119080,
            "13172736" : 117968,
            "13303808" : 110609,
            "13434880" : 102800,
            "13565952" : 92980,
            "13697024" : 84146,
            "13828096" : 72093,
            "13959168" : 58899,
            "14090240" : 49585,
            "14221312" : 43075,
            "14352384" : 39562,
            "14483456" : 36218,
            "14614528" : 35409,
            "14745600" : 33868,
            "14876672" : 29040,
            "15007744" : 24226,
            "15138816" : 18459,
            "15269888" : 14354,
            "15400960" : 10933,
            "15532032" : 8419,
            "15663104" : 6465,
            "15794176" : 4901,
            "15925248" : 3746,
            "16056320" : 2886,
            "16187392" : 2320,
            "16318464" : 1695,
            "16449536" : 1439,
            "16580608" : 1129,
            "16711680" : 887,
            "16908288" : 1209,
            "17170432" : 796,
            "17432576" : 639,
            "17694720" : 508,
            "17956864" : 417,