{
  "fio version" : "fio-3.8",
  "timestamp" : 1542436286,
  "timestamp_ms" : 1542436286722,
  "time" : "Sat Nov 17 06:31:26 2018",
  "jobs" : [
    {
      "jobname" : "wipc",
      "groupid" : 0,
      "error" : 0,
      "eta" : 0,
      "elapsed" : 1377,
      "job options" : {
        "ioengine" : "libaio",
        "group_reporting" : "1",
        "direct" : "1",
        "rw" : "write",
        "bssplit" : "128KB",
        "numjobs" : "2",
        "iodepth" : "16",
        "size" : "75%",
        "io_size" : "128035676160B",
        "filename" : "/dev/sda"
      },
      "read" : {
        "io_bytes" : 0,
        "io_kbytes" : 0,
        "bw_bytes" : 0,
        "bw" : 0,
        "iops" : 0.000000,
        "runtime" : 0,
        "total_ios" : 0,
        "short_ios" : 0,
        "drop_ios" : 0,
        "slat_ns" : {
          "min" : 0,
          "max" : 0,
          "mean" : 0.000000,
          "stddev" : 0.000000
        },
        "clat_ns" : {
          "min" : 0,
          "max" : 0,
          "mean" : 0.000000,
          "stddev" : 0.000000,
          "percentile" : {
            "1.000000" : 0,
            "5.000000" : 0,
            "10.000000" : 0,
            "20.000000" : 0,
            "30.000000" : 0,
            "40.000000" : 0,
            "50.000000" : 0,
            "60.000000" : 0,
            "70.000000" : 0,
            "80.000000" : 0,
            "90.000000" : 0,
            "95.000000" : 0,
            "99.000000" : 0,
            "99.500000" : 0,
            "99.900000" : 0,
            "99.950000" : 0,
            "99.990000" : 0
          },
          "bins" : {

          }
        },
        "lat_ns" : {
          "min" : 0,
          "max" : 0,
          "mean" : 0.000000,
          "stddev" : 0.000000
        },
        "bw_min" : 0,
        "bw_max" : 0,
        "bw_agg" : 0.000000,
        "bw_mean" : 0.000000,
        "bw_dev" : 0.000000,
        "bw_samples" : 0,
        "iops_min" : 0,
        "iops_max" : 0,
        "iops_mean" : 0.000000,
        "iops_stddev" : 0.000000,
        "iops_samples" : 0
      },
      "write" : {
        "io_bytes" : 256071434240,
        "io_kbytes" : 250069760,
        "bw_bytes" : 186011368,
        "bw" : 181651,
        "iops" : 1419.154117,
        "runtime" : 1376644,
        "total_ios" : 1953670,
        "short_ios" : 0,
        "drop_ios" : 0,
        "slat_ns" : {
          "min" : 22459,
          "max" : 19510458,
          "mean" : 58566.394777,
          "stddev" : 69154.865799
        },
        "clat_ns" : {
          "min" : 1900500,
          "max" : 122119417,
          "mean" : 22480290.844983,
          "stddev" : 15256354.379951,
          "percentile" : {
            "1.000000" : 12386304,
            "5.000000" : 12779520,
            "10.000000" : 12910592,
            "20.000000" : 13172736,
            "30.000000" : 13303808,
            "40.000000" : 13565952,
            "50.000000" : 13959168,
            "60.000000" : 14483456,
            "70.000000" : 15532032,
            "80.000000" : 35913728,
            "90.000000" : 53739520,
            "95.000000" : 56885248,
            "99.000000" : 63176704,
            "99.500000" : 65273856,
            "99.900000" : 77070336,
            "99.950000" : 84410368,
            "99.990000" : 100139008
          },
          "bins" : {
            "1892352" : 1,
            "2179072" : 1,
            "2310144" : 1,
            "2473984" : 2,
            "2605056" : 1,
            "2834432" : 1,
            "3522560" : 1,
            "3588096" : 1,
            "3719168" : 1,
            "3948544" : 1,
            "3981312" : 1,
            "4292608" : 1,
            "4423680" : 5,
            "4489216" : 12,
            "4620288" : 1,
            "4882432" : 4,
            "4947968" : 4,
            "5013504" : 5,
            "5144576" : 1,
            "5210112" : 2,
            "5406720" : 4,
            "5472256" : 1,
            "5603328" : 1,
            "5668864" : 1,
            "5734400" : 2,
            "5799936" : 3,
            "5865472" : 1,
            "5931008" : 3,
            "5996544" : 3,
            "6062080" : 6,
            "6127616" : 4,
            "6193152" : 1,
            "6258688" : 6,
            "6324224" : 3,
            "6389760" : 6,
            "6455296" : 6,
            "6520832" : 11,
            "6586368" : 7,
            "6651904" : 12,
            "6717440" : 15,
            "6782976" : 15,
            "6848512" : 11,
            "6914048" : 3,
            "6979584" : 14,
            "7045120" : 11,
            "7110656" : 10,
            "7176192" : 10,
            "7241728" : 10,
            "7307264" : 18,
            "7372800" : 12,
            "7438336" : 20,
            "7503872" : 15,
            "7569408" : 25,
            "7634944" : 26,
            "7700480" : 24,
            "7766016" : 21,
            "7831552" : 23,
            "7897088" : 32,
            "7962624" : 24,
            "8028160" : 25,
            "8093696" : 21,
            "8159232" : 24,
            "8224768" : 28,
            "8290304" : 36,
            "8355840" : 33,
            "8454144" : 67,
            "8585216" : 58,
            "8716288" : 59,
            "8847360" : 72,
            "8978432" : 93,
            "9109504" : 94,
            "9240576" : 89,
            "9371648" : 95,
            "9502720" : 104,
            "9633792" : 89,
            "9764864" : 103,
            "9895936" : 109,
            "10027008" : 108,
            "10158080" : 148,
            "10289152" : 153,
            "10420224" : 181,
            "10551296" : 207,
            "10682368" : 221,
            "10813440" : 315,
            "10944512" : 328,
            "11075584" : 426,
            "11206656" : 503,
            "11337728" : 587,
            "11468800" : 633,
            "11599872" : 724,
            "11730944" : 860,
            "11862016" : 1214,
            "11993088" : 1532,
            "12124160" : 2360,
            "12255232" : 4212,
            "12386304" : 8449,
            "12517376" : 18645,
            "12648448" : 39304,
            "12779520" : 71646,
            "12910592" : 102099,
            "13041664" : 118566,
            "13172736" : 121701,
            "13303808" : 116244,
            "13434880" : 105944,
            "13565952" : 97163,
            "13697024" : 86758,
            "13828096" : 72795,
            "13959168" : 59257,
            "14090240" : 49342,
            "14221312" : 43156,
            "14352384" : 38833,
            "14483456" : 35727,
            "14614528" : 33997,
            "14745600" : 33216,
            "14876672" : 28248,
            "15007744" : 23313,
            "15138816" : 18048,
            "15269888" : 13173,
            "15400960" : 9808,
            "15532032" : 7345,
            "15663104" : 5529,
            "15794176" : 4433,
            "15925248" : 3396,
            "16056320" : 2605,
            "16187392" : 1971,
            "16318464" : 1518,
            "16449536" : 1201,
            "16580608" : 997,
            "16711680" : 802,
            "16908288" : 971,
            "17170432" : 640,
            "17432576" : 601,
            "17694720" : 432,
            "17956864" : 320,
            "18219008" : 224,
            "18481152" : 197,
            "18743296" : 192,
            "19005440" : 200,
            "19267584" : 173,
            "19529728" : 156,
            "19791872" : 152,
            "20054016" : 138,
            "20316160" : 122,
            "20578304" : 107,
            "20840448" : 99,
            "21102592" : 91,
            "21364736" : 70,
            "21626880" : 60,
            "21889024" : 78,
            "22151168" : 50,
            "22413312" : 35,
            "22675456" : 34,
            "22937600" : 18,
            "23199744" : 33,
            "23461888" : 32,
            "23724032" : 39,
            "23986176" : 30,
            "24248320" : 41,
            "24510464" : 45,
            "24772608" : 64,