{
  "fio version" : "fio-3.8",
  "timestamp" : 1545032762,
  "timestamp_ms" : 1545032762968,
  "time" : "Sun Dec 16 23:46:02 2018",
  "jobs" : [
    {
      "jobname" : "wipc",
      "groupid" : 0,
      "error" : 0,
      "eta" : 0,
      "elapsed" : 1571,
      "job options" : {
        "ioengine" : "libaio",
        "group_reporting" : "1",
        "direct" : "1",
        "rw" : "write",
        "bssplit" : "128KB",
        "numjobs" : "2",
        "iodepth" : "16",
        "size" : "100%",
        "io_size" : "128035676160B",
        "filename" : "/dev/sdb"
      },
      "read" : {
        "io_bytes" : 0,
        "io_kbytes" : 0,
        "bw_bytes" : 0,
        "bw" : 0,
        "iops" : 0.000000,
        "runtime" : 0,
        "total_ios" : 0,
        "short_ios" : 0,
        "drop_ios" : 0,
        "slat_ns" : {
          "min" : 0,
          "max" : 0,
          "mean" : 0.000000,
          "stddev" : 0.000000
        },
        "clat_ns" : {
          "min" : 0,
          "max" : 0,
          "mean" : 0.000000,
          "stddev" : 0.000000,
          "percentile" : {
            "1.000000" : 0,
            "5.000000" : 0,
            "10.000000" : 0,
            "20.000000" : 0,
            "30.000000" : 0,
            "40.000000" : 0,
            "50.000000" : 0,
            "60.000000" : 0,
            "70.000000" : 0,
            "80.000000" : 0,
            "90.000000" : 0,
            "95.000000" : 0,
            "99.000000" : 0,
            "99.500000" : 0,
            "99.900000" : 0,
            "99.950000" : 0,
            "99.990000" : 0
          },
          "bins" : {

          }
        },
        "lat_ns" : {
          "min" : 0,
          "max" : 0,
          "mean" : 0.000000,
          "stddev" : 0.000000
        },
        "bw_min" : 0,
        "bw_max" : 0,
        "bw_agg" : 0.000000,
        "bw_mean" : 0.000000,
        "bw_dev" : 0.000000,
        "bw_samples" : 0,
        "iops_min" : 0,
        "iops_max" : 0,
        "iops_mean" : 0.000000,
        "iops_stddev" : 0.000000,
        "iops_samples" : 0
      },
      "write" : {
        "io_bytes" : 256071172096,
        "io_kbytes" : 250069504,
        "bw_bytes" : 163043670,
        "bw" : 159222,
        "iops" : 1243.924491,
        "runtime" : 1570568,
        "total_ios" : 1953668,
        "short_ios" : 0,
        "drop_ios" : 0,
        "slat_ns" : {
          "min" : 5677,
          "max" : 336662,
          "mean" : 15968.806122,
          "stddev" : 5260.217898
        },
        "clat_ns" : {
          "min" : 914813,
          "max" : 105550441,
          "mean" : 25701184.583774,
          "stddev" : 16914135.613101,
          "percentile" : {
            "1.000000" : 13434880,
            "5.000000" : 13697024,
            "10.000000" : 13828096,
            "20.000000" : 14090240,
            "30.000000" : 14483456,
            "40.000000" : 14745600,
            "50.000000" : 15269888,
            "60.000000" : 15925248,
            "70.000000" : 35389440,
            "80.000000" : 39059456,
            "90.000000" : 57409536,
            "95.000000" : 59506688,
            "99.000000" : 65273856,
            "99.500000" : 66846720,
            "99.900000" : 73924608,
            "99.950000" : 76021760,
            "99.990000" : 82313216
          },
          "bins" : {
            "913408" : 1,
            "1335296" : 1,
            "1368064" : 1,
            "2072576" : 1,
            "2441216" : 1,
            "2801664" : 1,
            "3424256" : 1,
            "3719168" : 1,
            "4112384" : 1,
            "4489216" : 1,
            "4816896" : 1,
            "5472256" : 1,
            "5799936" : 1,
            "5865472" : 1,
            "6127616" : 1,
            "6193152" : 2,
            "6258688" : 3,
            "6324224" : 5,
            "6389760" : 7,
            "6455296" : 2,
            "6520832" : 3,
            "6586368" : 7,
            "6651904" : 9,
            "6717440" : 12,
            "6782976" : 9,
            "6848512" : 14,
            "6914048" : 12,
            "6979584" : 18,
            "7045120" : 11,
            "7110656" : 6,
            "7176192" : 10,
            "7241728" : 8,
            "7307264" : 12,
            "7372800" : 20,
            "7438336" : 21,
            "7503872" : 9,
            "7569408" : 10,
            "7634944" : 8,
            "7700480" : 7,
            "7766016" : 4,
            "7831552" : 2,
            "7897088" : 2,
            "7962624" : 1,
            "8028160" : 3,
            "8093696" : 3,
            "8159232" : 4,
            "8224768" : 12,
            "8290304" : 8,
            "8355840" : 14,
            "8454144" : 23,
            "8585216" : 21,
            "8716288" : 29,
            "8847360" : 2,
            "8978432" : 2,
            "9109504" : 4,
            "9240576" : 3,
            "9371648" : 2,
            "9502720" : 1,
            "9764864" : 2,
            "10027008" : 1,
            "10158080" : 2,
            "10420224" : 1,
            "10551296" : 2,
            "10944512" : 1,
            "11075584" : 2,
            "11337728" : 2,
            "11468800" : 1,
            "11730944" : 2,
            "11862016" : 5,
            "11993088" : 14,
            "12124160" : 27,
            "12255232" : 58,
            "12386304" : 83,
            "12517376" : 104,
            "12648448" : 153,
            "12779520" : 248,
            "12910592" : 535,
            "13041664" : 1559,
            "13172736" : 4112,
            "13303808" : 10370,
            "13434880" : 24403,
            "13565952" : 44001,
            "13697024" : 64170,
            "13828096" : 77936,
            "13959168" : 85897,
            "14090240" : 88089,
            "14221312" : 89201,
            "14352384" : 88845,
            "14483456" : 83692,
            "14614528" : 73702,
            "14745600" : 64967,
            "14876672" : 58040,
            "15007744" : 54816,
            "15138816" : 52120,
            "15269888" : 48863,
            "15400960" : 44841,
            "15532032" : 41440,
            "15663104" : 36457,
            "15794176" : 32637,
            "15925248" : 27955,
            "16056320" : 22257,
            "16187392" : 17835,
            "16318464" : 14219,
            "16449536" : 10752,
            "16580608" : 8356,
            "16711680" : 6271,
            "16908288" : 8728,
            "17170432" : 5415,
            "17432576" : 4160,
            "17694720" : 2344,
            "17956864" : 1451,
            "18219008" : 621,
            "18481152" : 300,
            "18743296" : 141,
            "19005440" : 63,
            "19267584" : 69,
            "19529728" : 29,
            "19791872" : 35,
            "20054016" : 16,
            "20316160" : 40,
            "20578304" : 62,
            "20840448" : 98,
            "21102592" : 98,
            "21364736" : 85,
            "21626880" : 66,
            "21889024" : 63,
            "22151168" : 59,
            "22413312" : 55,
            "22675456" : 42,
            "22937600" : 23,
            "23199744" : 14,
            "23461888" : 10,
            "23724032" : 12,
            "23986176" : 10,
            "24248320" : 10,
            "24510464" : 5,
            "24772608" : 13,
            "25034752" : 17,
            "25296896" : 2,
            "25559040" : 26,
            "25821184" : 19,
            "26083328" : 8,
            "26345472" : 39,
            "26607616" : 78,
            "26869760" : 194,
            "27131904" : 495,
            "27394048" : 1708,
            "27656192" : 3151,
            "27918336" : 3123,
            "28180480" : 2028,
            "28442624" : 1605,
            "28704768" : 1406,
            "28966912" : 1404,
            "29229056" : 1237,
            "29491200" : 747,
            "29753344" : 367,
            "30015488" : 272,
            "30277632" : 193,
            "30539776" : 164,
            "30801920" : 216,