{
  "fio version" : "fio-3.8",
  "timestamp" : 1553271052,
  "timestamp_ms" : 1553271052842,
  "time" : "Fri Mar 22 09:10:52 2019",
  "jobs" : [
    {
      "jobname" : "wipc",
      "groupid" : 0,
      "error" : 0,
      "eta" : 0,
      "elapsed" : 1413,
      "job options" : {
        "ioengine" : "libaio",
        "group_reporting" : "1",
        "direct" : "1",
        "rw" : "write",
        "bssplit" : "128KB",
        "numjobs" : "2",
        "iodepth" : "16",
        "size" : "75%",
        "io_size" : "128035676160B",
        "filename" : "/dev/sdc"
      },
      "read" : {
        "io_bytes" : 0,
        "io_kbytes" : 0,
        "bw_bytes" : 0,
        "bw" : 0,
        "iops" : 0.000000,
        "runtime" : 0,
        "total_ios" : 0,
        "short_ios" : 0,
        "drop_ios" : 0,
        "slat_ns" : {
          "min" : 0,
          "max" : 0,
          "mean" : 0.000000,
          "stddev" : 0.000000
        },
        "clat_ns" : {
          "min" : 0,
          "max" : 0,
          "mean" : 0.000000,
          "stddev" : 0.000000,
          "percentile" : {
            "1.000000" : 0,
            "5.000000" : 0,
            "10.000000" : 0,
            "20.000000" : 0,
            "30.000000" : 0,
            "40.000000" : 0,
            "50.000000" : 0,
            "60.000000" : 0,
            "70.000000" : 0,
            "80.000000" : 0,
            "90.000000" : 0,
            "95.000000" : 0,
            "99.000000" : 0,
            "99.500000" : 0,
            "99.900000" : 0,
            "99.950000" : 0,
            "99.990000" : 0
          },
          "bins" : {

          }
        },
        "lat_ns" : {
          "min" : 0,
          "max" : 0,
          "mean" : 0.000000,
          "stddev" : 0.000000
        },
        "bw_min" : 0,
        "bw_max" : 0,
        "bw_agg" : 0.000000,
        "bw_mean" : 0.000000,
        "bw_dev" : 0.000000,
        "bw_samples" : 0,
        "iops_min" : 0,
        "iops_max" : 0,
        "iops_mean" : 0.000000,
        "iops_stddev" : 0.000000,
        "iops_samples" : 0
      },
      "write" : {
        "io_bytes" : 256071434240,
        "io_kbytes" : 250069760,
        "bw_bytes" : 181347542,
        "bw" : 177097,
        "iops" : 1383.571947,
        "runtime" : 1412048,
        "total_ios" : 1953670,
        "short_ios" : 0,
        "drop_ios" : 0,
        "slat_ns" : {
          "min" : 6436,
          "max" : 874200,
          "mean" : 18486.979742,
          "stddev" : 5353.694851
        },
        "clat_ns" : {
          "min" : 857253,
          "max" : 120516926,
          "mean" : 23103795.429754,
          "stddev" : 15333038.693434,
          "percentile" : {
            "1.000000" : 12910592,
            "5.000000" : 13172736,
            "10.000000" : 13434880,
            "20.000000" : 13697024,
            "30.000000" : 13828096,
            "40.000000" : 14221312,
            "50.000000" : 14614528,
            "60.000000" : 15007744,
            "70.000000" : 16187392,
            "80.000000" : 36438016,
            "90.000000" : 54788096,
            "95.000000" : 57409536,
            "99.000000" : 63176704,
            "99.500000" : 65273856,
            "99.900000" : 73924608,
            "99.950000" : 80216064,
            "99.990000" : 96993280
          },
          "bins" : {
            "856064" : 1,
            "1335296" : 1,
            "1351680" : 1,
            "2056192" : 1,
            "2408448" : 1,
            "2768896" : 1,
            "3260416" : 1,
            "3620864" : 1,
            "3981312" : 1,
            "4292608" : 1,
            "4685824" : 1,
            "5210112" : 1,
            "5537792" : 1,
            "5931008" : 1,
            "6258688" : 1,
            "6651904" : 1,
            "7045120" : 1,
            "7372800" : 1,
            "7766016" : 1,
            "7962624" : 1,
            "8093696" : 1,
            "8355840" : 1,
            "8454144" : 1,
            "8716288" : 3,
            "8978432" : 1,
            "9109504" : 3,
            "9502720" : 2,
            "9764864" : 2,
            "9895936" : 1,
            "10027008" : 1,
            "10158080" : 4,
            "10420224" : 3,
            "10551296" : 2,
            "10682368" : 3,
            "10813440" : 3,
            "10944512" : 4,
            "11075584" : 3,
            "11206656" : 1,
            "11337728" : 5,
            "11468800" : 14,
            "11599872" : 41,
            "11730944" : 65,
            "11862016" : 91,
            "11993088" : 141,
            "12124160" : 163,
            "12255232" : 210,
            "12386304" : 364,
            "12517376" : 681,
            "12648448" : 1805,
            "12779520" : 4758,
            "12910592" : 13749,
            "13041664" : 30937,
            "13172736" : 55157,
            "13303808" : 79015,
            "13434880" : 93857,
            "13565952" : 101800,
            "13697024" : 103799,
            "13828096" : 99538,
            "13959168" : 92296,
            "14090240" : 82044,
            "14221312" : 73148,
            "14352384" : 65938,
            "14483456" : 61196,
            "14614528" : 59718,
            "14745600" : 56272,
            "14876672" : 52017,
            "15007744" : 45921,
            "15138816" : 38820,
            "15269888" : 33582,
            "15400960" : 28917,
            "15532032" : 23567,
            "15663104" : 20087,
            "15794176" : 16790,
            "15925248" : 13158,
            "16056320" : 10087,
            "16187392" : 7877,
            "16318464" : 6273,
            "16449536" : 4854,
            "16580608" : 3861,
            "16711680" : 3005,
            "16908288" : 4824,
            "17170432" : 3527,
            "17432576" : 2212,
            "17694720" : 1049,
            "17956864" : 418,
            "18219008" : 192,
            "18481152" : 77,
            "18743296" : 53,
            "19005440" : 40,
            "19267584" : 36,
            "19529728" : 36,
            "19791872" : 51,
            "20054016" : 61,
            "20316160" : 83,
            "20578304" : 50,
            "20840448" : 79,
            "21102592" : 56,
            "21364736" : 55,
            "21626880" : 41,
            "21889024" : 38,
            "22151168" : 30,
            "22413312" : 20,
            "22675456" : 9,
            "22937600" : 9,
            "23199744" : 8,
            "23461888" : 5,
            "23724032" : 5,
            "23986176" : 2,
            "24248320" : 2,
            "24510464" : 1,
            "24772608" : 1,
            "25034752" : 2,
            "25296896" : 6,
            "25559040" : 14,
            "25821184" : 25,
            "26083328" : 56,
            "26345472" : 181,
            "26607616" : 1098,
            "26869760" : 3376,
            "27131904" : 4380,
            "27394048" : 3586,
            "27656192" : 2127,
            "27918336" : 1303,
            "28180480" : 805,
            "28442624" : 675,
            "28704768" : 656,
            "28966912" : 386,
            "29229056" : 251,
            "29491200" : 234,
            "29753344" : 246,
            "30015488" : 246,
            "30277632" : 241,
            "30539776" : 314,
            "30801920" : 333,
            "31064064" : 427,
            "31326208" : 495,
            "31588352" : 584,
            "31850496" : 792,
            "32112640" : 1018,
            "32374784" : 1195,
            "32636928" : 1660,
            "32899072" : 2192,
            "33161216" : 2926,
            "33423360" : 3891,
            "33816576" : 11314,
            "34340864" : 16367,
            "34865152" : 20372,
            "35389440" : 26196,
            "35913728" : 31154,
            "36438016" : 31056,
            "36962304" : 27384,
            "37486592" : 24808,
            "38010880" : 22247,
            "38535168" : 15953,
            "39059456" : 10934,
            "39583744" : 8502,
            "40108032" : 7078,