{
  "fio version" : "fio-3.8",
  "timestamp" : 1553066868,
  "timestamp_ms" : 1553066868299,
  "time" : "Wed Mar 20 00:27:48 2019",
  "jobs" : [
    {
      "jobname" : "wipc",
      "groupid" : 0,
      "error" : 0,
      "eta" : 0,
      "elapsed" : 1359,
      "job options" : {
        "ioengine" : "libaio",
        "group_reporting" : "1",
        "direct" : "1",
        "rw" : "write",
        "bssplit" : "128KB",
        "numjobs" : "2",
        "iodepth" : "16",
        "size" : "75%",
        "io_size" : "128035676160B",
        "filename" : "/dev/sdd"
      },
      "read" : {
        "io_bytes" : 0,
        "io_kbytes" : 0,
        "bw_bytes" : 0,
        "bw" : 0,
        "iops" : 0.000000,
        "runtime" : 0,
        "total_ios" : 0,
        "short_ios" : 0,
        "drop_ios" : 0,
        "slat_ns" : {
          "min" : 0,
          "max" : 0,
          "mean" : 0.000000,
          "stddev" : 0.000000
        },
        "clat_ns" : {
          "min" : 0,
          "max" : 0,
          "mean" : 0.000000,
          "stddev" : 0.000000,
          "percentile" : {
            "1.000000" : 0,
            "5.000000" : 0,
            "10.000000" : 0,
            "20.000000" : 0,
            "30.000000" : 0,
            "40.000000" : 0,
            "50.000000" : 0,
            "60.000000" : 0,
            "70.000000" : 0,
            "80.000000" : 0,
            "90.000000" : 0,
            "95.000000" : 0,
            "99.000000" : 0,
            "99.500000" : 0,
            "99.900000" : 0,
            "99.950000" : 0,
            "99.990000" : 0
          },
          "bins" : {

          }
        },
        "lat_ns" : {
          "min" : 0,
          "max" : 0,
          "mean" : 0.000000,
          "stddev" : 0.000000
        },
        "bw_min" : 0,
        "bw_max" : 0,
        "bw_agg" : 0.000000,
        "bw_mean" : 0.000000,
        "bw_dev" : 0.000000,
        "bw_samples" : 0,
        "iops_min" : 0,
        "iops_max" : 0,
        "iops_mean" : 0.000000,
        "iops_stddev" : 0.000000,
        "iops_samples" : 0
      },
      "write" : {
        "io_bytes" : 256071434240,
        "io_kbytes" : 250069760,
        "bw_bytes" : 188451467,
        "bw" : 184034,
        "iops" : 1437.770593,
        "runtime" : 1358819,
        "total_ios" : 1953670,
        "short_ios" : 0,
        "drop_ios" : 0,
        "slat_ns" : {
          "min" : 6193,
          "max" : 311090,
          "mean" : 17156.385308,
          "stddev" : 5303.930129
        },
        "clat_ns" : {
          "min" : 504267,
          "max" : 115989372,
          "mean" : 22234554.799426,
          "stddev" : 13987182.685325,
          "percentile" : {
            "1.000000" : 12779520,
            "5.000000" : 13041664,
            "10.000000" : 13172736,
            "20.000000" : 13434880,
            "30.000000" : 13697024,
            "40.000000" : 13959168,
            "50.000000" : 14352384,
            "60.000000" : 14745600,
            "70.000000" : 16187392,
            "80.000000" : 35389440,
            "90.000000" : 40632320,
            "95.000000" : 55312384,
            "99.000000" : 61079552,
            "99.500000" : 63176704,
            "99.900000" : 71827456,
            "99.950000" : 76021760,
            "99.990000" : 85458944
          },
          "bins" : {
            "505856" : 1,
            "1318912" : 1,
            "1384448" : 1,
            "2072576" : 1,
            "2408448" : 1,
            "2768896" : 1,
            "3096576" : 1,
            "3457024" : 1,
            "3817472" : 1,
            "4177920" : 1,
            "4554752" : 1,
            "4882432" : 1,
            "5275648" : 1,
            "5668864" : 1,
            "5996544" : 1,
            "6193152" : 2,
            "6324224" : 2,
            "6389760" : 1,
            "6455296" : 1,
            "6520832" : 9,
            "6586368" : 11,
            "6651904" : 7,
            "6717440" : 6,
            "6782976" : 4,
            "6848512" : 4,
            "6914048" : 9,
            "6979584" : 15,
            "7045120" : 6,
            "7110656" : 17,
            "7176192" : 7,
            "7241728" : 12,
            "7307264" : 16,
            "7372800" : 14,
            "7438336" : 22,
            "7503872" : 8,
            "7569408" : 15,
            "7634944" : 10,
            "7700480" : 5,
            "7766016" : 10,
            "7831552" : 9,
            "7897088" : 5,
            "7962624" : 9,
            "8028160" : 2,
            "8093696" : 5,
            "8159232" : 7,
            "8224768" : 5,
            "8290304" : 7,
            "8355840" : 10,
            "8454144" : 7,
            "8585216" : 10,
            "8716288" : 12,
            "8847360" : 5,
            "8978432" : 5,
            "9109504" : 3,
            "9240576" : 1,
            "9633792" : 2,
            "10027008" : 2,
            "10158080" : 1,
            "10289152" : 1,
            "10420224" : 3,
            "10682368" : 2,
            "10813440" : 2,
            "10944512" : 2,
            "11075584" : 1,
            "11206656" : 2,
            "11468800" : 7,
            "11599872" : 11,
            "11730944" : 43,
            "11862016" : 91,
            "11993088" : 143,
            "12124160" : 261,
            "12255232" : 420,
            "12386304" : 813,
            "12517376" : 2234,
            "12648448" : 7719,
            "12779520" : 23456,
            "12910592" : 50173,
            "13041664" : 77177,
            "13172736" : 93708,
            "13303808" : 102238,
            "13434880" : 103143,
            "13565952" : 102213,
            "13697024" : 94348,
            "13828096" : 83884,
            "13959168" : 76849,
            "14090240" : 72456,
            "14221312" : 65798,
            "14352384" : 61237,
            "14483456" : 55986,
            "14614528" : 51817,
            "14745600" : 46011,
            "14876672" : 40378,
            "15007744" : 34939,
            "15138816" : 29671,
            "15269888" : 23529,
            "15400960" : 18939,
            "15532032" : 15525,
            "15663104" : 11820,
            "15794176" : 8445,
            "15925248" : 5669,
            "16056320" : 3772,
            "16187392" : 2804,
            "16318464" : 2050,
            "16449536" : 1534,
            "16580608" : 1214,
            "16711680" : 926,
            "16908288" : 1405,
            "17170432" : 911,
            "17432576" : 491,
            "17694720" : 186,
            "17956864" : 76,
            "18219008" : 35,
            "18481152" : 10,
            "18743296" : 38,
            "19005440" : 44,
            "19267584" : 43,
            "19529728" : 56,
            "19791872" : 58,
            "20054016" : 53,
            "20316160" : 81,
            "20578304" : 48,
            "20840448" : 49,
            "21102592" : 43,
            "21364736" : 34,
            "21626880" : 24,
            "21889024" : 16,
            "22151168" : 8,
            "22413312" : 10,
            "22675456" : 3,
            "22937600" : 1,
            "23461888" : 8,
            "23724032" : 10,
            "23986176" : 4,
            "24248320" : 11,
            "24510464" : 11,
            "24772608" : 14,
            "25034752" : 75,
            "25296896" : 96,
            "25559040" : 109,
            "25821184" : 140,
            "26083328" : 224,
            "26345472" : 518,
            "26607616" : 2342,
            "26869760" : 4074,
            "27131904" : 3088,
            "27394048" : 2466,
            "27656192" : 2064,
            "27918336" : 1466,
            "28180480" : 1013,
            "28442624" : 834,
            "28704768" : 555,
            "28966912" : 421,
            "29229056" : 263,
            "29491200" : 223,
            "29753344" : 237,
            "30015488" : 324,
            "30277632" : 358,
            "30539776" : 501,
            "30801920" : 702,
            "31064064" : 894,