{
  "fio version" : "fio-3.8",
  "timestamp" : 1553303672,
  "timestamp_ms" : 1553303672930,
  "time" : "Fri Mar 22 18:14:32 2019",
  "jobs" : [
    {
      "jobname" : "wipc",
      "groupid" : 0,
      "error" : 0,
      "eta" : 0,
      "elapsed" : 1433,
      "job options" : {
        "ioengine" : "libaio",
        "group_reporting" : "1",
        "direct" : "1",
        "rw" : "write",
        "bssplit" : "128KB",
        "numjobs" : "2",
        "iodepth" : "16",
        "size" : "75%",
        "io_size" : "128035676160B",
        "filename" : "/dev/sde"
      },
      "read" : {
        "io_bytes" : 0,
        "io_kbytes" : 0,
        "bw_bytes" : 0,
        "bw" : 0,
        "iops" : 0.000000,
        "runtime" : 0,
        "total_ios" : 0,
        "short_ios" : 0,
        "drop_ios" : 0,
        "slat_ns" : {
          "min" : 0,
          "max" : 0,
          "mean" : 0.000000,
          "stddev" : 0.000000
        },
        "clat_ns" : {
          "min" : 0,
          "max" : 0,
          "mean" : 0.000000,
          "stddev" : 0.000000,
          "percentile" : {
            "1.000000" : 0,
            "5.000000" : 0,
            "10.000000" : 0,
            "20.000000" : 0,
            "30.000000" : 0,
            "40.000000" : 0,
            "50.000000" : 0,
            "60.000000" : 0,
            "70.000000" : 0,
            "80.000000" : 0,
            "90.000000" : 0,
            "95.000000" : 0,
            "99.000000" : 0,
            "99.500000" : 0,
            "99.900000" : 0,
            "99.950000" : 0,
            "99.990000" : 0
          },
          "bins" : {

          }
        },
        "lat_ns" : {
          "min" : 0,
          "max" : 0,
          "mean" : 0.000000,
          "stddev" : 0.000000
        },
        "bw_min" : 0,
        "bw_max" : 0,
        "bw_agg" : 0.000000,
        "bw_mean" : 0.000000,
        "bw_dev" : 0.000000,
        "bw_samples" : 0,
        "iops_min" : 0,
        "iops_max" : 0,
        "iops_mean" : 0.000000,
        "iops_stddev" : 0.000000,
        "iops_samples" : 0
      },
      "write" : {
        "io_bytes" : 256071434240,
        "io_kbytes" : 250069760,
        "bw_bytes" : 178814215,
        "bw" : 174623,
        "iops" : 1364.244200,
        "runtime" : 1432053,
        "total_ios" : 1953670,
        "short_ios" : 0,
        "drop_ios" : 0,
        "slat_ns" : {
          "min" : 5592,
          "max" : 373694,
          "mean" : 17954.995815,
          "stddev" : 5538.042426
        },
        "clat_ns" : {
          "min" : 871581,
          "max" : 127138438,
          "mean" : 23432638.401277,
          "stddev" : 15635340.009137,
          "percentile" : {
            "1.000000" : 13041664,
            "5.000000" : 13303808,
            "10.000000" : 13434880,
            "20.000000" : 13697024,
            "30.000000" : 13959168,
            "40.000000" : 14221312,
            "50.000000" : 14614528,
            "60.000000" : 15138816,
            "70.000000" : 16318464,
            "80.000000" : 36962304,
            "90.000000" : 55312384,
            "95.000000" : 57933824,
            "99.000000" : 63700992,
            "99.500000" : 65798144,
            "99.900000" : 77070336,
            "99.950000" : 85458944,
            "99.990000" : 100139008
          },
          "bins" : {
            "872448" : 1,
            "1335296" : 1,
            "1400832" : 1,
            "2088960" : 1,
            "2506752" : 1,
            "2899968" : 1,
            "3457024" : 1,
            "3751936" : 1,
            "4145152" : 1,
            "4489216" : 1,
            "4882432" : 1,
            "5799936" : 1,
            "6520832" : 4,
            "6586368" : 2,
            "6651904" : 3,
            "6717440" : 2,
            "6782976" : 3,
            "6848512" : 3,
            "6914048" : 8,
            "6979584" : 18,
            "7045120" : 14,
            "7110656" : 28,
            "7176192" : 22,
            "7241728" : 30,
            "7307264" : 23,
            "7372800" : 25,
            "7438336" : 26,
            "7503872" : 18,
            "7569408" : 31,
            "7634944" : 27,
            "7700480" : 19,
            "7766016" : 19,
            "7831552" : 8,
            "7897088" : 8,
            "7962624" : 11,
            "8028160" : 4,
            "8093696" : 3,
            "8159232" : 13,
            "8224768" : 16,
            "8290304" : 11,
            "8355840" : 16,
            "8454144" : 35,
            "8585216" : 33,
            "8716288" : 22,
            "8847360" : 16,
            "8978432" : 8,
            "9109504" : 10,
            "9240576" : 10,
            "9371648" : 2,
            "9633792" : 2,
            "9895936" : 1,
            "10027008" : 1,
            "10289152" : 2,
            "10420224" : 2,
            "10682368" : 4,
            "10813440" : 1,
            "10944512" : 1,
            "11075584" : 1,
            "11206656" : 1,
            "11337728" : 1,
            "11468800" : 1,
            "11599872" : 1,
            "11730944" : 1,
            "11862016" : 4,
            "11993088" : 19,
            "12124160" : 57,
            "12255232" : 98,
            "12386304" : 213,
            "12517376" : 451,
            "12648448" : 857,
            "12779520" : 2323,
            "12910592" : 6833,
            "13041664" : 18237,
            "13172736" : 39467,
            "13303808" : 63078,
            "13434880" : 83936,
            "13565952" : 97609,
            "13697024" : 102343,
            "13828096" : 104870,
            "13959168" : 101799,
            "14090240" : 92089,
            "14221312" : 77370,
            "14352384" : 67373,
            "14483456" : 61228,
            "14614528" : 59545,
            "14745600" : 58558,
            "14876672" : 54289,
            "15007744" : 47808,
            "15138816" : 42831,
            "15269888" : 38409,
            "15400960" : 34364,
            "15532032" : 29126,
            "15663104" : 23942,
            "15794176" : 18461,
            "15925248" : 14428,
            "16056320" : 11206,
            "16187392" : 8300,
            "16318464" : 6219,
            "16449536" : 4996,
            "16580608" : 4015,
            "16711680" : 3012,
            "16908288" : 4372,
            "17170432" : 2890,
            "17432576" : 1989,
            "17694720" : 1014,
            "17956864" : 464,
            "18219008" : 187,
            "18481152" : 122,
            "18743296" : 68,
            "19005440" : 34,
            "19267584" : 40,
            "19529728" : 51,
            "19791872" : 78,
            "20054016" : 60,
            "20316160" : 59,
            "20578304" : 61,
            "20840448" : 52,
            "21102592" : 69,
            "21364736" : 58,
            "21626880" : 41,
            "21889024" : 35,
            "22151168" : 48,
            "22413312" : 52,
            "22675456" : 19,
            "22937600" : 10,
            "23199744" : 7,
            "23461888" : 10,
            "23724032" : 1,
            "24772608" : 2,
            "25034752" : 10,
            "25296896" : 76,
            "25559040" : 199,
            "25821184" : 146,
            "26083328" : 69,
            "26345472" : 44,
            "26607616" : 166,
            "26869760" : 1444,
            "27131904" : 3166,
            "27394048" : 3152,
            "27656192" : 2608,
            "27918336" : 2107,
            "28180480" : 1680,
            "28442624" : 1350,
            "28704768" : 1163,
            "28966912" : 872,
            "29229056" : 505,
            "29491200" : 293,
            "29753344" : 256,
            "30015488" : 211,
            "30277632" : 240,
            "30539776" : 277,
            "30801920" : 312,
            "31064064" : 308,
            "31326208" : 423,
            "31588352" : 545,
            "31850496" : 591,
            "32112640" : 793,
            "32374784" : 1011,
            "32636928" : 1384,