{
  "fio version" : "fio-3.8",
  "timestamp" : 1553295975,
  "timestamp_ms" : 1553295975555,
  "time" : "Fri Mar 22 16:06:15 2019",
  "jobs" : [
    {
      "jobname" : "wipc",
      "groupid" : 0,
      "error" : 0,
      "eta" : 0,
      "elapsed" : 1444,
      "job options" : {
        "ioengine" : "libaio",
        "group_reporting" : "1",
        "direct" : "1",
        "rw" : "write",
        "bssplit" : "128KB",
        "numjobs" : "2",
        "iodepth" : "16",
        "size" : "75%",
        "io_size" : "128035676160B",
        "filename" : "/dev/sde"
      },
      "read" : {
        "io_bytes" : 0,
        "io_kbytes" : 0,
        "bw_bytes" : 0,
        "bw" : 0,
        "iops" : 0.000000,
        "runtime" : 0,
        "total_ios" : 0,
        "short_ios" : 0,
        "drop_ios" : 0,
        "slat_ns" : {
          "min" : 0,
          "max" : 0,
          "mean" : 0.000000,
          "stddev" : 0.000000
        },
        "clat_ns" : {
          "min" : 0,
          "max" : 0,
          "mean" : 0.000000,
          "stddev" : 0.000000,
          "percentile" : {
            "1.000000" : 0,
            "5.000000" : 0,
            "10.000000" : 0,
            "20.000000" : 0,
            "30.000000" : 0,
            "40.000000" : 0,
            "50.000000" : 0,
            "60.000000" : 0,
            "70.000000" : 0,
            "80.000000" : 0,
            "90.000000" : 0,
            "95.000000" : 0,
            "99.000000" : 0,
            "99.500000" : 0,
            "99.900000" : 0,
            "99.950000" : 0,
            "99.990000" : 0
          },
          "bins" : {

          }
        },
        "lat_ns" : {
          "min" : 0,
          "max" : 0,
          "mean" : 0.000000,
          "stddev" : 0.000000
        },
        "bw_min" : 0,
        "bw_max" : 0,
        "bw_agg" : 0.000000,
        "bw_mean" : 0.000000,
        "bw_dev" : 0.000000,
        "bw_samples" : 0,
        "iops_min" : 0,
        "iops_max" : 0,
        "iops_mean" : 0.000000,
        "iops_stddev" : 0.000000,
        "iops_samples" : 0
      },
      "write" : {
        "io_bytes" : 256071434240,
        "io_kbytes" : 250069760,
        "bw_bytes" : 177400760,
        "bw" : 173242,
        "iops" : 1353.460394,
        "runtime" : 1443463,
        "total_ios" : 1953670,
        "short_ios" : 0,
        "drop_ios" : 0,
        "slat_ns" : {
          "min" : 6798,
          "max" : 363301,
          "mean" : 16910.402787,
          "stddev" : 5807.566189
        },
        "clat_ns" : {
          "min" : 841664,
          "max" : 127926361,
          "mean" : 23620377.926212,
          "stddev" : 15616820.579233,
          "percentile" : {
            "1.000000" : 13041664,
            "5.000000" : 13303808,
            "10.000000" : 13434880,
            "20.000000" : 13697024,
            "30.000000" : 13959168,
            "40.000000" : 14221312,
            "50.000000" : 14614528,
            "60.000000" : 15138816,
            "70.000000" : 26345472,
            "80.000000" : 36962304,
            "90.000000" : 54788096,
            "95.000000" : 57409536,
            "99.000000" : 63700992,
            "99.500000" : 65273856,
            "99.900000" : 78118912,
            "99.950000" : 86507520,
            "99.990000" : 101187584
          },
          "bins" : {
            "839680" : 1,
            "1286144" : 1,
            "1433600" : 1,
            "2056192" : 1,
            "2441216" : 1,
            "2736128" : 1,
            "3293184" : 1,
            "3620864" : 1,
            "4046848" : 1,
            "4358144" : 1,
            "4751360" : 1,
            "5079040" : 1,
            "5668864" : 1,
            "6062080" : 1,
            "6455296" : 1,
            "6782976" : 1,
            "7045120" : 1,
            "7176192" : 1,
            "7372800" : 1,
            "7503872" : 2,
            "7569408" : 1,
            "7700480" : 1,
            "7831552" : 1,
            "7897088" : 2,
            "7962624" : 1,
            "8159232" : 2,
            "8224768" : 1,
            "8355840" : 3,
            "8454144" : 8,
            "8585216" : 7,
            "8716288" : 2,
            "8847360" : 8,
            "8978432" : 4,
            "9109504" : 7,
            "9240576" : 7,
            "9371648" : 5,
            "9502720" : 11,
            "9633792" : 21,
            "9764864" : 11,
            "9895936" : 7,
            "10027008" : 18,
            "10158080" : 9,
            "10289152" : 3,
            "10420224" : 3,
            "10551296" : 12,
            "10682368" : 3,
            "10813440" : 3,
            "10944512" : 5,
            "11075584" : 3,
            "11206656" : 4,
            "11468800" : 5,
            "11599872" : 27,
            "11730944" : 36,
            "11862016" : 78,
            "11993088" : 120,
            "12124160" : 143,
            "12255232" : 182,
            "12386304" : 230,
            "12517376" : 366,
            "12648448" : 774,
            "12779520" : 2205,
            "12910592" : 6772,
            "13041664" : 17801,
            "13172736" : 37648,
            "13303808" : 64658,
            "13434880" : 85499,
            "13565952" : 97398,
            "13697024" : 103306,
            "13828096" : 106498,
            "13959168" : 106373,
            "14090240" : 98349,
            "14221312" : 84281,
            "14352384" : 69480,
            "14483456" : 61484,
            "14614528" : 59365,
            "14745600" : 57520,
            "14876672" : 52011,
            "15007744" : 46217,
            "15138816" : 40324,
            "15269888" : 35561,
            "15400960" : 32424,
            "15532032" : 26459,
            "15663104" : 20385,
            "15794176" : 15218,
            "15925248" : 10918,
            "16056320" : 7488,
            "16187392" : 4856,
            "16318464" : 3417,
            "16449536" : 2629,
            "16580608" : 1944,
            "16711680" : 1322,
            "16908288" : 1757,
            "17170432" : 1038,
            "17432576" : 603,
            "17694720" : 437,
            "17956864" : 253,
            "18219008" : 176,
            "18481152" : 97,
            "18743296" : 64,
            "19005440" : 57,
            "19267584" : 66,
            "19529728" : 65,
            "19791872" : 85,
            "20054016" : 85,
            "20316160" : 88,
            "20578304" : 95,
            "20840448" : 91,
            "21102592" : 72,
            "21364736" : 55,
            "21626880" : 56,
            "21889024" : 40,
            "22151168" : 24,
            "22413312" : 15,
            "22675456" : 13,
            "22937600" : 12,
            "23199744" : 4,
            "23461888" : 5,
            "23724032" : 6,
            "24248320" : 1,
            "24510464" : 3,
            "24772608" : 4,
            "25034752" : 10,
            "25296896" : 11,
            "25559040" : 5,
            "25821184" : 24,
            "26083328" : 60,
            "26345472" : 139,
            "26607616" : 355,
            "26869760" : 1293,
            "27131904" : 3198,
            "27394048" : 3596,
            "27656192" : 2169,
            "27918336" : 1501,
            "28180480" : 1523,
            "28442624" : 1658,
            "28704768" : 1565,
            "28966912" : 897,
            "29229056" : 550,
            "29491200" : 354,
            "29753344" : 309,
            "30015488" : 250,
            "30277632" : 220,
            "30539776" : 283,
            "30801920" : 373,
            "31064064" : 433,
            "31326208" : 510,
            "31588352" : 588,
            "31850496" : 803,
            "32112640" : 1042,
            "32374784" : 1380,
            "32636928" : 1742,
            "32899072" : 2372,
            "33161216" : 3275,
            "33423360" : 4581,
            "33816576" : 12878,
            "34340864" : 17733,
            "34865152" : 22648,
            "35389440" : 28535,