{
  "fio version" : "fio-3.8",
  "timestamp" : 1546839010,
  "timestamp_ms" : 1546839010081,
  "time" : "Sun Jan  6 21:30:10 2019",
  "jobs" : [
    {
      "jobname" : "wipc",
      "groupid" : 0,
      "error" : 0,
      "eta" : 0,
      "elapsed" : 1387,
      "job options" : {
        "ioengine" : "libaio",
        "group_reporting" : "1",
        "direct" : "1",
        "rw" : "write",
        "bssplit" : "128KB",
        "numjobs" : "2",
        "iodepth" : "16",
        "size" : "75%",
        "io_size" : "128035676160B",
        "filename" : "/dev/sda"
      },
      "read" : {
        "io_bytes" : 0,
        "io_kbytes" : 0,
        "bw_bytes" : 0,
        "bw" : 0,
        "iops" : 0.000000,
        "runtime" : 0,
        "total_ios" : 0,
        "short_ios" : 0,
        "drop_ios" : 0,
        "slat_ns" : {
          "min" : 0,
          "max" : 0,
          "mean" : 0.000000,
          "stddev" : 0.000000
        },
        "clat_ns" : {
          "min" : 0,
          "max" : 0,
          "mean" : 0.000000,
          "stddev" : 0.000000,
          "percentile" : {
            "1.000000" : 0,
            "5.000000" : 0,
            "10.000000" : 0,
            "20.000000" : 0,
            "30.000000" : 0,
            "40.000000" : 0,
            "50.000000" : 0,
            "60.000000" : 0,
            "70.000000" : 0,
            "80.000000" : 0,
            "90.000000" : 0,
            "95.000000" : 0,
            "99.000000" : 0,
            "99.500000" : 0,
            "99.900000" : 0,
            "99.950000" : 0,
            "99.990000" : 0
          },
          "bins" : {

          }
        },
        "lat_ns" : {
          "min" : 0,
          "max" : 0,
          "mean" : 0.000000,
          "stddev" : 0.000000
        },
        "bw_min" : 0,
        "bw_max" : 0,
        "bw_agg" : 0.000000,
        "bw_mean" : 0.000000,
        "bw_dev" : 0.000000,
        "bw_samples" : 0,
        "iops_min" : 0,
        "iops_max" : 0,
        "iops_mean" : 0.000000,
        "iops_stddev" : 0.000000,
        "iops_samples" : 0
      },
      "write" : {
        "io_bytes" : 256071434240,
        "io_kbytes" : 250069760,
        "bw_bytes" : 184734798,
        "bw" : 180405,
        "iops" : 1409.414662,
        "runtime" : 1386157,
        "total_ios" : 1953670,
        "short_ios" : 0,
        "drop_ios" : 0,
        "slat_ns" : {
          "min" : 5374,
          "max" : 493142,
          "mean" : 12187.281418,
          "stddev" : 3148.381929
        },
        "clat_ns" : {
          "min" : 887407,
          "max" : 129842075,
          "mean" : 22685794.519282,
          "stddev" : 15504308.205084,
          "percentile" : {
            "1.000000" : 12779520,
            "5.000000" : 13041664,
            "10.000000" : 13172736,
            "20.000000" : 13434880,
            "30.000000" : 13697024,
            "40.000000" : 13828096,
            "50.000000" : 14221312,
            "60.000000" : 14614528,
            "70.000000" : 15400960,
            "80.000000" : 35913728,
            "90.000000" : 54263808,
            "95.000000" : 56885248,
            "99.000000" : 62652416,
            "99.500000" : 64749568,
            "99.900000" : 77070336,
            "99.950000" : 86507520,
            "99.990000" : 103284736
          },
          "bins" : {
            "888832" : 1,
            "1302528" : 1,
            "1400832" : 1,
            "2056192" : 1,
            "2473984" : 1,
            "2834432" : 1,
            "3293184" : 1,
            "3686400" : 1,
            "4079616" : 1,
            "4423680" : 1,
            "4816896" : 1,
            "5275648" : 1,
            "5668864" : 1,
            "5996544" : 1,
            "6389760" : 1,
            "6848512" : 1,
            "7176192" : 1,
            "7634944" : 1,
            "7897088" : 1,
            "8290304" : 1,
            "8716288" : 1,
            "9109504" : 1,
            "9502720" : 1,
            "9895936" : 1,
            "10289152" : 1,
            "10682368" : 1,
            "11075584" : 1,
            "11206656" : 3,
            "11337728" : 33,
            "11468800" : 58,
            "11599872" : 102,
            "11730944" : 134,
            "11862016" : 144,
            "11993088" : 194,
            "12124160" : 280,
            "12255232" : 383,
            "12386304" : 740,
            "12517376" : 1722,
            "12648448" : 5835,
            "12779520" : 17658,
            "12910592" : 40998,
            "13041664" : 72486,
            "13172736" : 96249,
            "13303808" : 110056,
            "13434880" : 115188,
            "13565952" : 119351,
            "13697024" : 116918,
            "13828096" : 103080,
            "13959168" : 84298,
            "14090240" : 67323,
            "14221312" : 62165,
            "14352384" : 60463,
            "14483456" : 57570,
            "14614528" : 50608,
            "14745600" : 42736,
            "14876672" : 38629,
            "15007744" : 34619,
            "15138816" : 30258,
            "15269888" : 24735,
            "15400960" : 19038,
            "15532032" : 12706,
            "15663104" : 8566,
            "15794176" : 6063,
            "15925248" : 4289,
            "16056320" : 3326,
            "16187392" : 2589,
            "16318464" : 1885,
            "16449536" : 1561,
            "16580608" : 1384,
            "16711680" : 971,
            "16908288" : 1295,
            "17170432" : 868,
            "17432576" : 427,
            "17694720" : 178,
            "17956864" : 74,
            "18219008" : 56,
            "18481152" : 40,
            "18743296" : 39,
            "19005440" : 62,
            "19267584" : 60,
            "19529728" : 71,
            "19791872" : 68,
            "20054016" : 66,
            "20316160" : 73,
            "20578304" : 60,
            "20840448" : 55,
            "21102592" : 40,
            "21364736" : 29,
            "21626880" : 22,
            "21889024" : 20,
            "22151168" : 7,
            "22413312" : 3,
            "22675456" : 3,
            "22937600" : 5,
            "23199744" : 1,
            "23461888" : 3,
            "23724032" : 1,
            "23986176" : 5,
            "24248320" : 1,
            "24772608" : 2,
            "25034752" : 2,
            "25296896" : 6,
            "25559040" : 24,
            "25821184" : 49,
            "26083328" : 179,
            "26345472" : 691,
            "26607616" : 2954,
            "26869760" : 4728,
            "27131904" : 3092,
            "27394048" : 1760,
            "27656192" : 1094,
            "27918336" : 1293,
            "28180480" : 1390,
            "28442624" : 1211,
            "28704768" : 734,
            "28966912" : 495,
            "29229056" : 326,
            "29491200" : 333,
            "29753344" : 293,
            "30015488" : 284,
            "30277632" : 325,
            "30539776" : 405,
            "30801920" : 418,
            "31064064" : 602,
            "31326208" : 751,
            "31588352" : 879,
            "31850496" : 1209,
            "32112640" : 1647,
            "32374784" : 2082,
            "32636928" : 2948,
            "32899072" : 3894,
            "33161216" : 4967,
            "33423360" : 5889,
            "33816576" : 14589,
            "34340864" : 18625,
            "34865152" : 23372,
            "35389440" : 27359,
            "35913728" : 25330,
            "36438016" : 21858,
            "36962304" : 21033,
            "37486592" : 17202,
            "38010880" : 11161,
            "38535168" : 8459,
            "39059456" : 6788,
            "39583744" : 5730,
            "40108032" : 5129,
            "40632320" : 4858,
            "41156608" : 4096,
            "41680896" : 3320,
            "42205184" : 2680,
            "42729472" : 2039,
            "43253760" : 1295,
            "43778048" : 761,
            "44302336" : 584,
            "44826624" : 424,
            "45350912" : 249,