{
  "fio version" : "fio-3.8",
  "timestamp" : 1546832612,
  "timestamp_ms" : 1546832612181,
  "time" : "Sun Jan  6 19:43:32 2019",
  "jobs" : [
    {
      "jobname" : "wipc",
      "groupid" : 0,
      "error" : 0,
      "eta" : 0,
      "elapsed" : 1315,
      "job options" : {
        "ioengine" : "libaio",
        "group_reporting" : "1",
        "direct" : "1",
        "rw" : "write",
        "bssplit" : "128KB",
        "numjobs" : "2",
        "iodepth" : "16",
        "size" : "75%",
        "io_size" : "128035676160B",
        "filename" : "/dev/sda"
      },
      "read" : {
        "io_bytes" : 0,
        "io_kbytes" : 0,
        "bw_bytes" : 0,
        "bw" : 0,
        "iops" : 0.000000,
        "runtime" : 0,
        "total_ios" : 0,
        "short_ios" : 0,
        "drop_ios" : 0,
        "slat_ns" : {
          "min" : 0,
          "max" : 0,
          "mean" : 0.000000,
          "stddev" : 0.000000
        },
        "clat_ns" : {
          "min" : 0,
          "max" : 0,
          "mean" : 0.000000,
          "stddev" : 0.000000,
          "percentile" : {
            "1.000000" : 0,
            "5.000000" : 0,
            "10.000000" : 0,
            "20.000000" : 0,
            "30.000000" : 0,
            "40.000000" : 0,
            "50.000000" : 0,
            "60.000000" : 0,
            "70.000000" : 0,
            "80.000000" : 0,
            "90.000000" : 0,
            "95.000000" : 0,
            "99.000000" : 0,
            "99.500000" : 0,
            "99.900000" : 0,
            "99.950000" : 0,
            "99.990000" : 0
          },
          "bins" : {

          }
        },
        "lat_ns" : {
          "min" : 0,
          "max" : 0,
          "mean" : 0.000000,
          "stddev" : 0.000000
        },
        "bw_min" : 0,
        "bw_max" : 0,
        "bw_agg" : 0.000000,
        "bw_mean" : 0.000000,
        "bw_dev" : 0.000000,
        "bw_samples" : 0,
        "iops_min" : 0,
        "iops_max" : 0,
        "iops_mean" : 0.000000,
        "iops_stddev" : 0.000000,
        "iops_samples" : 0
      },
      "write" : {
        "io_bytes" : 256071434240,
        "io_kbytes" : 250069760,
        "bw_bytes" : 194764601,
        "bw" : 190199,
        "iops" : 1485.935986,
        "runtime" : 1314774,
        "total_ios" : 1953670,
        "short_ios" : 0,
        "drop_ios" : 0,
        "slat_ns" : {
          "min" : 5393,
          "max" : 302068,
          "mean" : 14352.250649,
          "stddev" : 3941.728948
        },
        "clat_ns" : {
          "min" : 986046,
          "max" : 115085898,
          "mean" : 21509417.870224,
          "stddev" : 13912327.100072,
          "percentile" : {
            "1.000000" : 13041664,
            "5.000000" : 13172736,
            "10.000000" : 13303808,
            "20.000000" : 13565952,
            "30.000000" : 13828096,
            "40.000000" : 14090240,
            "50.000000" : 14483456,
            "60.000000" : 14876672,
            "70.000000" : 15400960,
            "80.000000" : 34865152,
            "90.000000" : 41680896,
            "95.000000" : 55836672,
            "99.000000" : 61603840,
            "99.500000" : 63700992,
            "99.900000" : 70778880,
            "99.950000" : 74973184,
            "99.990000" : 87556096
          },
          "bins" : {
            "987136" : 1,
            "1384448" : 1,
            "1400832" : 1,
            "2179072" : 1,
            "2605056" : 1,
            "3031040" : 1,
            "3424256" : 1,
            "3784704" : 1,
            "4227072" : 1,
            "4620288" : 1,
            "5013504" : 1,
            "5537792" : 1,
            "5865472" : 1,
            "6324224" : 1,
            "6651904" : 1,
            "7045120" : 1,
            "7503872" : 1,
            "7897088" : 1,
            "8290304" : 1,
            "8585216" : 1,
            "8978432" : 1,
            "9502720" : 1,
            "9895936" : 1,
            "10289152" : 1,
            "10682368" : 1,
            "11075584" : 1,
            "11468800" : 1,
            "11599872" : 11,
            "11730944" : 45,
            "11862016" : 34,
            "11993088" : 41,
            "12124160" : 152,
            "12255232" : 135,
            "12386304" : 154,
            "12517376" : 359,
            "12648448" : 878,
            "12779520" : 2835,
            "12910592" : 11898,
            "13041664" : 34224,
            "13172736" : 63804,
            "13303808" : 89589,
            "13434880" : 104548,
            "13565952" : 105001,
            "13697024" : 106997,
            "13828096" : 109901,
            "13959168" : 105933,
            "14090240" : 93539,
            "14221312" : 74950,
            "14352384" : 61244,
            "14483456" : 59742,
            "14614528" : 63599,
            "14745600" : 63365,
            "14876672" : 59477,
            "15007744" : 50997,
            "15138816" : 43453,
            "15269888" : 37831,
            "15400960" : 31463,
            "15532032" : 25387,
            "15663104" : 18561,
            "15794176" : 12817,
            "15925248" : 8588,
            "16056320" : 6197,
            "16187392" : 4881,
            "16318464" : 3757,
            "16449536" : 3213,
            "16580608" : 2366,
            "16711680" : 2212,
            "16908288" : 3318,
            "17170432" : 1785,
            "17432576" : 807,
            "17694720" : 402,
            "17956864" : 215,
            "18219008" : 125,
            "18481152" : 136,
            "18743296" : 113,
            "19005440" : 135,
            "19267584" : 70,
            "19529728" : 69,
            "19791872" : 74,
            "20054016" : 43,
            "20316160" : 56,
            "20578304" : 75,
            "20840448" : 78,
            "21102592" : 68,
            "21364736" : 44,
            "21626880" : 38,
            "21889024" : 42,
            "22151168" : 36,
            "22413312" : 23,
            "22675456" : 21,
            "22937600" : 11,
            "23199744" : 17,
            "23461888" : 9,
            "23724032" : 10,
            "23986176" : 8,
            "24248320" : 8,
            "24510464" : 8,
            "24772608" : 5,
            "25034752" : 12,
            "25296896" : 18,
            "25559040" : 21,
            "25821184" : 37,
            "26083328" : 53,
            "26345472" : 133,
            "26607616" : 514,
            "26869760" : 2257,
            "27131904" : 5133,
            "27394048" : 3729,
            "27656192" : 1911,
            "27918336" : 1589,
            "28180480" : 1111,
            "28442624" : 1595,
            "28704768" : 1836,
            "28966912" : 1107,
            "29229056" : 621,
            "29491200" : 380,
            "29753344" : 333,
            "30015488" : 318,
            "30277632" : 328,
            "30539776" : 363,
            "30801920" : 416,
            "31064064" : 575,
            "31326208" : 606,
            "31588352" : 834,
            "31850496" : 1100,
            "32112640" : 1602,
            "32374784" : 2142,
            "32636928" : 2701,
            "32899072" : 3417,
            "33161216" : 4345,
            "33423360" : 5322,
            "33816576" : 13446,
            "34340864" : 17519,
            "34865152" : 22469,
            "35389440" : 28150,
            "35913728" : 28494,
            "36438016" : 25188,
            "36962304" : 25026,
            "37486592" : 22173,
            "38010880" : 14970,
            "38535168" : 10278,
            "39059456" : 7905,
            "39583744" : 6502,
            "40108032" : 5573,
            "40632320" : 5210,
            "41156608" : 4730,
            "41680896" : 3881,
            "42205184" : 3065,
            "42729472" : 2388,
            "43253760" : 1755,
            "43778048" : 1116,
            "44302336" : 666,
            "44826624" : 439,
            "45350912" : 323,
            "45875200" : 308,