{
  "fio version" : "fio-3.8",
  "timestamp" : 1553232777,
  "timestamp_ms" : 1553232777295,
  "time" : "Thu Mar 21 22:32:57 2019",
  "jobs" : [
    {
      "jobname" : "wipc",
      "groupid" : 0,
      "error" : 0,
      "eta" : 0,
      "elapsed" : 1403,
      "job options" : {
        "ioengine" : "libaio",
        "group_reporting" : "1",
        "direct" : "1",
        "rw" : "write",
        "bssplit" : "128KB",
        "numjobs" : "2",
        "iodepth" : "16",
        "size" : "75%",
        "io_size" : "128035676160B",
        "filename" : "/dev/sdg"
      },
      "read" : {
        "io_bytes" : 0,
        "io_kbytes" : 0,
        "bw_bytes" : 0,
        "bw" : 0,
        "iops" : 0.000000,
        "runtime" : 0,
        "total_ios" : 0,
        "short_ios" : 0,
        "drop_ios" : 0,
        "slat_ns" : {
          "min" : 0,
          "max" : 0,
          "mean" : 0.000000,
          "stddev" : 0.000000
        },
        "clat_ns" : {
          "min" : 0,
          "max" : 0,
          "mean" : 0.000000,
          "stddev" : 0.000000,
          "percentile" : {
            "1.000000" : 0,
            "5.000000" : 0,
            "10.000000" : 0,
            "20.000000" : 0,
            "30.000000" : 0,
            "40.000000" : 0,
            "50.000000" : 0,
            "60.000000" : 0,
            "70.000000" : 0,
            "80.000000" : 0,
            "90.000000" : 0,
            "95.000000" : 0,
            "99.000000" : 0,
            "99.500000" : 0,
            "99.900000" : 0,
            "99.950000" : 0,
            "99.990000" : 0
          },
          "bins" : {

          }
        },
        "lat_ns" : {
          "min" : 0,
          "max" : 0,
          "mean" : 0.000000,
          "stddev" : 0.000000
        },
        "bw_min" : 0,
        "bw_max" : 0,
        "bw_agg" : 0.000000,
        "bw_mean" : 0.000000,
        "bw_dev" : 0.000000,
        "bw_samples" : 0,
        "iops_min" : 0,
        "iops_max" : 0,
        "iops_mean" : 0.000000,
        "iops_stddev" : 0.000000,
        "iops_samples" : 0
      },
      "write" : {
        "io_bytes" : 256071434240,
        "io_kbytes" : 250069760,
        "bw_bytes" : 182629136,
        "bw" : 178348,
        "iops" : 1393.349732,
        "runtime" : 1402139,
        "total_ios" : 1953670,
        "short_ios" : 0,
        "drop_ios" : 0,
        "slat_ns" : {
          "min" : 7236,
          "max" : 366269,
          "mean" : 17222.919194,
          "stddev" : 5500.453587
        },
        "clat_ns" : {
          "min" : 512394,
          "max" : 135117134,
          "mean" : 22943430.089693,
          "stddev" : 15811750.795144,
          "percentile" : {
            "1.000000" : 12648448,
            "5.000000" : 12910592,
            "10.000000" : 13041664,
            "20.000000" : 13303808,
            "30.000000" : 13565952,
            "40.000000" : 13828096,
            "50.000000" : 14090240,
            "60.000000" : 14483456,
            "70.000000" : 15400960,
            "80.000000" : 35913728,
            "90.000000" : 53739520,
            "95.000000" : 56360960,
            "99.000000" : 62128128,
            "99.500000" : 64225280,
            "99.900000" : 80216064,
            "99.950000" : 87556096,
            "99.990000" : 102236160
          },
          "bins" : {
            "514048" : 1,
            "1417216" : 1,
            "1433600" : 1,
            "2179072" : 1,
            "2539520" : 1,
            "2932736" : 1,
            "3293184" : 1,
            "3686400" : 1,
            "4046848" : 1,
            "4358144" : 1,
            "4751360" : 1,
            "5144576" : 1,
            "5603328" : 1,
            "5931008" : 1,
            "6127616" : 1,
            "6258688" : 2,
            "6520832" : 5,
            "6586368" : 14,
            "6651904" : 4,
            "6717440" : 1,
            "6782976" : 1,
            "6848512" : 3,
            "6914048" : 1,
            "6979584" : 3,
            "7045120" : 1,
            "7110656" : 4,
            "7241728" : 1,
            "7307264" : 5,
            "7372800" : 5,
            "7438336" : 1,
            "7503872" : 1,
            "7634944" : 1,
            "7766016" : 1,
            "8159232" : 1,
            "8355840" : 1,
            "8454144" : 1,
            "8585216" : 2,
            "8716288" : 4,
            "8978432" : 3,
            "9633792" : 2,
            "10027008" : 1,
            "10420224" : 1,
            "10813440" : 1,
            "11468800" : 5,
            "11599872" : 7,
            "11730944" : 10,
            "11862016" : 51,
            "11993088" : 103,
            "12124160" : 206,
            "12255232" : 495,
            "12386304" : 1832,
            "12517376" : 8049,
            "12648448" : 24609,
            "12779520" : 53422,
            "12910592" : 80922,
            "13041664" : 93874,
            "13172736" : 97797,
            "13303808" : 102800,
            "13434880" : 109779,
            "13565952" : 107818,
            "13697024" : 97834,
            "13828096" : 81720,
            "13959168" : 69315,
            "14090240" : 65838,
            "14221312" : 65257,
            "14352384" : 60198,
            "14483456" : 51408,
            "14614528" : 43456,
            "14745600" : 40386,
            "14876672" : 36403,
            "15007744" : 29327,
            "15138816" : 22568,
            "15269888" : 17243,
            "15400960" : 12113,
            "15532032" : 7963,
            "15663104" : 5281,
            "15794176" : 3551,
            "15925248" : 2778,
            "16056320" : 1911,
            "16187392" : 1524,
            "16318464" : 1200,
            "16449536" : 971,
            "16580608" : 820,
            "16711680" : 632,
            "16908288" : 858,
            "17170432" : 426,
            "17432576" : 242,
            "17694720" : 97,
            "17956864" : 41,
            "18219008" : 39,
            "18481152" : 50,
            "18743296" : 96,
            "19005440" : 111,
            "19267584" : 114,
            "19529728" : 90,
            "19791872" : 83,
            "20054016" : 79,
            "20316160" : 80,
            "20578304" : 72,
            "20840448" : 37,
            "21102592" : 36,
            "21364736" : 27,
            "21626880" : 22,
            "21889024" : 9,
            "22151168" : 4,
            "22413312" : 2,
            "22675456" : 2,
            "22937600" : 2,
            "23199744" : 4,
            "23461888" : 2,
            "23724032" : 2,
            "23986176" : 4,
            "24248320" : 17,
            "24510464" : 6,
            "24772608" : 26,
            "25034752" : 13,
            "25296896" : 24,
            "25559040" : 33,
            "25821184" : 47,
            "26083328" : 39,
            "26345472" : 61,
            "26607616" : 97,
            "26869760" : 217,
            "27131904" : 290,
            "27394048" : 233,
            "27656192" : 214,
            "27918336" : 206,
            "28180480" : 500,
            "28442624" : 2043,
            "28704768" : 3765,
            "28966912" : 2762,
            "29229056" : 2242,
            "29491200" : 1997,
            "29753344" : 1634,
            "30015488" : 2178,
            "30277632" : 1858,
            "30539776" : 1313,
            "30801920" : 1165,
            "31064064" : 1288,
            "31326208" : 1599,
            "31588352" : 2236,
            "31850496" : 2747,
            "32112640" : 3667,
            "32374784" : 4629,
            "32636928" : 5736,
            "32899072" : 6473,
            "33161216" : 7279,
            "33423360" : 8437,
            "33816576" : 19802,
            "34340864" : 24402,
            "34865152" : 25091,
            "35389440" : 22086,
            "35913728" : 19575,
            "36438016" : 17302,
            "36962304" : 12574,
            "37486592" : 8293,
            "38010880" : 6737,
            "38535168" : 5638,