{
  "fio version" : "fio-3.8",
  "timestamp" : 1555811792,
  "timestamp_ms" : 1555811792454,
  "time" : "Sat Apr 20 18:56:32 2019",
  "jobs" : [
    {
      "jobname" : "wipc",
      "groupid" : 0,
      "error" : 0,
      "eta" : 0,
      "elapsed" : 1402,
      "job options" : {
        "ioengine" : "libaio",
        "group_reporting" : "1",
        "direct" : "1",
        "rw" : "write",
        "bssplit" : "128KB",
        "numjobs" : "2",
        "iodepth" : "16",
        "size" : "75%",
        "io_size" : "128035676160B",
        "filename" : "/dev/sdc"
      },
      "read" : {
        "io_bytes" : 0,
        "io_kbytes" : 0,
        "bw_bytes" : 0,
        "bw" : 0,
        "iops" : 0.000000,
        "runtime" : 0,
        "total_ios" : 0,
        "short_ios" : 0,
        "drop_ios" : 0,
        "slat_ns" : {
          "min" : 0,
          "max" : 0,
          "mean" : 0.000000,
          "stddev" : 0.000000
        },
        "clat_ns" : {
          "min" : 0,
          "max" : 0,
          "mean" : 0.000000,
          "stddev" : 0.000000,
          "percentile" : {
            "1.000000" : 0,
            "5.000000" : 0,
            "10.000000" : 0,
            "20.000000" : 0,
            "30.000000" : 0,
            "40.000000" : 0,
            "50.000000" : 0,
            "60.000000" : 0,
            "70.000000" : 0,
            "80.000000" : 0,
            "90.000000" : 0,
            "95.000000" : 0,
            "99.000000" : 0,
            "99.500000" : 0,
            "99.900000" : 0,
            "99.950000" : 0,
            "99.990000" : 0
          },
          "bins" : {

          }
        },
        "lat_ns" : {
          "min" : 0,
          "max" : 0,
          "mean" : 0.000000,
          "stddev" : 0.000000
        },
        "bw_min" : 0,
        "bw_max" : 0,
        "bw_agg" : 0.000000,
        "bw_mean" : 0.000000,
        "bw_dev" : 0.000000,
        "bw_samples" : 0,
        "iops_min" : 0,
        "iops_max" : 0,
        "iops_mean" : 0.000000,
        "iops_stddev" : 0.000000,
        "iops_samples" : 0
      },
      "write" : {
        "io_bytes" : 256071434240,
        "io_kbytes" : 250069760,
        "bw_bytes" : 182781786,
        "bw" : 178497,
        "iops" : 1394.514364,
        "runtime" : 1400968,
        "total_ios" : 1953670,
        "short_ios" : 0,
        "drop_ios" : 0,
        "slat_ns" : {
          "min" : 6791,
          "max" : 364820,
          "mean" : 18193.478389,
          "stddev" : 6212.325845
        },
        "clat_ns" : {
          "min" : 890122,
          "max" : 122022333,
          "mean" : 22924250.848042,
          "stddev" : 14421601.014538,
          "percentile" : {
            "1.000000" : 13172736,
            "5.000000" : 13434880,
            "10.000000" : 13565952,
            "20.000000" : 13828096,
            "30.000000" : 14090240,
            "40.000000" : 14352384,
            "50.000000" : 14745600,
            "60.000000" : 15269888,
            "70.000000" : 16908288,
            "80.000000" : 35913728,
            "90.000000" : 52166656,
            "95.000000" : 55836672,
            "99.000000" : 61603840,
            "99.500000" : 63176704,
            "99.900000" : 72876032,
            "99.950000" : 80216064,
            "99.990000" : 96993280
          },
          "bins" : {
            "888832" : 1,
            "1384448" : 1,
            "1482752" : 1,
            "2179072" : 1,
            "2539520" : 1,
            "2932736" : 1,
            "3424256" : 1,
            "3784704" : 1,
            "4227072" : 1,
            "4620288" : 1,
            "4947968" : 1,
            "5603328" : 1,
            "5996544" : 1,
            "6062080" : 1,
            "6193152" : 1,
            "6389760" : 1,
            "6455296" : 1,
            "6520832" : 1,
            "6586368" : 2,
            "6651904" : 14,
            "6717440" : 4,
            "6782976" : 13,
            "6848512" : 10,
            "6914048" : 5,
            "6979584" : 3,
            "7045120" : 5,
            "7110656" : 5,
            "7176192" : 1,
            "7307264" : 2,
            "7569408" : 2,
            "7700480" : 6,
            "7766016" : 3,
            "7831552" : 6,
            "7897088" : 1,
            "7962624" : 1,
            "8093696" : 7,
            "8159232" : 15,
            "8224768" : 6,
            "8290304" : 3,
            "8454144" : 3,
            "8585216" : 1,
            "8716288" : 1,
            "8978432" : 1,
            "9109504" : 2,
            "9240576" : 3,
            "9371648" : 1,
            "9502720" : 2,
            "9895936" : 2,
            "10289152" : 2,
            "10420224" : 1,
            "10682368" : 2,
            "10813440" : 1,
            "10944512" : 1,
            "11075584" : 1,
            "11337728" : 1,
            "11468800" : 2,
            "11993088" : 2,
            "12124160" : 1,
            "12255232" : 4,
            "12386304" : 21,
            "12517376" : 50,
            "12648448" : 232,
            "12779520" : 741,
            "12910592" : 2458,
            "13041664" : 7998,
            "13172736" : 18649,
            "13303808" : 35654,
            "13434880" : 64005,
            "13565952" : 97324,
            "13697024" : 118151,
            "13828096" : 116810,
            "13959168" : 108060,
            "14090240" : 97415,
            "14221312" : 90655,
            "14352384" : 84959,
            "14483456" : 72602,
            "14614528" : 57090,
            "14745600" : 46816,
            "14876672" : 44502,
            "15007744" : 49837,
            "15138816" : 52505,
            "15269888" : 50480,
            "15400960" : 42478,
            "15532032" : 33968,
            "15663104" : 23174,
            "15794176" : 15361,
            "15925248" : 10250,
            "16056320" : 7175,
            "16187392" : 5074,
            "16318464" : 3669,
            "16449536" : 2899,
            "16580608" : 2419,
            "16711680" : 2099,
            "16908288" : 2968,
            "17170432" : 1649,
            "17432576" : 882,
            "17694720" : 421,
            "17956864" : 175,
            "18219008" : 87,
            "18481152" : 39,
            "18743296" : 28,
            "19005440" : 34,
            "19267584" : 71,
            "19529728" : 73,
            "19791872" : 81,
            "20054016" : 47,
            "20316160" : 50,
            "20578304" : 61,
            "20840448" : 58,
            "21102592" : 44,
            "21364736" : 26,
            "21626880" : 21,
            "21889024" : 18,
            "22151168" : 17,
            "22413312" : 7,
            "22675456" : 5,
            "22937600" : 5,
            "23199744" : 5,
            "23461888" : 5,
            "23724032" : 3,
            "23986176" : 3,
            "24248320" : 4,
            "24510464" : 5,
            "24772608" : 19,
            "25034752" : 4,
            "25296896" : 10,
            "25559040" : 22,
            "25821184" : 43,
            "26083328" : 42,
            "26345472" : 54,
            "26607616" : 55,
            "26869760" : 264,
            "27131904" : 946,
            "27394048" : 2592,
            "27656192" : 4531,
            "27918336" : 3373,
            "28180480" : 1354,
            "28442624" : 1251,
            "28704768" : 1775,
            "28966912" : 1610,
            "29229056" : 1093,
            "29491200" : 620,
            "29753344" : 457,
            "30015488" : 402,
            "30277632" : 474,
            "30539776" : 617,
            "30801920" : 665,
            "31064064" : 825,
            "31326208" : 1036,
            "31588352" : 1375,
            "31850496" : 1891,
            "32112640" : 2605,
            "32374784" : 3549,
            "32636928" : 4873,
            "32899072" : 6123,
            "33161216" : 7513,
            "33423360" : 8502,
            "33816576" : 21580,
            "34340864" : 28563,