{
  "fio version" : "fio-3.8",
  "timestamp" : 1555826734,
  "timestamp_ms" : 1555826734512,
  "time" : "Sat Apr 20 23:05:34 2019",
  "jobs" : [
    {
      "jobname" : "wipc",
      "groupid" : 0,
      "error" : 0,
      "eta" : 0,
      "elapsed" : 1417,
      "job options" : {
        "ioengine" : "libaio",
        "group_reporting" : "1",
        "direct" : "1",
        "rw" : "write",
        "bssplit" : "128KB",
        "numjobs" : "2",
        "iodepth" : "16",
        "size" : "75%",
        "io_size" : "128035676160B",
        "filename" : "/dev/sdc"
      },
      "read" : {
        "io_bytes" : 0,
        "io_kbytes" : 0,
        "bw_bytes" : 0,
        "bw" : 0,
        "iops" : 0.000000,
        "runtime" : 0,
        "total_ios" : 0,
        "short_ios" : 0,
        "drop_ios" : 0,
        "slat_ns" : {
          "min" : 0,
          "max" : 0,
          "mean" : 0.000000,
          "stddev" : 0.000000
        },
        "clat_ns" : {
          "min" : 0,
          "max" : 0,
          "mean" : 0.000000,
          "stddev" : 0.000000,
          "percentile" : {
            "1.000000" : 0,
            "5.000000" : 0,
            "10.000000" : 0,
            "20.000000" : 0,
            "30.000000" : 0,
            "40.000000" : 0,
            "50.000000" : 0,
            "60.000000" : 0,
            "70.000000" : 0,
            "80.000000" : 0,
            "90.000000" : 0,
            "95.000000" : 0,
            "99.000000" : 0,
            "99.500000" : 0,
            "99.900000" : 0,
            "99.950000" : 0,
            "99.990000" : 0
          },
          "bins" : {

          }
        },
        "lat_ns" : {
          "min" : 0,
          "max" : 0,
          "mean" : 0.000000,
          "stddev" : 0.000000
        },
        "bw_min" : 0,
        "bw_max" : 0,
        "bw_agg" : 0.000000,
        "bw_mean" : 0.000000,
        "bw_dev" : 0.000000,
        "bw_samples" : 0,
        "iops_min" : 0,
        "iops_max" : 0,
        "iops_mean" : 0.000000,
        "iops_stddev" : 0.000000,
        "iops_samples" : 0
      },
      "write" : {
        "io_bytes" : 256071434240,
        "io_kbytes" : 250069760,
        "bw_bytes" : 180771576,
        "bw" : 176534,
        "iops" : 1379.177676,
        "runtime" : 1416547,
        "total_ios" : 1953670,
        "short_ios" : 0,
        "drop_ios" : 0,
        "slat_ns" : {
          "min" : 5990,
          "max" : 351485,
          "mean" : 17837.248883,
          "stddev" : 5592.079496
        },
        "clat_ns" : {
          "min" : 876173,
          "max" : 128243030,
          "mean" : 23179260.894411,
          "stddev" : 14754241.751003,
          "percentile" : {
            "1.000000" : 13172736,
            "5.000000" : 13434880,
            "10.000000" : 13565952,
            "20.000000" : 13828096,
            "30.000000" : 14090240,
            "40.000000" : 14352384,
            "50.000000" : 14614528,
            "60.000000" : 15138816,
            "70.000000" : 27394048,
            "80.000000" : 35913728,
            "90.000000" : 53215232,
            "95.000000" : 55836672,
            "99.000000" : 61603840,
            "99.500000" : 63700992,
            "99.900000" : 76021760,
            "99.950000" : 84410368,
            "99.990000" : 99090432
          },
          "bins" : {
            "872448" : 1,
            "1351680" : 1,
            "1400832" : 1,
            "2113536" : 1,
            "2473984" : 1,
            "2867200" : 1,
            "3227648" : 1,
            "3620864" : 1,
            "3981312" : 1,
            "4358144" : 1,
            "4751360" : 1,
            "5144576" : 1,
            "5537792" : 1,
            "5931008" : 1,
            "6127616" : 1,
            "6193152" : 1,
            "6258688" : 2,
            "6324224" : 4,
            "6520832" : 5,
            "6586368" : 8,
            "6651904" : 28,
            "6717440" : 25,
            "6782976" : 27,
            "6848512" : 4,
            "6979584" : 3,
            "7045120" : 5,
            "7110656" : 5,
            "7372800" : 8,
            "7438336" : 5,
            "7503872" : 5,
            "7766016" : 1,
            "7831552" : 1,
            "8159232" : 1,
            "8224768" : 2,
            "8585216" : 1,
            "8716288" : 2,
            "8847360" : 3,
            "8978432" : 1,
            "9109504" : 1,
            "9633792" : 2,
            "10027008" : 3,
            "10289152" : 2,
            "10420224" : 4,
            "10551296" : 1,
            "10682368" : 2,
            "10813440" : 1,
            "10944512" : 1,
            "11075584" : 1,
            "11206656" : 1,
            "11468800" : 1,
            "11599872" : 3,
            "11862016" : 3,
            "11993088" : 14,
            "12124160" : 16,
            "12255232" : 28,
            "12386304" : 50,
            "12517376" : 98,
            "12648448" : 158,
            "12779520" : 406,
            "12910592" : 1824,
            "13041664" : 5947,
            "13172736" : 15820,
            "13303808" : 33166,
            "13434880" : 63120,
            "13565952" : 98043,
            "13697024" : 120467,
            "13828096" : 118836,
            "13959168" : 112040,
            "14090240" : 102941,
            "14221312" : 96232,
            "14352384" : 85971,
            "14483456" : 73068,
            "14614528" : 58316,
            "14745600" : 46384,
            "14876672" : 43306,
            "15007744" : 47496,
            "15138816" : 51716,
            "15269888" : 49052,
            "15400960" : 41753,
            "15532032" : 33874,
            "15663104" : 23601,
            "15794176" : 15048,
            "15925248" : 8510,
            "16056320" : 4879,
            "16187392" : 3005,
            "16318464" : 1882,
            "16449536" : 1433,
            "16580608" : 1083,
            "16711680" : 961,
            "16908288" : 1532,
            "17170432" : 853,
            "17432576" : 377,
            "17694720" : 182,
            "17956864" : 92,
            "18219008" : 73,
            "18481152" : 29,
            "18743296" : 18,
            "19005440" : 23,
            "19267584" : 52,
            "19529728" : 61,
            "19791872" : 45,
            "20054016" : 47,
            "20316160" : 57,
            "20578304" : 75,
            "20840448" : 69,
            "21102592" : 51,
            "21364736" : 41,
            "21626880" : 32,
            "21889024" : 37,
            "22151168" : 26,
            "22413312" : 10,
            "22675456" : 8,
            "22937600" : 19,
            "23199744" : 4,
            "23461888" : 16,
            "23724032" : 8,
            "23986176" : 1,
            "24248320" : 9,
            "24510464" : 9,
            "24772608" : 7,
            "25034752" : 8,
            "25296896" : 12,
            "25559040" : 38,
            "25821184" : 64,
            "26083328" : 136,
            "26345472" : 204,
            "26607616" : 126,
            "26869760" : 187,
            "27131904" : 842,
            "27394048" : 3122,
            "27656192" : 3903,
            "27918336" : 2608,
            "28180480" : 1931,
            "28442624" : 1233,
            "28704768" : 1418,
            "28966912" : 1830,
            "29229056" : 1028,
            "29491200" : 615,
            "29753344" : 519,
            "30015488" : 449,
            "30277632" : 496,
            "30539776" : 473,
            "30801920" : 603,
            "31064064" : 741,
            "31326208" : 1045,
            "31588352" : 1483,
            "31850496" : 2090,
            "32112640" : 2801,
            "32374784" : 4144,
            "32636928" : 5372,
            "32899072" : 6672,
            "33161216" : 7861,
            "33423360" : 9420,
            "33816576" : 23085,
            "34340864" : 29892,
            "34865152" : 36043,
            "35389440" : 35876,
            "35913728" : 31302,
            "36438016" : 29900,