{
  "fio version" : "fio-3.8",
  "timestamp" : 1555627638,
  "timestamp_ms" : 1555627638021,
  "time" : "Thu Apr 18 15:47:18 2019",
  "jobs" : [
    {
      "jobname" : "wipc",
      "groupid" : 0,
      "error" : 0,
      "eta" : 0,
      "elapsed" : 1396,
      "job options" : {
        "ioengine" : "libaio",
        "group_reporting" : "1",
        "direct" : "1",
        "rw" : "write",
        "bssplit" : "128KB",
        "numjobs" : "2",
        "iodepth" : "16",
        "size" : "75%",
        "io_size" : "128035676160B",
        "filename" : "/dev/sdc"
      },
      "read" : {
        "io_bytes" : 0,
        "io_kbytes" : 0,
        "bw_bytes" : 0,
        "bw" : 0,
        "iops" : 0.000000,
        "runtime" : 0,
        "total_ios" : 0,
        "short_ios" : 0,
        "drop_ios" : 0,
        "slat_ns" : {
          "min" : 0,
          "max" : 0,
          "mean" : 0.000000,
          "stddev" : 0.000000
        },
        "clat_ns" : {
          "min" : 0,
          "max" : 0,
          "mean" : 0.000000,
          "stddev" : 0.000000,
          "percentile" : {
            "1.000000" : 0,
            "5.000000" : 0,
            "10.000000" : 0,
            "20.000000" : 0,
            "30.000000" : 0,
            "40.000000" : 0,
            "50.000000" : 0,
            "60.000000" : 0,
            "70.000000" : 0,
            "80.000000" : 0,
            "90.000000" : 0,
            "95.000000" : 0,
            "99.000000" : 0,
            "99.500000" : 0,
            "99.900000" : 0,
            "99.950000" : 0,
            "99.990000" : 0
          },
          "bins" : {

          }
        },
        "lat_ns" : {
          "min" : 0,
          "max" : 0,
          "mean" : 0.000000,
          "stddev" : 0.000000
        },
        "bw_min" : 0,
        "bw_max" : 0,
        "bw_agg" : 0.000000,
        "bw_mean" : 0.000000,
        "bw_dev" : 0.000000,
        "bw_samples" : 0,
        "iops_min" : 0,
        "iops_max" : 0,
        "iops_mean" : 0.000000,
        "iops_stddev" : 0.000000,
        "iops_samples" : 0
      },
      "write" : {
        "io_bytes" : 256071434240,
        "io_kbytes" : 250069760,
        "bw_bytes" : 183516787,
        "bw" : 179215,
        "iops" : 1400.121976,
        "runtime" : 1395357,
        "total_ios" : 1953670,
        "short_ios" : 0,
        "drop_ios" : 0,
        "slat_ns" : {
          "min" : 5738,
          "max" : 382314,
          "mean" : 17324.033035,
          "stddev" : 6251.676600
        },
        "clat_ns" : {
          "min" : 870043,
          "max" : 114967395,
          "mean" : 22819704.444328,
          "stddev" : 14302711.847003,
          "percentile" : {
            "1.000000" : 13172736,
            "5.000000" : 13303808,
            "10.000000" : 13434880,
            "20.000000" : 13697024,
            "30.000000" : 13959168,
            "40.000000" : 14221312,
            "50.000000" : 14614528,
            "60.000000" : 15138816,
            "70.000000" : 26869760,
            "80.000000" : 35913728,
            "90.000000" : 50069504,
            "95.000000" : 55836672,
            "99.000000" : 61603840,
            "99.500000" : 63700992,
            "99.900000" : 73924608,
            "99.950000" : 81264640,
            "99.990000" : 94896128
          },
          "bins" : {
            "872448" : 1,
            "1417216" : 1,
            "1449984" : 1,
            "2179072" : 1,
            "2539520" : 1,
            "2932736" : 1,
            "3325952" : 1,
            "3751936" : 1,
            "4046848" : 1,
            "4423680" : 1,
            "4751360" : 1,
            "5144576" : 1,
            "5537792" : 1,
            "5931008" : 1,
            "6127616" : 1,
            "6193152" : 1,
            "6324224" : 1,
            "6389760" : 12,
            "6455296" : 25,
            "6520832" : 44,
            "6586368" : 73,
            "6651904" : 95,
            "6717440" : 97,
            "6782976" : 103,
            "6848512" : 63,
            "6914048" : 73,
            "6979584" : 68,
            "7045120" : 53,
            "7110656" : 70,
            "7176192" : 102,
            "7241728" : 97,
            "7307264" : 88,
            "7372800" : 72,
            "7438336" : 46,
            "7503872" : 29,
            "7569408" : 24,
            "7634944" : 18,
            "7700480" : 15,
            "7766016" : 13,
            "7831552" : 21,
            "7897088" : 21,
            "7962624" : 27,
            "8028160" : 35,
            "8093696" : 30,
            "8159232" : 31,
            "8224768" : 20,
            "8290304" : 15,
            "8355840" : 9,
            "8454144" : 17,
            "8585216" : 19,
            "8716288" : 23,
            "8847360" : 23,
            "8978432" : 5,
            "9109504" : 12,
            "9240576" : 1,
            "9371648" : 1,
            "9633792" : 1,
            "9764864" : 1,
            "9895936" : 1,
            "10158080" : 1,
            "10289152" : 1,
            "10551296" : 2,
            "10682368" : 1,
            "10944512" : 2,
            "11337728" : 1,
            "11862016" : 2,
            "11993088" : 1,
            "12124160" : 5,
            "12255232" : 4,
            "12386304" : 18,
            "12517376" : 43,
            "12648448" : 187,
            "12779520" : 767,
            "12910592" : 3277,
            "13041664" : 10971,
            "13172736" : 30990,
            "13303808" : 67412,
            "13434880" : 102160,
            "13565952" : 110252,
            "13697024" : 99789,
            "13828096" : 93293,
            "13959168" : 96645,
            "14090240" : 98572,
            "14221312" : 88597,
            "14352384" : 70407,
            "14483456" : 54620,
            "14614528" : 47620,
            "14745600" : 49398,
            "14876672" : 55082,
            "15007744" : 57526,
            "15138816" : 52832,
            "15269888" : 44554,
            "15400960" : 36017,
            "15532032" : 27023,
            "15663104" : 18690,
            "15794176" : 12134,
            "15925248" : 8298,
            "16056320" : 6028,
            "16187392" : 4560,
            "16318464" : 3566,
            "16449536" : 2986,
            "16580608" : 2379,
            "16711680" : 1858,
            "16908288" : 2782,
            "17170432" : 1548,
            "17432576" : 642,
            "17694720" : 295,
            "17956864" : 187,
            "18219008" : 108,
            "18481152" : 122,
            "18743296" : 128,
            "19005440" : 75,
            "19267584" : 91,
            "19529728" : 75,
            "19791872" : 81,
            "20054016" : 65,
            "20316160" : 54,
            "20578304" : 75,
            "20840448" : 65,
            "21102592" : 54,
            "21364736" : 41,
            "21626880" : 44,
            "21889024" : 29,
            "22151168" : 28,
            "22413312" : 21,
            "22675456" : 43,
            "22937600" : 42,
            "23199744" : 14,
            "23461888" : 4,
            "23724032" : 12,
            "23986176" : 12,
            "24248320" : 25,
            "24510464" : 18,
            "24772608" : 25,
            "25034752" : 12,
            "25296896" : 11,
            "25559040" : 33,
            "25821184" : 33,
            "26083328" : 36,
            "26345472" : 49,
            "26607616" : 137,
            "26869760" : 423,
            "27131904" : 2027,
            "27394048" : 4647,
            "27656192" : 3529,
            "27918336" : 1988,
            "28180480" : 1266,
            "28442624" : 1200,
            "28704768" : 1761,
            "28966912" : 1654,
            "29229056" : 708,
            "29491200" : 415,
            "29753344" : 374,
            "30015488" : 396,
            "30277632" : 470,
            "30539776" : 555,
            "30801920" : 649,
            "31064064" : 868,
            "31326208" : 1037,