{
  "fio version" : "fio-3.8",
  "timestamp" : 1553270995,
  "timestamp_ms" : 1553270995285,
  "time" : "Fri Mar 22 09:09:55 2019",
  "jobs" : [
    {
      "jobname" : "wipc",
      "groupid" : 0,
      "error" : 0,
      "eta" : 0,
      "elapsed" : 1355,
      "job options" : {
        "ioengine" : "libaio",
        "group_reporting" : "1",
        "direct" : "1",
        "rw" : "write",
        "bssplit" : "128KB",
        "numjobs" : "2",
        "iodepth" : "16",
        "size" : "75%",
        "io_size" : "128035676160B",
        "filename" : "/dev/sdf"
      },
      "read" : {
        "io_bytes" : 0,
        "io_kbytes" : 0,
        "bw_bytes" : 0,
        "bw" : 0,
        "iops" : 0.000000,
        "runtime" : 0,
        "total_ios" : 0,
        "short_ios" : 0,
        "drop_ios" : 0,
        "slat_ns" : {
          "min" : 0,
          "max" : 0,
          "mean" : 0.000000,
          "stddev" : 0.000000
        },
        "clat_ns" : {
          "min" : 0,
          "max" : 0,
          "mean" : 0.000000,
          "stddev" : 0.000000,
          "percentile" : {
            "1.000000" : 0,
            "5.000000" : 0,
            "10.000000" : 0,
            "20.000000" : 0,
            "30.000000" : 0,
            "40.000000" : 0,
            "50.000000" : 0,
            "60.000000" : 0,
            "70.000000" : 0,
            "80.000000" : 0,
            "90.000000" : 0,
            "95.000000" : 0,
            "99.000000" : 0,
            "99.500000" : 0,
            "99.900000" : 0,
            "99.950000" : 0,
            "99.990000" : 0
          },
          "bins" : {

          }
        },
        "lat_ns" : {
          "min" : 0,
          "max" : 0,
          "mean" : 0.000000,
          "stddev" : 0.000000
        },
        "bw_min" : 0,
        "bw_max" : 0,
        "bw_agg" : 0.000000,
        "bw_mean" : 0.000000,
        "bw_dev" : 0.000000,
        "bw_samples" : 0,
        "iops_min" : 0,
        "iops_max" : 0,
        "iops_mean" : 0.000000,
        "iops_stddev" : 0.000000,
        "iops_samples" : 0
      },
      "write" : {
        "io_bytes" : 256071434240,
        "io_kbytes" : 250069760,
        "bw_bytes" : 189095228,
        "bw" : 184663,
        "iops" : 1442.682099,
        "runtime" : 1354193,
        "total_ios" : 1953670,
        "short_ios" : 0,
        "drop_ios" : 0,
        "slat_ns" : {
          "min" : 5816,
          "max" : 570957,
          "mean" : 17355.585050,
          "stddev" : 5130.012079
        },
        "clat_ns" : {
          "min" : 492356,
          "max" : 122392919,
          "mean" : 22157969.490254,
          "stddev" : 14973958.007875,
          "percentile" : {
            "1.000000" : 12779520,
            "5.000000" : 12910592,
            "10.000000" : 13041664,
            "20.000000" : 13303808,
            "30.000000" : 13565952,
            "40.000000" : 13828096,
            "50.000000" : 14221312,
            "60.000000" : 14745600,
            "70.000000" : 15532032,
            "80.000000" : 34865152,
            "90.000000" : 53739520,
            "95.000000" : 55836672,
            "99.000000" : 61603840,
            "99.500000" : 63176704,
            "99.900000" : 72876032,
            "99.950000" : 79167488,
            "99.990000" : 95944704
          },
          "bins" : {
            "493568" : 1,
            "1286144" : 1,
            "1351680" : 1,
            "2072576" : 1,
            "2473984" : 1,
            "2834432" : 1,
            "3162112" : 1,
            "3555328" : 1,
            "3981312" : 1,
            "4292608" : 1,
            "4685824" : 1,
            "5013504" : 1,
            "5406720" : 1,
            "5734400" : 3,
            "5865472" : 1,
            "5931008" : 3,
            "5996544" : 3,
            "6062080" : 2,
            "6127616" : 15,
            "6193152" : 16,
            "6258688" : 28,
            "6324224" : 15,
            "6389760" : 13,
            "6455296" : 26,
            "6520832" : 8,
            "6586368" : 23,
            "6651904" : 27,
            "6717440" : 28,
            "6782976" : 25,
            "6848512" : 42,
            "6914048" : 55,
            "6979584" : 40,
            "7045120" : 50,
            "7110656" : 24,
            "7176192" : 10,
            "7241728" : 21,
            "7307264" : 16,
            "7372800" : 12,
            "7438336" : 13,
            "7503872" : 15,
            "7569408" : 11,
            "7634944" : 17,
            "7700480" : 33,
            "7766016" : 31,
            "7831552" : 2,
            "7897088" : 3,
            "7962624" : 4,
            "8028160" : 10,
            "8093696" : 5,
            "8159232" : 8,
            "8224768" : 7,
            "8290304" : 2,
            "8355840" : 4,
            "8454144" : 3,
            "8585216" : 3,
            "8716288" : 2,
            "8847360" : 23,
            "8978432" : 3,
            "9109504" : 14,
            "9240576" : 2,
            "9502720" : 3,
            "9633792" : 1,
            "9895936" : 4,
            "10289152" : 5,
            "10420224" : 1,
            "10551296" : 1,
            "10682368" : 7,
            "10813440" : 3,
            "11075584" : 2,
            "11206656" : 6,
            "11337728" : 12,
            "11468800" : 39,
            "11599872" : 76,
            "11730944" : 102,
            "11862016" : 149,
            "11993088" : 158,
            "12124160" : 215,
            "12255232" : 343,
            "12386304" : 795,
            "12517376" : 3310,
            "12648448" : 12432,
            "12779520" : 34683,
            "12910592" : 64996,
            "13041664" : 85844,
            "13172736" : 95750,
            "13303808" : 100275,
            "13434880" : 105379,
            "13565952" : 104111,
            "13697024" : 95748,
            "13828096" : 81764,
            "13959168" : 69700,
            "14090240" : 62998,
            "14221312" : 63066,
            "14352384" : 66092,
            "14483456" : 62462,
            "14614528" : 54153,
            "14745600" : 46129,
            "14876672" : 40473,
            "15007744" : 35597,
            "15138816" : 30120,
            "15269888" : 25741,
            "15400960" : 21036,
            "15532032" : 17136,
            "15663104" : 13447,
            "15794176" : 10622,
            "15925248" : 8431,
            "16056320" : 6377,
            "16187392" : 5102,
            "16318464" : 3885,
            "16449536" : 3446,
            "16580608" : 3128,
            "16711680" : 2569,
            "16908288" : 3860,
            "17170432" : 1972,
            "17432576" : 790,
            "17694720" : 336,
            "17956864" : 172,
            "18219008" : 96,
            "18481152" : 44,
            "18743296" : 41,
            "19005440" : 43,
            "19267584" : 58,
            "19529728" : 49,
            "19791872" : 61,
            "20054016" : 53,
            "20316160" : 61,
            "20578304" : 91,
            "20840448" : 92,
            "21102592" : 73,
            "21364736" : 50,
            "21626880" : 52,
            "21889024" : 51,
            "22151168" : 26,
            "22413312" : 24,
            "22675456" : 6,
            "22937600" : 3,
            "23199744" : 4,
            "23461888" : 8,
            "23724032" : 2,
            "23986176" : 3,
            "24248320" : 4,
            "24510464" : 6,
            "24772608" : 5,
            "25034752" : 14,
            "25296896" : 41,
            "25559040" : 74,
            "25821184" : 89,
            "26083328" : 143,
            "26345472" : 715,
            "26607616" : 2797,
            "26869760" : 4145,
            "27131904" : 3117,
            "27394048" : 2209,
            "27656192" : 1323,
            "27918336" : 1011,
            "28180480" : 1447,
            "28442624" : 1423,
            "28704768" : 784,
            "28966912" : 414,
            "29229056" : 356,