{
  "fio version" : "fio-3.8",
  "timestamp" : 1552967466,
  "timestamp_ms" : 1552967466545,
  "time" : "Mon Mar 18 20:51:06 2019",
  "jobs" : [
    {
      "jobname" : "wipc",
      "groupid" : 0,
      "error" : 0,
      "eta" : 0,
      "elapsed" : 1396,
      "job options" : {
        "ioengine" : "libaio",
        "group_reporting" : "1",
        "direct" : "1",
        "rw" : "write",
        "bssplit" : "128KB",
        "numjobs" : "2",
        "iodepth" : "16",
        "size" : "75%",
        "io_size" : "128035676160B",
        "filename" : "/dev/sdf"
      },
      "read" : {
        "io_bytes" : 0,
        "io_kbytes" : 0,
        "bw_bytes" : 0,
        "bw" : 0,
        "iops" : 0.000000,
        "runtime" : 0,
        "total_ios" : 0,
        "short_ios" : 0,
        "drop_ios" : 0,
        "slat_ns" : {
          "min" : 0,
          "max" : 0,
          "mean" : 0.000000,
          "stddev" : 0.000000
        },
        "clat_ns" : {
          "min" : 0,
          "max" : 0,
          "mean" : 0.000000,
          "stddev" : 0.000000,
          "percentile" : {
            "1.000000" : 0,
            "5.000000" : 0,
            "10.000000" : 0,
            "20.000000" : 0,
            "30.000000" : 0,
            "40.000000" : 0,
            "50.000000" : 0,
            "60.000000" : 0,
            "70.000000" : 0,
            "80.000000" : 0,
            "90.000000" : 0,
            "95.000000" : 0,
            "99.000000" : 0,
            "99.500000" : 0,
            "99.900000" : 0,
            "99.950000" : 0,
            "99.990000" : 0
          },
          "bins" : {

          }
        },
        "lat_ns" : {
          "min" : 0,
          "max" : 0,
          "mean" : 0.000000,
          "stddev" : 0.000000
        },
        "bw_min" : 0,
        "bw_max" : 0,
        "bw_agg" : 0.000000,
        "bw_mean" : 0.000000,
        "bw_dev" : 0.000000,
        "bw_samples" : 0,
        "iops_min" : 0,
        "iops_max" : 0,
        "iops_mean" : 0.000000,
        "iops_stddev" : 0.000000,
        "iops_samples" : 0
      },
      "write" : {
        "io_bytes" : 256071434240,
        "io_kbytes" : 250069760,
        "bw_bytes" : 183547305,
        "bw" : 179245,
        "iops" : 1400.354807,
        "runtime" : 1395125,
        "total_ios" : 1953670,
        "short_ios" : 0,
        "drop_ios" : 0,
        "slat_ns" : {
          "min" : 6162,
          "max" : 382798,
          "mean" : 15341.533207,
          "stddev" : 4818.022304
        },
        "clat_ns" : {
          "min" : 825990,
          "max" : 134968972,
          "mean" : 22831248.167901,
          "stddev" : 15877784.041966,
          "percentile" : {
            "1.000000" : 12648448,
            "5.000000" : 12910592,
            "10.000000" : 13041664,
            "20.000000" : 13303808,
            "30.000000" : 13565952,
            "40.000000" : 13828096,
            "50.000000" : 14221312,
            "60.000000" : 14614528,
            "70.000000" : 15400960,
            "80.000000" : 35913728,
            "90.000000" : 54263808,
            "95.000000" : 56885248,
            "99.000000" : 62652416,
            "99.500000" : 64749568,
            "99.900000" : 78118912,
            "99.950000" : 85458944,
            "99.990000" : 100139008
          },
          "bins" : {
            "823296" : 1,
            "1236992" : 1,
            "1613824" : 1,
            "1957888" : 1,
            "2310144" : 1,
            "2670592" : 1,
            "3293184" : 2,
            "4014080" : 1,
            "4358144" : 1,
            "4751360" : 1,
            "5406720" : 1,
            "5799936" : 1,
            "6193152" : 1,
            "6520832" : 2,
            "6586368" : 1,
            "6651904" : 3,
            "6717440" : 1,
            "6848512" : 8,
            "6914048" : 8,
            "6979584" : 30,
            "7045120" : 22,
            "7110656" : 5,
            "7176192" : 3,
            "7241728" : 2,
            "7307264" : 2,
            "7438336" : 5,
            "7503872" : 1,
            "7569408" : 3,
            "7634944" : 2,
            "7831552" : 2,
            "7962624" : 1,
            "8028160" : 3,
            "8093696" : 2,
            "8159232" : 4,
            "8224768" : 2,
            "8454144" : 3,
            "8585216" : 18,
            "8716288" : 4,
            "8847360" : 1,
            "8978432" : 2,
            "9109504" : 1,
            "9371648" : 2,
            "9502720" : 1,
            "9764864" : 2,
            "10027008" : 1,
            "10158080" : 2,
            "10420224" : 1,
            "10551296" : 1,
            "10813440" : 1,
            "10944512" : 2,
            "11337728" : 3,
            "11599872" : 7,
            "11730944" : 41,
            "11862016" : 101,
            "11993088" : 112,
            "12124160" : 286,
            "12255232" : 682,
            "12386304" : 1561,
            "12517376" : 4593,
            "12648448" : 15731,
            "12779520" : 41168,
            "12910592" : 72945,
            "13041664" : 90533,
            "13172736" : 101620,
            "13303808" : 108863,
            "13434880" : 111459,
            "13565952" : 106631,
            "13697024" : 95250,
            "13828096" : 81706,
            "13959168" : 73543,
            "14090240" : 68018,
            "14221312" : 64913,
            "14352384" : 62166,
            "14483456" : 55254,
            "14614528" : 47607,
            "14745600" : 41171,
            "14876672" : 36310,
            "15007744" : 31490,
            "15138816" : 26174,
            "15269888" : 20954,
            "15400960" : 17145,
            "15532032" : 12651,
            "15663104" : 8667,
            "15794176" : 6017,
            "15925248" : 4158,
            "16056320" : 3147,
            "16187392" : 2484,
            "16318464" : 1656,
            "16449536" : 1378,
            "16580608" : 1164,
            "16711680" : 885,
            "16908288" : 1268,
            "17170432" : 722,
            "17432576" : 339,
            "17694720" : 152,
            "17956864" : 94,
            "18219008" : 40,
            "18481152" : 35,
            "18743296" : 42,
            "19005440" : 75,
            "19267584" : 89,
            "19529728" : 87,
            "19791872" : 74,
            "20054016" : 63,
            "20316160" : 65,
            "20578304" : 79,
            "20840448" : 68,
            "21102592" : 35,
            "21364736" : 21,
            "21626880" : 29,
            "21889024" : 25,
            "22151168" : 15,
            "22413312" : 14,
            "22675456" : 9,
            "22937600" : 10,
            "23199744" : 3,
            "23724032" : 5,
            "23986176" : 2,
            "24248320" : 3,
            "24510464" : 12,
            "24772608" : 9,
            "25034752" : 14,
            "25296896" : 20,
            "25559040" : 28,
            "25821184" : 45,
            "26083328" : 205,
            "26345472" : 933,
            "26607616" : 3323,
            "26869760" : 4061,
            "27131904" : 2672,
            "27394048" : 1574,
            "27656192" : 1453,
            "27918336" : 1521,
            "28180480" : 1679,
            "28442624" : 1102,
            "28704768" : 779,
            "28966912" : 574,
            "29229056" : 361,
            "29491200" : 245,
            "29753344" : 272,
            "30015488" : 316,
            "30277632" : 388,
            "30539776" : 511,
            "30801920" : 674,
            "31064064" : 765,
            "31326208" : 1074,
            "31588352" : 1333,
            "31850496" : 1735,
            "32112640" : 2389,
            "32374784" : 3112,
            "32636928" : 3911,
            "32899072" : 4975,
            "33161216" : 5721,
            "33423360" : 6449,
            "33816576" : 15480,
            "34340864" : 18677,
            "34865152" : 21972,
            "35389440" : 22453,