{
  "fio version" : "fio-3.8",
  "timestamp" : 1553074431,
  "timestamp_ms" : 1553074431206,
  "time" : "Wed Mar 20 02:33:51 2019",
  "jobs" : [
    {
      "jobname" : "wipc",
      "groupid" : 0,
      "error" : 0,
      "eta" : 0,
      "elapsed" : 1461,
      "job options" : {
        "ioengine" : "libaio",
        "group_reporting" : "1",
        "direct" : "1",
        "rw" : "write",
        "bssplit" : "128KB",
        "numjobs" : "2",
        "iodepth" : "16",
        "size" : "75%",
        "io_size" : "128035676160B",
        "filename" : "/dev/sdd"
      },
      "read" : {
        "io_bytes" : 0,
        "io_kbytes" : 0,
        "bw_bytes" : 0,
        "bw" : 0,
        "iops" : 0.000000,
        "runtime" : 0,
        "total_ios" : 0,
        "short_ios" : 0,
        "drop_ios" : 0,
        "slat_ns" : {
          "min" : 0,
          "max" : 0,
          "mean" : 0.000000,
          "stddev" : 0.000000
        },
        "clat_ns" : {
          "min" : 0,
          "max" : 0,
          "mean" : 0.000000,
          "stddev" : 0.000000,
          "percentile" : {
            "1.000000" : 0,
            "5.000000" : 0,
            "10.000000" : 0,
            "20.000000" : 0,
            "30.000000" : 0,
            "40.000000" : 0,
            "50.000000" : 0,
            "60.000000" : 0,
            "70.000000" : 0,
            "80.000000" : 0,
            "90.000000" : 0,
            "95.000000" : 0,
            "99.000000" : 0,
            "99.500000" : 0,
            "99.900000" : 0,
            "99.950000" : 0,
            "99.990000" : 0
          },
          "bins" : {

          }
        },
        "lat_ns" : {
          "min" : 0,
          "max" : 0,
          "mean" : 0.000000,
          "stddev" : 0.000000
        },
        "bw_min" : 0,
        "bw_max" : 0,
        "bw_agg" : 0.000000,
        "bw_mean" : 0.000000,
        "bw_dev" : 0.000000,
        "bw_samples" : 0,
        "iops_min" : 0,
        "iops_max" : 0,
        "iops_mean" : 0.000000,
        "iops_stddev" : 0.000000,
        "iops_samples" : 0
      },
      "write" : {
        "io_bytes" : 256071434240,
        "io_kbytes" : 250069760,
        "bw_bytes" : 175349597,
        "bw" : 171239,
        "iops" : 1337.811261,
        "runtime" : 1460348,
        "total_ios" : 1953670,
        "short_ios" : 0,
        "drop_ios" : 0,
        "slat_ns" : {
          "min" : 6089,
          "max" : 374804,
          "mean" : 17102.948140,
          "stddev" : 5516.342610
        },
        "clat_ns" : {
          "min" : 511678,
          "max" : 124821554,
          "mean" : 23896031.080467,
          "stddev" : 15515456.288329,
          "percentile" : {
            "1.000000" : 12910592,
            "5.000000" : 13041664,
            "10.000000" : 13303808,
            "20.000000" : 13565952,
            "30.000000" : 13828096,
            "40.000000" : 14090240,
            "50.000000" : 14483456,
            "60.000000" : 15007744,
            "70.000000" : 33161216,
            "80.000000" : 36438016,
            "90.000000" : 54263808,
            "95.000000" : 56885248,
            "99.000000" : 62652416,
            "99.500000" : 64749568,
            "99.900000" : 78118912,
            "99.950000" : 86507520,
            "99.990000" : 100139008
          },
          "bins" : {
            "509952" : 1,
            "1335296" : 1,
            "1351680" : 1,
            "2072576" : 1,
            "2408448" : 1,
            "2801664" : 1,
            "3293184" : 1,
            "3653632" : 1,
            "4014080" : 1,
            "4358144" : 1,
            "4751360" : 1,
            "5341184" : 1,
            "5668864" : 1,
            "6062080" : 1,
            "6389760" : 1,
            "6586368" : 2,
            "6651904" : 3,
            "6717440" : 2,
            "6782976" : 1,
            "6848512" : 7,
            "6914048" : 14,
            "6979584" : 28,
            "7045120" : 34,
            "7110656" : 14,
            "7176192" : 6,
            "7241728" : 16,
            "7307264" : 8,
            "7372800" : 9,
            "7438336" : 12,
            "7503872" : 9,
            "7569408" : 6,
            "7634944" : 7,
            "7700480" : 1,
            "7766016" : 2,
            "7831552" : 2,
            "7897088" : 2,
            "8159232" : 1,
            "8224768" : 1,
            "8585216" : 2,
            "8978432" : 1,
            "9109504" : 1,
            "9502720" : 1,
            "9764864" : 1,
            "10027008" : 1,
            "10158080" : 1,
            "10289152" : 1,
            "10420224" : 2,
            "10682368" : 1,
            "10813440" : 1,
            "11206656" : 3,
            "11337728" : 8,
            "11468800" : 22,
            "11599872" : 28,
            "11730944" : 60,
            "11862016" : 80,
            "11993088" : 104,
            "12124160" : 150,
            "12255232" : 183,
            "12386304" : 268,
            "12517376" : 661,
            "12648448" : 2499,
            "12779520" : 10295,
            "12910592" : 28587,
            "13041664" : 56791,
            "13172736" : 80994,
            "13303808" : 93051,
            "13434880" : 96152,
            "13565952" : 97750,
            "13697024" : 97362,
            "13828096" : 93456,
            "13959168" : 83629,
            "14090240" : 72186,
            "14221312" : 60606,
            "14352384" : 56307,
            "14483456" : 57263,
            "14614528" : 57287,
            "14745600" : 51878,
            "14876672" : 42781,
            "15007744" : 36357,
            "15138816" : 30329,
            "15269888" : 24884,
            "15400960" : 20002,
            "15532032" : 16447,
            "15663104" : 12307,
            "15794176" : 8624,
            "15925248" : 6043,
            "16056320" : 4406,
            "16187392" : 3141,
            "16318464" : 2342,
            "16449536" : 1950,
            "16580608" : 1516,
            "16711680" : 1291,
            "16908288" : 1888,
            "17170432" : 1180,
            "17432576" : 647,
            "17694720" : 248,
            "17956864" : 131,
            "18219008" : 74,
            "18481152" : 39,
            "18743296" : 47,
            "19005440" : 38,
            "19267584" : 53,
            "19529728" : 63,
            "19791872" : 60,
            "20054016" : 64,
            "20316160" : 73,
            "20578304" : 86,
            "20840448" : 59,
            "21102592" : 53,
            "21364736" : 38,
            "21626880" : 47,
            "21889024" : 33,
            "22151168" : 21,
            "22413312" : 11,
            "22675456" : 8,
            "22937600" : 7,
            "23199744" : 2,
            "23461888" : 4,
            "23724032" : 3,
            "23986176" : 4,
            "24248320" : 2,
            "24510464" : 3,
            "24772608" : 3,
            "25034752" : 4,
            "25296896" : 10,
            "25559040" : 20,
            "25821184" : 43,
            "26083328" : 81,
            "26345472" : 255,
            "26607616" : 1177,
            "26869760" : 3659,
            "27131904" : 4755,
            "27394048" : 2703,
            "27656192" : 1829,
            "27918336" : 1249,
            "28180480" : 951,
            "28442624" : 693,
            "28704768" : 550,
            "28966912" : 247,
            "29229056" : 212,
            "29491200" : 213,
            "29753344" : 259,
            "30015488" : 341,
            "30277632" : 423,
            "30539776" : 555,
            "30801920" : 695,
            "31064064" : 897,
            "31326208" : 1169,
            "31588352" : 1480,
            "31850496" : 2037,
            "32112640" : 2724,
            "32374784" : 3811,
            "32636928" : 5053,
            "32899072" : 6496,
            "33161216" : 8503,
            "33423360" : 10316,
            "33816576" : 25147,
            "34340864" : 30036,
            "34865152" : 36437,