{
  "fio version" : "fio-3.8",
  "timestamp" : 1553083507,
  "timestamp_ms" : 1553083507486,
  "time" : "Wed Mar 20 05:05:07 2019",
  "jobs" : [
    {
      "jobname" : "wipc",
      "groupid" : 0,
      "error" : 0,
      "eta" : 0,
      "elapsed" : 1473,
      "job options" : {
        "ioengine" : "libaio",
        "group_reporting" : "1",
        "direct" : "1",
        "rw" : "write",
        "bssplit" : "128KB",
        "numjobs" : "2",
        "iodepth" : "16",
        "size" : "75%",
        "io_size" : "128035676160B",
        "filename" : "/dev/sdh"
      },
      "read" : {
        "io_bytes" : 0,
        "io_kbytes" : 0,
        "bw_bytes" : 0,
        "bw" : 0,
        "iops" : 0.000000,
        "runtime" : 0,
        "total_ios" : 0,
        "short_ios" : 0,
        "drop_ios" : 0,
        "slat_ns" : {
          "min" : 0,
          "max" : 0,
          "mean" : 0.000000,
          "stddev" : 0.000000
        },
        "clat_ns" : {
          "min" : 0,
          "max" : 0,
          "mean" : 0.000000,
          "stddev" : 0.000000,
          "percentile" : {
            "1.000000" : 0,
            "5.000000" : 0,
            "10.000000" : 0,
            "20.000000" : 0,
            "30.000000" : 0,
            "40.000000" : 0,
            "50.000000" : 0,
            "60.000000" : 0,
            "70.000000" : 0,
            "80.000000" : 0,
            "90.000000" : 0,
            "95.000000" : 0,
            "99.000000" : 0,
            "99.500000" : 0,
            "99.900000" : 0,
            "99.950000" : 0,
            "99.990000" : 0
          },
          "bins" : {

          }
        },
        "lat_ns" : {
          "min" : 0,
          "max" : 0,
          "mean" : 0.000000,
          "stddev" : 0.000000
        },
        "bw_min" : 0,
        "bw_max" : 0,
        "bw_agg" : 0.000000,
        "bw_mean" : 0.000000,
        "bw_dev" : 0.000000,
        "bw_samples" : 0,
        "iops_min" : 0,
        "iops_max" : 0,
        "iops_mean" : 0.000000,
        "iops_stddev" : 0.000000,
        "iops_samples" : 0
      },
      "write" : {
        "io_bytes" : 256071434240,
        "io_kbytes" : 250069760,
        "bw_bytes" : 173902974,
        "bw" : 169827,
        "iops" : 1326.774402,
        "runtime" : 1472496,
        "total_ios" : 1953670,
        "short_ios" : 0,
        "drop_ios" : 0,
        "slat_ns" : {
          "min" : 5387,
          "max" : 356251,
          "mean" : 14340.975495,
          "stddev" : 5148.622147
        },
        "clat_ns" : {
          "min" : 488162,
          "max" : 142286747,
          "mean" : 24098012.110154,
          "stddev" : 15746660.807352,
          "percentile" : {
            "1.000000" : 13041664,
            "5.000000" : 13303808,
            "10.000000" : 13565952,
            "20.000000" : 13828096,
            "30.000000" : 14090240,
            "40.000000" : 14352384,
            "50.000000" : 14745600,
            "60.000000" : 15400960,
            "70.000000" : 32636928,
            "80.000000" : 36438016,
            "90.000000" : 55312384,
            "95.000000" : 57933824,
            "99.000000" : 63700992,
            "99.500000" : 65798144,
            "99.900000" : 77070336,
            "99.950000" : 83361792,
            "99.990000" : 99090432
          },
          "bins" : {
            "489472" : 1,
            "1351680" : 1,
            "1368064" : 1,
            "2113536" : 1,
            "2539520" : 1,
            "2867200" : 1,
            "3260416" : 1,
            "3686400" : 1,
            "3817472" : 1,
            "4046848" : 1,
            "4358144" : 1,
            "4751360" : 1,
            "5079040" : 1,
            "5472256" : 1,
            "5865472" : 1,
            "6258688" : 1,
            "6324224" : 3,
            "6455296" : 4,
            "6586368" : 9,
            "6651904" : 10,
            "6717440" : 7,
            "6782976" : 9,
            "6848512" : 8,
            "6914048" : 4,
            "6979584" : 1,
            "7045120" : 1,
            "7110656" : 8,
            "7176192" : 4,
            "7241728" : 5,
            "7307264" : 7,
            "7372800" : 1,
            "7503872" : 1,
            "7634944" : 2,
            "7700480" : 2,
            "7962624" : 1,
            "8028160" : 2,
            "8093696" : 2,
            "8159232" : 1,
            "8290304" : 1,
            "8355840" : 1,
            "8454144" : 2,
            "8716288" : 3,
            "8847360" : 1,
            "8978432" : 1,
            "10027008" : 1,
            "10420224" : 1,
            "10551296" : 1,
            "10682368" : 1,
            "10813440" : 1,
            "11075584" : 1,
            "11206656" : 2,
            "11730944" : 2,
            "11862016" : 1,
            "11993088" : 5,
            "12124160" : 20,
            "12255232" : 28,
            "12386304" : 104,
            "12517376" : 327,
            "12648448" : 990,
            "12779520" : 2426,
            "12910592" : 6823,
            "13041664" : 17451,
            "13172736" : 34793,
            "13303808" : 56888,
            "13434880" : 74088,
            "13565952" : 83321,
            "13697024" : 90339,
            "13828096" : 96514,
            "13959168" : 99878,
            "14090240" : 95064,
            "14221312" : 82101,
            "14352384" : 70583,
            "14483456" : 63264,
            "14614528" : 57528,
            "14745600" : 53046,
            "14876672" : 50012,
            "15007744" : 47428,
            "15138816" : 44642,
            "15269888" : 40146,
            "15400960" : 34138,
            "15532032" : 28877,
            "15663104" : 23335,
            "15794176" : 19158,
            "15925248" : 14071,
            "16056320" : 10151,
            "16187392" : 8186,
            "16318464" : 6557,
            "16449536" : 5203,
            "16580608" : 4061,
            "16711680" : 3078,
            "16908288" : 4113,
            "17170432" : 2198,
            "17432576" : 1212,
            "17694720" : 671,
            "17956864" : 300,
            "18219008" : 205,
            "18481152" : 130,
            "18743296" : 48,
            "19005440" : 46,
            "19267584" : 38,
            "19529728" : 32,
            "19791872" : 39,
            "20054016" : 33,
            "20316160" : 38,
            "20578304" : 58,
            "20840448" : 41,
            "21102592" : 59,
            "21364736" : 40,
            "21626880" : 65,
            "21889024" : 62,
            "22151168" : 45,
            "22413312" : 50,
            "22675456" : 46,
            "22937600" : 38,
            "23199744" : 31,
            "23461888" : 20,
            "23724032" : 16,
            "23986176" : 12,
            "24248320" : 9,
            "24510464" : 7,
            "24772608" : 10,
            "25034752" : 7,
            "25296896" : 11,
            "25559040" : 11,
            "25821184" : 34,
            "26083328" : 51,
            "26345472" : 113,
            "26607616" : 288,
            "26869760" : 1093,
            "27131904" : 2691,
            "27394048" : 3695,
            "27656192" : 2797,
            "27918336" : 2131,
            "28180480" : 1649,
            "28442624" : 1282,
            "28704768" : 1109,
            "28966912" : 843,
            "29229056" : 603,
            "29491200" : 427,
            "29753344" : 372,
            "30015488" : 392,
            "30277632" : 479,
            "30539776" : 558,
            "30801920" : 694,
            "31064064" : 730,
            "31326208" : 1024,
            "31588352" : 1290,
            "31850496" : 1770,
            "32112640" : 2347,
            "32374784" : 3083,
            "32636928" : 4148,
            "32899072" : 5343,
            "33161216" : 6892,
            "33423360" : 8078,
            "33816576" : 21319,
            "34340864" : 26868,
            "34865152" : 31225,
            "35389440" : 33967,
            "35913728" : 33419,