{
  "fio version" : "fio-3.8",
  "timestamp" : 1553303605,
  "timestamp_ms" : 1553303605571,
  "time" : "Fri Mar 22 18:13:25 2019",
  "jobs" : [
    {
      "jobname" : "wipc",
      "groupid" : 0,
      "error" : 0,
      "eta" : 0,
      "elapsed" : 1365,
      "job options" : {
        "ioengine" : "libaio",
        "group_reporting" : "1",
        "direct" : "1",
        "rw" : "write",
        "bssplit" : "128KB",
        "numjobs" : "2",
        "iodepth" : "16",
        "size" : "75%",
        "io_size" : "128035676160B",
        "filename" : "/dev/sdf"
      },
      "read" : {
        "io_bytes" : 0,
        "io_kbytes" : 0,
        "bw_bytes" : 0,
        "bw" : 0,
        "iops" : 0.000000,
        "runtime" : 0,
        "total_ios" : 0,
        "short_ios" : 0,
        "drop_ios" : 0,
        "slat_ns" : {
          "min" : 0,
          "max" : 0,
          "mean" : 0.000000,
          "stddev" : 0.000000
        },
        "clat_ns" : {
          "min" : 0,
          "max" : 0,
          "mean" : 0.000000,
          "stddev" : 0.000000,
          "percentile" : {
            "1.000000" : 0,
            "5.000000" : 0,
            "10.000000" : 0,
            "20.000000" : 0,
            "30.000000" : 0,
            "40.000000" : 0,
            "50.000000" : 0,
            "60.000000" : 0,
            "70.000000" : 0,
            "80.000000" : 0,
            "90.000000" : 0,
            "95.000000" : 0,
            "99.000000" : 0,
            "99.500000" : 0,
            "99.900000" : 0,
            "99.950000" : 0,
            "99.990000" : 0
          },
          "bins" : {

          }
        },
        "lat_ns" : {
          "min" : 0,
          "max" : 0,
          "mean" : 0.000000,
          "stddev" : 0.000000
        },
        "bw_min" : 0,
        "bw_max" : 0,
        "bw_agg" : 0.000000,
        "bw_mean" : 0.000000,
        "bw_dev" : 0.000000,
        "bw_samples" : 0,
        "iops_min" : 0,
        "iops_max" : 0,
        "iops_mean" : 0.000000,
        "iops_stddev" : 0.000000,
        "iops_samples" : 0
      },
      "write" : {
        "io_bytes" : 256071434240,
        "io_kbytes" : 250069760,
        "bw_bytes" : 187672914,
        "bw" : 183274,
        "iops" : 1431.830708,
        "runtime" : 1364456,
        "total_ios" : 1953670,
        "short_ios" : 0,
        "drop_ios" : 0,
        "slat_ns" : {
          "min" : 6096,
          "max" : 383177,
          "mean" : 17499.652737,
          "stddev" : 5079.097128
        },
        "clat_ns" : {
          "min" : 513237,
          "max" : 131743607,
          "mean" : 22325357.089689,
          "stddev" : 14337573.163219,
          "percentile" : {
            "1.000000" : 12779520,
            "5.000000" : 12910592,
            "10.000000" : 13172736,
            "20.000000" : 13434880,
            "30.000000" : 13565952,
            "40.000000" : 13959168,
            "50.000000" : 14352384,
            "60.000000" : 14745600,
            "70.000000" : 16056320,
            "80.000000" : 34865152,
            "90.000000" : 51642368,
            "95.000000" : 55312384,
            "99.000000" : 61079552,
            "99.500000" : 62652416,
            "99.900000" : 71827456,
            "99.950000" : 76021760,
            "99.990000" : 93847552
          },
          "bins" : {
            "514048" : 1,
            "1368064" : 1,
            "1384448" : 1,
            "2072576" : 1,
            "2408448" : 1,
            "2768896" : 1,
            "3129344" : 1,
            "3489792" : 1,
            "3850240" : 1,
            "4227072" : 1,
            "4620288" : 1,
            "4947968" : 1,
            "5275648" : 1,
            "5341184" : 1,
            "5668864" : 1,
            "5931008" : 1,
            "5996544" : 1,
            "6062080" : 2,
            "6127616" : 5,
            "6193152" : 3,
            "6258688" : 2,
            "6324224" : 9,
            "6389760" : 25,
            "6455296" : 28,
            "6520832" : 52,
            "6586368" : 45,
            "6651904" : 42,
            "6717440" : 42,
            "6782976" : 36,
            "6848512" : 39,
            "6914048" : 31,
            "6979584" : 25,
            "7045120" : 31,
            "7110656" : 28,
            "7176192" : 36,
            "7241728" : 40,
            "7307264" : 17,
            "7372800" : 14,
            "7438336" : 23,
            "7503872" : 13,
            "7569408" : 9,
            "7634944" : 19,
            "7700480" : 12,
            "7766016" : 11,
            "7831552" : 12,
            "7897088" : 10,
            "7962624" : 31,
            "8028160" : 27,
            "8093696" : 12,
            "8159232" : 16,
            "8224768" : 5,
            "8290304" : 4,
            "8355840" : 8,
            "8454144" : 9,
            "8585216" : 9,
            "8716288" : 3,
            "8847360" : 3,
            "8978432" : 4,
            "9109504" : 2,
            "9240576" : 3,
            "9371648" : 6,
            "9502720" : 1,
            "9633792" : 4,
            "9764864" : 4,
            "9895936" : 2,
            "10027008" : 2,
            "10158080" : 1,
            "10289152" : 1,
            "10420224" : 2,
            "10551296" : 2,
            "10944512" : 3,
            "11075584" : 1,
            "11337728" : 12,
            "11468800" : 28,
            "11599872" : 67,
            "11730944" : 88,
            "11862016" : 120,
            "11993088" : 190,
            "12124160" : 180,
            "12255232" : 319,
            "12386304" : 777,
            "12517376" : 2755,
            "12648448" : 11245,
            "12779520" : 31056,
            "12910592" : 60154,
            "13041664" : 84696,
            "13172736" : 95859,
            "13303808" : 96510,
            "13434880" : 99053,
            "13565952" : 103841,
            "13697024" : 100006,
            "13828096" : 85119,
            "13959168" : 68430,
            "14090240" : 57850,
            "14221312" : 58835,
            "14352384" : 61958,
            "14483456" : 60152,
            "14614528" : 52751,
            "14745600" : 46452,
            "14876672" : 39338,
            "15007744" : 34686,
            "15138816" : 29951,
            "15269888" : 23965,
            "15400960" : 19009,
            "15532032" : 14147,
            "15663104" : 10457,
            "15794176" : 7841,
            "15925248" : 6230,
            "16056320" : 4936,
            "16187392" : 3594,
            "16318464" : 2855,
            "16449536" : 2192,
            "16580608" : 1651,
            "16711680" : 1665,
            "16908288" : 2169,
            "17170432" : 1151,
            "17432576" : 518,
            "17694720" : 210,
            "17956864" : 88,
            "18219008" : 48,
            "18481152" : 32,
            "18743296" : 40,
            "19005440" : 54,
            "19267584" : 55,
            "19529728" : 46,
            "19791872" : 63,
            "20054016" : 57,
            "20316160" : 86,
            "20578304" : 82,
            "20840448" : 68,
            "21102592" : 66,
            "21364736" : 39,
            "21626880" : 42,
            "21889024" : 35,
            "22151168" : 20,
            "22413312" : 18,
            "22675456" : 4,
            "22937600" : 12,
            "23199744" : 7,
            "23461888" : 11,
            "23724032" : 3,
            "23986176" : 2,
            "24248320" : 4,
            "24510464" : 4,
            "24772608" : 24,
            "25034752" : 95,
            "25296896" : 205,
            "25559040" : 193,
            "25821184" : 79,
            "26083328" : 86,
            "26345472" : 401,
            "26607616" : 2022,
            "26869760" : 3468,
            "27131904" : 2736,
            "27394048" : 2325,
            "27656192" : 1721,
            "27918336" : 1663,
            "28180480" : 1940,
            "28442624" : 1175,
            "28704768" : 664,