{
  "fio version" : "fio-3.8",
  "timestamp" : 1542734296,
  "timestamp_ms" : 1542734296497,
  "time" : "Tue Nov 20 09:18:16 2018",
  "jobs" : [
    {
      "jobname" : "wipc",
      "groupid" : 0,
      "error" : 0,
      "eta" : 0,
      "elapsed" : 1482,
      "job options" : {
        "ioengine" : "libaio",
        "group_reporting" : "1",
        "direct" : "1",
        "rw" : "write",
        "bssplit" : "128KB",
        "numjobs" : "2",
        "iodepth" : "16",
        "size" : "100%",
        "io_size" : "128035676160B",
        "filename" : "/dev/sdb"
      },
      "read" : {
        "io_bytes" : 0,
        "io_kbytes" : 0,
        "bw_bytes" : 0,
        "bw" : 0,
        "iops" : 0.000000,
        "runtime" : 0,
        "total_ios" : 0,
        "short_ios" : 0,
        "drop_ios" : 0,
        "slat_ns" : {
          "min" : 0,
          "max" : 0,
          "mean" : 0.000000,
          "stddev" : 0.000000
        },
        "clat_ns" : {
          "min" : 0,
          "max" : 0,
          "mean" : 0.000000,
          "stddev" : 0.000000,
          "percentile" : {
            "1.000000" : 0,
            "5.000000" : 0,
            "10.000000" : 0,
            "20.000000" : 0,
            "30.000000" : 0,
            "40.000000" : 0,
            "50.000000" : 0,
            "60.000000" : 0,
            "70.000000" : 0,
            "80.000000" : 0,
            "90.000000" : 0,
            "95.000000" : 0,
            "99.000000" : 0,
            "99.500000" : 0,
            "99.900000" : 0,
            "99.950000" : 0,
            "99.990000" : 0
          },
          "bins" : {

          }
        },
        "lat_ns" : {
          "min" : 0,
          "max" : 0,
          "mean" : 0.000000,
          "stddev" : 0.000000
        },
        "bw_min" : 0,
        "bw_max" : 0,
        "bw_agg" : 0.000000,
        "bw_mean" : 0.000000,
        "bw_dev" : 0.000000,
        "bw_samples" : 0,
        "iops_min" : 0,
        "iops_max" : 0,
        "iops_mean" : 0.000000,
        "iops_stddev" : 0.000000,
        "iops_samples" : 0
      },
      "write" : {
        "io_bytes" : 256071172096,
        "io_kbytes" : 250069504,
        "bw_bytes" : 172853347,
        "bw" : 168802,
        "iops" : 1318.766386,
        "runtime" : 1481436,
        "total_ios" : 1953668,
        "short_ios" : 0,
        "drop_ios" : 0,
        "slat_ns" : {
          "min" : 5398,
          "max" : 348738,
          "mean" : 11818.645406,
          "stddev" : 3536.054761
        },
        "clat_ns" : {
          "min" : 496740,
          "max" : 122635039,
          "mean" : 24236188.690402,
          "stddev" : 16542633.626677,
          "percentile" : {
            "1.000000" : 12648448,
            "5.000000" : 12910592,
            "10.000000" : 13041664,
            "20.000000" : 13303808,
            "30.000000" : 13565952,
            "40.000000" : 13959168,
            "50.000000" : 14352384,
            "60.000000" : 14876672,
            "70.000000" : 31588352,
            "80.000000" : 37486592,
            "90.000000" : 54788096,
            "95.000000" : 57409536,
            "99.000000" : 62128128,
            "99.500000" : 63176704,
            "99.900000" : 71827456,
            "99.950000" : 73924608,
            "99.990000" : 80216064
          },
          "bins" : {
            "497664" : 1,
            "1351680" : 2,
            "2072576" : 1,
            "2408448" : 1,
            "2801664" : 1,
            "3227648" : 1,
            "3489792" : 1,
            "3948544" : 1,
            "4292608" : 1,
            "4685824" : 1,
            "5013504" : 1,
            "5472256" : 1,
            "5734400" : 1,
            "6062080" : 1,
            "6127616" : 1,
            "6258688" : 1,
            "6324224" : 3,
            "6389760" : 2,
            "6455296" : 4,
            "6520832" : 8,
            "6586368" : 4,
            "6651904" : 3,
            "6717440" : 12,
            "6782976" : 39,
            "6848512" : 49,
            "6914048" : 70,
            "6979584" : 83,
            "7045120" : 63,
            "7110656" : 37,
            "7176192" : 21,
            "7241728" : 31,
            "7307264" : 33,
            "7372800" : 23,
            "7438336" : 28,
            "7503872" : 32,
            "7569408" : 31,
            "7634944" : 21,
            "7700480" : 8,
            "7766016" : 17,
            "7831552" : 21,
            "7897088" : 25,
            "7962624" : 19,
            "8028160" : 15,
            "8093696" : 18,
            "8159232" : 17,
            "8224768" : 24,
            "8290304" : 22,
            "8355840" : 23,
            "8454144" : 46,
            "8585216" : 51,
            "8716288" : 14,
            "8847360" : 12,
            "8978432" : 7,
            "9109504" : 5,
            "9240576" : 3,
            "9371648" : 2,
            "9502720" : 1,
            "9764864" : 1,
            "10027008" : 2,
            "10289152" : 1,
            "10420224" : 2,
            "10944512" : 1,
            "11075584" : 1,
            "11337728" : 1,
            "11468800" : 2,
            "11599872" : 11,
            "11730944" : 43,
            "11862016" : 88,
            "11993088" : 150,
            "12124160" : 290,
            "12255232" : 651,
            "12386304" : 1699,
            "12517376" : 5935,
            "12648448" : 18553,
            "12779520" : 40909,
            "12910592" : 69921,
            "13041664" : 88418,
            "13172736" : 91789,
            "13303808" : 99338,
            "13434880" : 101055,
            "13565952" : 96514,
            "13697024" : 89940,
            "13828096" : 73843,
            "13959168" : 63956,
            "14090240" : 65271,
            "14221312" : 63505,
            "14352384" : 57009,
            "14483456" : 48237,
            "14614528" : 40184,
            "14745600" : 37397,
            "14876672" : 36093,
            "15007744" : 30834,
            "15138816" : 26292,
            "15269888" : 22255,
            "15400960" : 16720,
            "15532032" : 12631,
            "15663104" : 8931,
            "15794176" : 7350,
            "15925248" : 5320,
            "16056320" : 3937,
            "16187392" : 3164,
            "16318464" : 2500,
            "16449536" : 2349,
            "16580608" : 1653,
            "16711680" : 1358,
            "16908288" : 1736,
            "17170432" : 930,
            "17432576" : 505,
            "17694720" : 333,
            "17956864" : 217,
            "18219008" : 201,
            "18481152" : 205,
            "18743296" : 235,
            "19005440" : 167,
            "19267584" : 125,
            "19529728" : 125,
            "19791872" : 131,
            "20054016" : 125,
            "20316160" : 73,
            "20578304" : 34,
            "20840448" : 36,
            "21102592" : 16,
            "21364736" : 8,
            "21626880" : 15,
            "21889024" : 8,
            "22151168" : 8,
            "22413312" : 25,
            "22675456" : 16,
            "22937600" : 14,
            "23199744" : 17,
            "23461888" : 9,
            "23724032" : 21,
            "23986176" : 14,
            "24248320" : 7,
            "24510464" : 6,
            "24772608" : 9,
            "25034752" : 42,
            "25296896" : 70,
            "25559040" : 93,
            "25821184" : 118,
            "26083328" : 176,
            "26345472" : 406,
            "26607616" : 2236,
            "26869760" : 3813,
            "27131904" : 2745,
            "27394048" : 1350,
            "27656192" : 1262,
            "27918336" : 1106,
            "28180480" : 1354,
            "28442624" : 1372,
            "28704768" : 1056,
            "28966912" : 542,
            "29229056" : 396,
            "29491200" : 345,
            "29753344" : 408,
            "30015488" : 495,
            "30277632" : 533,
            "30539776" : 557,
            "30801920" : 755,