{
  "fio version" : "fio-3.8",
  "timestamp" : 1542088815,
  "timestamp_ms" : 1542088815414,
  "time" : "Mon Nov 12 22:00:15 2018",
  "jobs" : [
    {
      "jobname" : "wipc",
      "groupid" : 0,
      "error" : 0,
      "eta" : 0,
      "elapsed" : 1488,
      "job options" : {
        "ioengine" : "libaio",
        "group_reporting" : "1",
        "direct" : "1",
        "rw" : "write",
        "bssplit" : "128KB",
        "numjobs" : "2",
        "iodepth" : "16",
        "size" : "100%",
        "io_size" : "128035676160B",
        "filename" : "/dev/sdb"
      },
      "read" : {
        "io_bytes" : 0,
        "io_kbytes" : 0,
        "bw_bytes" : 0,
        "bw" : 0,
        "iops" : 0.000000,
        "runtime" : 0,
        "total_ios" : 0,
        "short_ios" : 0,
        "drop_ios" : 0,
        "slat_ns" : {
          "min" : 0,
          "max" : 0,
          "mean" : 0.000000,
          "stddev" : 0.000000
        },
        "clat_ns" : {
          "min" : 0,
          "max" : 0,
          "mean" : 0.000000,
          "stddev" : 0.000000,
          "percentile" : {
            "1.000000" : 0,
            "5.000000" : 0,
            "10.000000" : 0,
            "20.000000" : 0,
            "30.000000" : 0,
            "40.000000" : 0,
            "50.000000" : 0,
            "60.000000" : 0,
            "70.000000" : 0,
            "80.000000" : 0,
            "90.000000" : 0,
            "95.000000" : 0,
            "99.000000" : 0,
            "99.500000" : 0,
            "99.900000" : 0,
            "99.950000" : 0,
            "99.990000" : 0
          },
          "bins" : {

          }
        },
        "lat_ns" : {
          "min" : 0,
          "max" : 0,
          "mean" : 0.000000,
          "stddev" : 0.000000
        },
        "bw_min" : 0,
        "bw_max" : 0,
        "bw_agg" : 0.000000,
        "bw_mean" : 0.000000,
        "bw_dev" : 0.000000,
        "bw_samples" : 0,
        "iops_min" : 0,
        "iops_max" : 0,
        "iops_mean" : 0.000000,
        "iops_stddev" : 0.000000,
        "iops_samples" : 0
      },
      "write" : {
        "io_bytes" : 256071172096,
        "io_kbytes" : 250069504,
        "bw_bytes" : 172219658,
        "bw" : 168183,
        "iops" : 1313.931724,
        "runtime" : 1486887,
        "total_ios" : 1953668,
        "short_ios" : 0,
        "drop_ios" : 0,
        "slat_ns" : {
          "min" : 5337,
          "max" : 605779,
          "mean" : 12845.718160,
          "stddev" : 3434.037157
        },
        "clat_ns" : {
          "min" : 853843,
          "max" : 115860804,
          "mean" : 24321505.972878,
          "stddev" : 16348425.019746,
          "percentile" : {
            "1.000000" : 12648448,
            "5.000000" : 12910592,
            "10.000000" : 13041664,
            "20.000000" : 13172736,
            "30.000000" : 13303808,
            "40.000000" : 13434880,
            "50.000000" : 13828096,
            "60.000000" : 14352384,
            "70.000000" : 34340864,
            "80.000000" : 37486592,
            "90.000000" : 54788096,
            "95.000000" : 57409536,
            "99.000000" : 62652416,
            "99.500000" : 64225280,
            "99.900000" : 69730304,
            "99.950000" : 71827456,
            "99.990000" : 77070336
          },
          "bins" : {
            "856064" : 1,
            "1433600" : 1,
            "1449984" : 1,
            "2244608" : 1,
            "2506752" : 1,
            "2998272" : 1,
            "3358720" : 1,
            "3784704" : 1,
            "4177920" : 1,
            "4423680" : 1,
            "4751360" : 1,
            "5275648" : 1,
            "5537792" : 1,
            "5996544" : 1,
            "6324224" : 2,
            "6389760" : 3,
            "6455296" : 1,
            "6520832" : 1,
            "6586368" : 1,
            "6651904" : 5,
            "6717440" : 2,
            "6782976" : 2,
            "6848512" : 13,
            "6914048" : 46,
            "6979584" : 81,
            "7045120" : 94,
            "7110656" : 82,
            "7176192" : 76,
            "7241728" : 63,
            "7307264" : 30,
            "7372800" : 44,
            "7438336" : 51,
            "7503872" : 45,
            "7569408" : 45,
            "7634944" : 24,
            "7700480" : 18,
            "7766016" : 15,
            "7831552" : 17,
            "7897088" : 14,
            "7962624" : 7,
            "8028160" : 31,
            "8093696" : 22,
            "8159232" : 4,
            "8224768" : 2,
            "8290304" : 10,
            "8355840" : 13,
            "8454144" : 31,
            "8585216" : 32,
            "8716288" : 5,
            "8847360" : 5,
            "8978432" : 2,
            "9109504" : 7,
            "9502720" : 1,
            "9633792" : 2,
            "10027008" : 2,
            "10289152" : 1,
            "10551296" : 1,
            "10682368" : 1,
            "10944512" : 1,
            "11206656" : 2,
            "11337728" : 11,
            "11468800" : 38,
            "11599872" : 117,
            "11730944" : 169,
            "11862016" : 181,
            "11993088" : 184,
            "12124160" : 217,
            "12255232" : 368,
            "12386304" : 1124,
            "12517376" : 5254,
            "12648448" : 19376,
            "12779520" : 50889,
            "12910592" : 103360,
            "13041664" : 157968,
            "13172736" : 173252,
            "13303808" : 157500,
            "13434880" : 127883,
            "13565952" : 93007,
            "13697024" : 75131,
            "13828096" : 64878,
            "13959168" : 50674,
            "14090240" : 39361,
            "14221312" : 31251,
            "14352384" : 23288,
            "14483456" : 17600,
            "14614528" : 13710,
            "14745600" : 12712,
            "14876672" : 12944,
            "15007744" : 11395,
            "15138816" : 10162,
            "15269888" : 9289,
            "15400960" : 8114,
            "15532032" : 5822,
            "15663104" : 3539,
            "15794176" : 2149,
            "15925248" : 1215,
            "16056320" : 805,
            "16187392" : 518,
            "16318464" : 323,
            "16449536" : 215,
            "16580608" : 138,
            "16711680" : 112,
            "16908288" : 190,
            "17170432" : 117,
            "17432576" : 82,
            "17694720" : 41,
            "17956864" : 26,
            "18219008" : 5,
            "18481152" : 9,
            "18743296" : 45,
            "19005440" : 92,
            "19267584" : 104,
            "19529728" : 144,
            "19791872" : 122,
            "20054016" : 125,
            "20316160" : 109,
            "20578304" : 115,
            "20840448" : 67,
            "21102592" : 52,
            "21364736" : 48,
            "21626880" : 28,
            "21889024" : 23,
            "22151168" : 14,
            "22413312" : 5,
            "22675456" : 1,
            "23199744" : 2,
            "23986176" : 5,
            "24248320" : 6,
            "24510464" : 5,
            "24772608" : 14,
            "25034752" : 13,
            "25296896" : 28,
            "25559040" : 45,
            "25821184" : 109,
            "26083328" : 217,
            "26345472" : 1007,
            "26607616" : 4952,
            "26869760" : 5431,
            "27131904" : 2536,
            "27394048" : 1340,
            "27656192" : 953,
            "27918336" : 687,
            "28180480" : 540,
            "28442624" : 346,
            "28704768" : 279,
            "28966912" : 226,
            "29229056" : 240,
            "29491200" : 281,
            "29753344" : 300,
            "30015488" : 306,
            "30277632" : 335,
            "30539776" : 446,
            "30801920" : 472,
            "31064064" : 601,
            "31326208" : 709,
            "31588352" : 974,
            "31850496" : 1238,
            "32112640" : 1663,
            "32374784" : 2254,