{
  "fio version" : "fio-3.8",
  "timestamp" : 1545032714,
  "timestamp_ms" : 1545032714166,
  "time" : "Sun Dec 16 23:45:14 2018",
  "jobs" : [
    {
      "jobname" : "wipc",
      "groupid" : 0,
      "error" : 0,
      "eta" : 0,
      "elapsed" : 1523,
      "job options" : {
        "ioengine" : "libaio",
        "group_reporting" : "1",
        "direct" : "1",
        "rw" : "write",
        "bssplit" : "128KB",
        "numjobs" : "2",
        "iodepth" : "16",
        "size" : "100%",
        "io_size" : "128035676160B",
        "filename" : "/dev/sda"
      },
      "read" : {
        "io_bytes" : 0,
        "io_kbytes" : 0,
        "bw_bytes" : 0,
        "bw" : 0,
        "iops" : 0.000000,
        "runtime" : 0,
        "total_ios" : 0,
        "short_ios" : 0,
        "drop_ios" : 0,
        "slat_ns" : {
          "min" : 0,
          "max" : 0,
          "mean" : 0.000000,
          "stddev" : 0.000000
        },
        "clat_ns" : {
          "min" : 0,
          "max" : 0,
          "mean" : 0.000000,
          "stddev" : 0.000000,
          "percentile" : {
            "1.000000" : 0,
            "5.000000" : 0,
            "10.000000" : 0,
            "20.000000" : 0,
            "30.000000" : 0,
            "40.000000" : 0,
            "50.000000" : 0,
            "60.000000" : 0,
            "70.000000" : 0,
            "80.000000" : 0,
            "90.000000" : 0,
            "95.000000" : 0,
            "99.000000" : 0,
            "99.500000" : 0,
            "99.900000" : 0,
            "99.950000" : 0,
            "99.990000" : 0
          },
          "bins" : {

          }
        },
        "lat_ns" : {
          "min" : 0,
          "max" : 0,
          "mean" : 0.000000,
          "stddev" : 0.000000
        },
        "bw_min" : 0,
        "bw_max" : 0,
        "bw_agg" : 0.000000,
        "bw_mean" : 0.000000,
        "bw_dev" : 0.000000,
        "bw_samples" : 0,
        "iops_min" : 0,
        "iops_max" : 0,
        "iops_mean" : 0.000000,
        "iops_stddev" : 0.000000,
        "iops_samples" : 0
      },
      "write" : {
        "io_bytes" : 256071172096,
        "io_kbytes" : 250069504,
        "bw_bytes" : 168257001,
        "bw" : 164313,
        "iops" : 1283.699048,
        "runtime" : 1521905,
        "total_ios" : 1953668,
        "short_ios" : 0,
        "drop_ios" : 0,
        "slat_ns" : {
          "min" : 5378,
          "max" : 324984,
          "mean" : 15331.517555,
          "stddev" : 5415.105455
        },
        "clat_ns" : {
          "min" : 521921,
          "max" : 111293068,
          "mean" : 24899623.996538,
          "stddev" : 16562931.727005,
          "percentile" : {
            "1.000000" : 13041664,
            "5.000000" : 13303808,
            "10.000000" : 13565952,
            "20.000000" : 13828096,
            "30.000000" : 14090240,
            "40.000000" : 14352384,
            "50.000000" : 14876672,
            "60.000000" : 15400960,
            "70.000000" : 33423360,
            "80.000000" : 38010880,
            "90.000000" : 55312384,
            "95.000000" : 58458112,
            "99.000000" : 63176704,
            "99.500000" : 64225280,
            "99.900000" : 71827456,
            "99.950000" : 73924608,
            "99.990000" : 80216064
          },
          "bins" : {
            "522240" : 1,
            "1351680" : 1,
            "1400832" : 1,
            "2113536" : 1,
            "2441216" : 1,
            "2867200" : 1,
            "3457024" : 1,
            "3817472" : 1,
            "4177920" : 1,
            "4554752" : 1,
            "4947968" : 1,
            "5537792" : 1,
            "5931008" : 1,
            "6127616" : 1,
            "6258688" : 1,
            "6389760" : 3,
            "6455296" : 10,
            "6520832" : 12,
            "6586368" : 17,
            "6651904" : 18,
            "6717440" : 43,
            "6782976" : 74,
            "6848512" : 59,
            "6914048" : 69,
            "6979584" : 67,
            "7045120" : 49,
            "7110656" : 51,
            "7176192" : 53,
            "7241728" : 40,
            "7307264" : 42,
            "7372800" : 55,
            "7438336" : 55,
            "7503872" : 39,
            "7569408" : 39,
            "7634944" : 37,
            "7700480" : 40,
            "7766016" : 31,
            "7831552" : 16,
            "7897088" : 19,
            "7962624" : 24,
            "8028160" : 10,
            "8093696" : 8,
            "8159232" : 4,
            "8224768" : 11,
            "8290304" : 28,
            "8355840" : 17,
            "8454144" : 57,
            "8585216" : 55,
            "8716288" : 32,
            "8847360" : 22,
            "8978432" : 33,
            "9109504" : 14,
            "9240576" : 8,
            "9371648" : 4,
            "9502720" : 1,
            "9764864" : 2,
            "9895936" : 3,
            "10027008" : 1,
            "10158080" : 1,
            "10289152" : 3,
            "10420224" : 1,
            "10551296" : 1,
            "10682368" : 2,
            "10944512" : 1,
            "11075584" : 3,
            "11468800" : 3,
            "11599872" : 1,
            "11730944" : 9,
            "11862016" : 33,
            "11993088" : 36,
            "12124160" : 57,
            "12255232" : 78,
            "12386304" : 98,
            "12517376" : 181,
            "12648448" : 351,
            "12779520" : 1307,
            "12910592" : 5084,
            "13041664" : 14259,
            "13172736" : 32161,
            "13303808" : 57776,
            "13434880" : 79745,
            "13565952" : 90711,
            "13697024" : 89384,
            "13828096" : 87427,
            "13959168" : 87585,
            "14090240" : 88883,
            "14221312" : 83398,
            "14352384" : 70850,
            "14483456" : 59779,
            "14614528" : 55031,
            "14745600" : 54869,
            "14876672" : 53140,
            "15007744" : 49855,
            "15138816" : 45821,
            "15269888" : 41259,
            "15400960" : 35648,
            "15532032" : 30182,
            "15663104" : 25707,
            "15794176" : 20265,
            "15925248" : 14543,
            "16056320" : 10366,
            "16187392" : 7663,
            "16318464" : 5929,
            "16449536" : 4531,
            "16580608" : 3378,
            "16711680" : 2936,
            "16908288" : 4913,
            "17170432" : 3249,
            "17432576" : 1693,
            "17694720" : 730,
            "17956864" : 256,
            "18219008" : 89,
            "18481152" : 45,
            "18743296" : 25,
            "19005440" : 26,
            "19267584" : 27,
            "19529728" : 39,
            "19791872" : 48,
            "20054016" : 63,
            "20316160" : 86,
            "20578304" : 82,
            "20840448" : 102,
            "21102592" : 93,
            "21364736" : 74,
            "21626880" : 54,
            "21889024" : 58,
            "22151168" : 45,
            "22413312" : 33,
            "22675456" : 20,
            "22937600" : 22,
            "23199744" : 17,
            "23461888" : 13,
            "23724032" : 18,
            "23986176" : 19,
            "24248320" : 8,
            "24510464" : 11,
            "24772608" : 21,
            "25034752" : 36,
            "25296896" : 28,
            "25559040" : 24,
            "25821184" : 28,
            "26083328" : 43,
            "26345472" : 58,
            "26607616" : 143,
            "26869760" : 624,
            "27131904" : 2435,
            "27394048" : 4196,
            "27656192" : 2924,
            "27918336" : 1601,
            "28180480" : 1036,
            "28442624" : 977,
            "28704768" : 1471,
            "28966912" : 1410,
            "29229056" : 821,
            "29491200" : 375,
            "29753344" : 262,
            "30015488" : 307,
            "30277632" : 314,
            "30539776" : 355,
            "30801920" : 433,