{
  "fio version" : "fio-3.8",
  "timestamp" : 1545428244,
  "timestamp_ms" : 1545428244810,
  "time" : "Fri Dec 21 13:37:24 2018",
  "jobs" : [
    {
      "jobname" : "wipc",
      "groupid" : 0,
      "error" : 0,
      "eta" : 0,
      "elapsed" : 1516,
      "job options" : {
        "ioengine" : "libaio",
        "group_reporting" : "1",
        "direct" : "1",
        "rw" : "write",
        "bssplit" : "128KB",
        "numjobs" : "2",
        "iodepth" : "16",
        "size" : "100%",
        "io_size" : "128035676160B",
        "filename" : "/dev/sda"
      },
      "read" : {
        "io_bytes" : 0,
        "io_kbytes" : 0,
        "bw_bytes" : 0,
        "bw" : 0,
        "iops" : 0.000000,
        "runtime" : 0,
        "total_ios" : 0,
        "short_ios" : 0,
        "drop_ios" : 0,
        "slat_ns" : {
          "min" : 0,
          "max" : 0,
          "mean" : 0.000000,
          "stddev" : 0.000000
        },
        "clat_ns" : {
          "min" : 0,
          "max" : 0,
          "mean" : 0.000000,
          "stddev" : 0.000000,
          "percentile" : {
            "1.000000" : 0,
            "5.000000" : 0,
            "10.000000" : 0,
            "20.000000" : 0,
            "30.000000" : 0,
            "40.000000" : 0,
            "50.000000" : 0,
            "60.000000" : 0,
            "70.000000" : 0,
            "80.000000" : 0,
            "90.000000" : 0,
            "95.000000" : 0,
            "99.000000" : 0,
            "99.500000" : 0,
            "99.900000" : 0,
            "99.950000" : 0,
            "99.990000" : 0
          },
          "bins" : {

          }
        },
        "lat_ns" : {
          "min" : 0,
          "max" : 0,
          "mean" : 0.000000,
          "stddev" : 0.000000
        },
        "bw_min" : 0,
        "bw_max" : 0,
        "bw_agg" : 0.000000,
        "bw_mean" : 0.000000,
        "bw_dev" : 0.000000,
        "bw_samples" : 0,
        "iops_min" : 0,
        "iops_max" : 0,
        "iops_mean" : 0.000000,
        "iops_stddev" : 0.000000,
        "iops_samples" : 0
      },
      "write" : {
        "io_bytes" : 256071172096,
        "io_kbytes" : 250069504,
        "bw_bytes" : 168956070,
        "bw" : 164996,
        "iops" : 1289.032520,
        "runtime" : 1515608,
        "total_ios" : 1953668,
        "short_ios" : 0,
        "drop_ios" : 0,
        "slat_ns" : {
          "min" : 5321,
          "max" : 358319,
          "mean" : 13969.671990,
          "stddev" : 4357.028312
        },
        "clat_ns" : {
          "min" : 896264,
          "max" : 91969207,
          "mean" : 24791808.417294,
          "stddev" : 16290212.597721,
          "percentile" : {
            "1.000000" : 12910592,
            "5.000000" : 13172736,
            "10.000000" : 13303808,
            "20.000000" : 13565952,
            "30.000000" : 13959168,
            "40.000000" : 14221312,
            "50.000000" : 14614528,
            "60.000000" : 15269888,
            "70.000000" : 33816576,
            "80.000000" : 37486592,
            "90.000000" : 55312384,
            "95.000000" : 57933824,
            "99.000000" : 62652416,
            "99.500000" : 64225280,
            "99.900000" : 70778880,
            "99.950000" : 72876032,
            "99.990000" : 77070336
          },
          "bins" : {
            "897024" : 1,
            "1466368" : 1,
            "1482752" : 1,
            "2179072" : 1,
            "2572288" : 1,
            "2932736" : 1,
            "3424256" : 1,
            "3784704" : 1,
            "4177920" : 1,
            "4554752" : 1,
            "4947968" : 1,
            "5341184" : 1,
            "5734400" : 1,
            "6127616" : 2,
            "6389760" : 1,
            "6455296" : 2,
            "6520832" : 1,
            "6586368" : 2,
            "6717440" : 1,
            "6782976" : 5,
            "6848512" : 9,
            "6914048" : 8,
            "6979584" : 9,
            "7045120" : 19,
            "7110656" : 8,
            "7176192" : 8,
            "7241728" : 21,
            "7307264" : 33,
            "7372800" : 41,
            "7438336" : 28,
            "7503872" : 5,
            "7569408" : 3,
            "7634944" : 9,
            "7700480" : 6,
            "7766016" : 4,
            "7897088" : 5,
            "7962624" : 5,
            "8028160" : 5,
            "8093696" : 10,
            "8159232" : 15,
            "8224768" : 5,
            "8290304" : 7,
            "8355840" : 9,
            "8454144" : 9,
            "8585216" : 16,
            "8716288" : 17,
            "8847360" : 2,
            "8978432" : 12,
            "9109504" : 2,
            "9240576" : 6,
            "9371648" : 1,
            "9764864" : 2,
            "9895936" : 3,
            "10027008" : 1,
            "10289152" : 2,
            "10682368" : 3,
            "10944512" : 1,
            "11075584" : 1,
            "11206656" : 1,
            "11337728" : 2,
            "11468800" : 4,
            "11599872" : 27,
            "11730944" : 51,
            "11862016" : 70,
            "11993088" : 104,
            "12124160" : 133,
            "12255232" : 134,
            "12386304" : 199,
            "12517376" : 419,
            "12648448" : 1322,
            "12779520" : 5039,
            "12910592" : 15085,
            "13041664" : 35348,
            "13172736" : 61509,
            "13303808" : 84146,
            "13434880" : 93295,
            "13565952" : 96386,
            "13697024" : 95123,
            "13828096" : 93447,
            "13959168" : 86310,
            "14090240" : 75601,
            "14221312" : 63977,
            "14352384" : 57139,
            "14483456" : 55804,
            "14614528" : 56996,
            "14745600" : 50549,
            "14876672" : 43764,
            "15007744" : 37054,
            "15138816" : 34012,
            "15269888" : 30165,
            "15400960" : 26777,
            "15532032" : 21998,
            "15663104" : 17376,
            "15794176" : 13671,
            "15925248" : 9515,
            "16056320" : 7031,
            "16187392" : 5363,
            "16318464" : 4388,
            "16449536" : 3461,
            "16580608" : 2773,
            "16711680" : 2439,
            "16908288" : 3578,
            "17170432" : 2176,
            "17432576" : 1234,
            "17694720" : 630,
            "17956864" : 199,
            "18219008" : 74,
            "18481152" : 54,
            "18743296" : 33,
            "19005440" : 34,
            "19267584" : 52,
            "19529728" : 73,
            "19791872" : 71,
            "20054016" : 64,
            "20316160" : 65,
            "20578304" : 105,
            "20840448" : 108,
            "21102592" : 88,
            "21364736" : 64,
            "21626880" : 72,
            "21889024" : 44,
            "22151168" : 43,
            "22413312" : 38,
            "22675456" : 25,
            "22937600" : 12,
            "23199744" : 7,
            "23461888" : 5,
            "23724032" : 4,
            "23986176" : 6,
            "24248320" : 6,
            "24510464" : 9,
            "24772608" : 14,
            "25034752" : 11,
            "25296896" : 20,
            "25559040" : 35,
            "25821184" : 51,
            "26083328" : 65,
            "26345472" : 171,
            "26607616" : 782,
            "26869760" : 3258,
            "27131904" : 4968,
            "27394048" : 3078,
            "27656192" : 1763,
            "27918336" : 1321,
            "28180480" : 1076,
            "28442624" : 727,
            "28704768" : 459,
            "28966912" : 305,
            "29229056" : 236,
            "29491200" : 230,
            "29753344" : 207,
            "30015488" : 241,
            "30277632" : 311,
            "30539776" : 403,
            "30801920" : 494,
            "31064064" : 568,
            "31326208" : 769,
            "31588352" : 984,
            "31850496" : 1381,
            "32112640" : 1996,