{
  "fio version" : "fio-3.8",
  "timestamp" : 1546923971,
  "timestamp_ms" : 1546923971233,
  "time" : "Mon Jan  7 21:06:11 2019",
  "jobs" : [
    {
      "jobname" : "wipc",
      "groupid" : 0,
      "error" : 0,
      "eta" : 0,
      "elapsed" : 1409,
      "job options" : {
        "ioengine" : "libaio",
        "group_reporting" : "1",
        "direct" : "1",
        "rw" : "write",
        "bssplit" : "128KB",
        "numjobs" : "2",
        "iodepth" : "16",
        "size" : "75%",
        "io_size" : "128035676160B",
        "filename" : "/dev/sda"
      },
      "read" : {
        "io_bytes" : 0,
        "io_kbytes" : 0,
        "bw_bytes" : 0,
        "bw" : 0,
        "iops" : 0.000000,
        "runtime" : 0,
        "total_ios" : 0,
        "short_ios" : 0,
        "drop_ios" : 0,
        "slat_ns" : {
          "min" : 0,
          "max" : 0,
          "mean" : 0.000000,
          "stddev" : 0.000000
        },
        "clat_ns" : {
          "min" : 0,
          "max" : 0,
          "mean" : 0.000000,
          "stddev" : 0.000000,
          "percentile" : {
            "1.000000" : 0,
            "5.000000" : 0,
            "10.000000" : 0,
            "20.000000" : 0,
            "30.000000" : 0,
            "40.000000" : 0,
            "50.000000" : 0,
            "60.000000" : 0,
            "70.000000" : 0,
            "80.000000" : 0,
            "90.000000" : 0,
            "95.000000" : 0,
            "99.000000" : 0,
            "99.500000" : 0,
            "99.900000" : 0,
            "99.950000" : 0,
            "99.990000" : 0
          },
          "bins" : {

          }
        },
        "lat_ns" : {
          "min" : 0,
          "max" : 0,
          "mean" : 0.000000,
          "stddev" : 0.000000
        },
        "bw_min" : 0,
        "bw_max" : 0,
        "bw_agg" : 0.000000,
        "bw_mean" : 0.000000,
        "bw_dev" : 0.000000,
        "bw_samples" : 0,
        "iops_min" : 0,
        "iops_max" : 0,
        "iops_mean" : 0.000000,
        "iops_stddev" : 0.000000,
        "iops_samples" : 0
      },
      "write" : {
        "io_bytes" : 256071434240,
        "io_kbytes" : 250069760,
        "bw_bytes" : 181827075,
        "bw" : 177565,
        "iops" : 1387.230495,
        "runtime" : 1408324,
        "total_ios" : 1953670,
        "short_ios" : 0,
        "drop_ios" : 0,
        "slat_ns" : {
          "min" : 5443,
          "max" : 115343,
          "mean" : 12895.936476,
          "stddev" : 3576.105828
        },
        "clat_ns" : {
          "min" : 518458,
          "max" : 116869237,
          "mean" : 23036274.071851,
          "stddev" : 14580848.541159,
          "percentile" : {
            "1.000000" : 12910592,
            "5.000000" : 13041664,
            "10.000000" : 13303808,
            "20.000000" : 13565952,
            "30.000000" : 13828096,
            "40.000000" : 14090240,
            "50.000000" : 14483456,
            "60.000000" : 15007744,
            "70.000000" : 31850496,
            "80.000000" : 35913728,
            "90.000000" : 52166656,
            "95.000000" : 55836672,
            "99.000000" : 61603840,
            "99.500000" : 63700992,
            "99.900000" : 73924608,
            "99.950000" : 78118912,
            "99.990000" : 92798976
          },
          "bins" : {
            "518144" : 1,
            "1433600" : 2,
            "2179072" : 1,
            "2572288" : 1,
            "2965504" : 1,
            "3325952" : 1,
            "3719168" : 1,
            "4046848" : 1,
            "4554752" : 1,
            "4947968" : 1,
            "5275648" : 1,
            "5668864" : 1,
            "5931008" : 1,
            "5996544" : 1,
            "6127616" : 1,
            "6193152" : 1,
            "6258688" : 5,
            "6324224" : 36,
            "6389760" : 58,
            "6455296" : 53,
            "6520832" : 76,
            "6586368" : 126,
            "6651904" : 142,
            "6717440" : 142,
            "6782976" : 116,
            "6848512" : 61,
            "6914048" : 90,
            "6979584" : 121,
            "7045120" : 93,
            "7110656" : 93,
            "7176192" : 142,
            "7241728" : 88,
            "7307264" : 86,
            "7372800" : 99,
            "7438336" : 82,
            "7503872" : 52,
            "7569408" : 49,
            "7634944" : 17,
            "7700480" : 16,
            "7766016" : 15,
            "7831552" : 47,
            "7897088" : 33,
            "7962624" : 70,
            "8028160" : 90,
            "8093696" : 61,
            "8159232" : 74,
            "8224768" : 56,
            "8290304" : 45,
            "8355840" : 28,
            "8454144" : 52,
            "8585216" : 28,
            "8716288" : 31,
            "8847360" : 6,
            "8978432" : 9,
            "9109504" : 3,
            "9371648" : 1,
            "9502720" : 2,
            "9764864" : 4,
            "9895936" : 1,
            "10027008" : 1,
            "10289152" : 1,
            "10420224" : 1,
            "10682368" : 3,
            "10813440" : 1,
            "11075584" : 1,
            "11468800" : 1,
            "11599872" : 1,
            "11730944" : 5,
            "11862016" : 21,
            "11993088" : 35,
            "12124160" : 89,
            "12255232" : 155,
            "12386304" : 278,
            "12517376" : 936,
            "12648448" : 2808,
            "12779520" : 9805,
            "12910592" : 27118,
            "13041664" : 54615,
            "13172736" : 77881,
            "13303808" : 94601,
            "13434880" : 100356,
            "13565952" : 100355,
            "13697024" : 103646,
            "13828096" : 99676,
            "13959168" : 86946,
            "14090240" : 70432,
            "14221312" : 58019,
            "14352384" : 55789,
            "14483456" : 56391,
            "14614528" : 53409,
            "14745600" : 48624,
            "14876672" : 43428,
            "15007744" : 38549,
            "15138816" : 33394,
            "15269888" : 28183,
            "15400960" : 22782,
            "15532032" : 17221,
            "15663104" : 12302,
            "15794176" : 9026,
            "15925248" : 6603,
            "16056320" : 5130,
            "16187392" : 4139,
            "16318464" : 3225,
            "16449536" : 2645,
            "16580608" : 2266,
            "16711680" : 1811,
            "16908288" : 2490,
            "17170432" : 1604,
            "17432576" : 770,
            "17694720" : 344,
            "17956864" : 151,
            "18219008" : 101,
            "18481152" : 75,
            "18743296" : 73,
            "19005440" : 72,
            "19267584" : 57,
            "19529728" : 76,
            "19791872" : 69,
            "20054016" : 100,
            "20316160" : 84,
            "20578304" : 93,
            "20840448" : 70,
            "21102592" : 61,
            "21364736" : 60,
            "21626880" : 60,
            "21889024" : 51,
            "22151168" : 36,
            "22413312" : 12,
            "22675456" : 8,
            "22937600" : 8,
            "23199744" : 5,
            "23461888" : 6,
            "23724032" : 2,
            "23986176" : 3,
            "24248320" : 2,
            "24510464" : 4,
            "24772608" : 9,
            "25034752" : 5,
            "25296896" : 16,
            "25559040" : 34,
            "25821184" : 91,
            "26083328" : 114,
            "26345472" : 241,
            "26607616" : 1193,
            "26869760" : 3938,
            "27131904" : 4830,
            "27394048" : 3647,
            "27656192" : 2065,
            "27918336" : 883,
            "28180480" : 620,
            "28442624" : 643,
            "28704768" : 456,
            "28966912" : 339,
            "29229056" : 262,
            "29491200" : 303,
            "29753344" : 336,
            "30015488" : 329,
            "30277632" : 444,
            "30539776" : 529,
            "30801920" : 680,