{
  "fio version" : "fio-3.8",
  "timestamp" : 1542779662,
  "timestamp_ms" : 1542779662674,
  "time" : "Tue Nov 20 21:54:22 2018",
  "jobs" : [
    {
      "jobname" : "wipc",
      "groupid" : 0,
      "error" : 0,
      "eta" : 0,
      "elapsed" : 1492,
      "job options" : {
        "ioengine" : "libaio",
        "group_reporting" : "1",
        "direct" : "1",
        "rw" : "write",
        "bssplit" : "128KB",
        "numjobs" : "2",
        "iodepth" : "16",
        "size" : "100%",
        "io_size" : "128035676160B",
        "filename" : "/dev/sdb"
      },
      "read" : {
        "io_bytes" : 0,
        "io_kbytes" : 0,
        "bw_bytes" : 0,
        "bw" : 0,
        "iops" : 0.000000,
        "runtime" : 0,
        "total_ios" : 0,
        "short_ios" : 0,
        "drop_ios" : 0,
        "slat_ns" : {
          "min" : 0,
          "max" : 0,
          "mean" : 0.000000,
          "stddev" : 0.000000
        },
        "clat_ns" : {
          "min" : 0,
          "max" : 0,
          "mean" : 0.000000,
          "stddev" : 0.000000,
          "percentile" : {
            "1.000000" : 0,
            "5.000000" : 0,
            "10.000000" : 0,
            "20.000000" : 0,
            "30.000000" : 0,
            "40.000000" : 0,
            "50.000000" : 0,
            "60.000000" : 0,
            "70.000000" : 0,
            "80.000000" : 0,
            "90.000000" : 0,
            "95.000000" : 0,
            "99.000000" : 0,
            "99.500000" : 0,
            "99.900000" : 0,
            "99.950000" : 0,
            "99.990000" : 0
          },
          "bins" : {

          }
        },
        "lat_ns" : {
          "min" : 0,
          "max" : 0,
          "mean" : 0.000000,
          "stddev" : 0.000000
        },
        "bw_min" : 0,
        "bw_max" : 0,
        "bw_agg" : 0.000000,
        "bw_mean" : 0.000000,
        "bw_dev" : 0.000000,
        "bw_samples" : 0,
        "iops_min" : 0,
        "iops_max" : 0,
        "iops_mean" : 0.000000,
        "iops_stddev" : 0.000000,
        "iops_samples" : 0
      },
      "write" : {
        "io_bytes" : 256071172096,
        "io_kbytes" : 250069504,
        "bw_bytes" : 171693684,
        "bw" : 167669,
        "iops" : 1309.918857,
        "runtime" : 1491442,
        "total_ios" : 1953668,
        "short_ios" : 0,
        "drop_ios" : 0,
        "slat_ns" : {
          "min" : 5392,
          "max" : 565210,
          "mean" : 13510.599570,
          "stddev" : 3766.770394
        },
        "clat_ns" : {
          "min" : 875364,
          "max" : 102449927,
          "mean" : 24402968.146682,
          "stddev" : 15832354.279259,
          "percentile" : {
            "1.000000" : 12779520,
            "5.000000" : 12910592,
            "10.000000" : 13172736,
            "20.000000" : 13434880,
            "30.000000" : 13697024,
            "40.000000" : 13959168,
            "50.000000" : 14352384,
            "60.000000" : 15007744,
            "70.000000" : 33816576,
            "80.000000" : 36962304,
            "90.000000" : 54263808,
            "95.000000" : 56360960,
            "99.000000" : 62128128,
            "99.500000" : 63700992,
            "99.900000" : 70778880,
            "99.950000" : 73924608,
            "99.990000" : 80216064
          },
          "bins" : {
            "872448" : 1,
            "1318912" : 1,
            "1384448" : 1,
            "2039808" : 1,
            "2408448" : 1,
            "2801664" : 1,
            "3194880" : 1,
            "3588096" : 1,
            "3948544" : 1,
            "4358144" : 1,
            "4685824" : 1,
            "5079040" : 1,
            "5472256" : 1,
            "5865472" : 1,
            "6258688" : 1,
            "6651904" : 1,
            "7045120" : 1,
            "7372800" : 1,
            "7700480" : 1,
            "8093696" : 1,
            "8454144" : 1,
            "8847360" : 1,
            "9502720" : 1,
            "9895936" : 1,
            "10289152" : 1,
            "10682368" : 1,
            "11206656" : 1,
            "11599872" : 2,
            "11730944" : 8,
            "11862016" : 25,
            "11993088" : 74,
            "12124160" : 145,
            "12255232" : 301,
            "12386304" : 827,
            "12517376" : 3311,
            "12648448" : 12736,
            "12779520" : 32238,
            "12910592" : 60978,
            "13041664" : 84248,
            "13172736" : 93150,
            "13303808" : 95910,
            "13434880" : 97867,
            "13565952" : 98504,
            "13697024" : 90876,
            "13828096" : 74495,
            "13959168" : 62207,
            "14090240" : 56088,
            "14221312" : 57969,
            "14352384" : 58220,
            "14483456" : 52097,
            "14614528" : 43191,
            "14745600" : 37018,
            "14876672" : 34335,
            "15007744" : 31204,
            "15138816" : 25517,
            "15269888" : 19325,
            "15400960" : 14312,
            "15532032" : 10613,
            "15663104" : 7216,
            "15794176" : 5591,
            "15925248" : 4177,
            "16056320" : 3007,
            "16187392" : 2248,
            "16318464" : 1796,
            "16449536" : 1566,
            "16580608" : 1162,
            "16711680" : 947,
            "16908288" : 1361,
            "17170432" : 780,
            "17432576" : 298,
            "17694720" : 164,
            "17956864" : 47,
            "18219008" : 32,
            "18481152" : 34,
            "18743296" : 27,
            "19005440" : 40,
            "19267584" : 48,
            "19529728" : 32,
            "19791872" : 30,
            "20054016" : 38,
            "20316160" : 58,
            "20578304" : 52,
            "20840448" : 67,
            "21102592" : 45,
            "21364736" : 77,
            "21626880" : 81,
            "21889024" : 77,
            "22151168" : 82,
            "22413312" : 63,
            "22675456" : 39,
            "22937600" : 41,
            "23199744" : 34,
            "23461888" : 27,
            "23724032" : 11,
            "23986176" : 10,
            "24248320" : 4,
            "24510464" : 3,
            "24772608" : 5,
            "25034752" : 22,
            "25296896" : 94,
            "25559040" : 158,
            "25821184" : 80,
            "26083328" : 130,
            "26345472" : 327,
            "26607616" : 935,
            "26869760" : 2361,
            "27131904" : 2808,
            "27394048" : 2231,
            "27656192" : 1912,
            "27918336" : 1860,
            "28180480" : 1546,
            "28442624" : 1197,
            "28704768" : 1030,
            "28966912" : 731,
            "29229056" : 641,
            "29491200" : 540,
            "29753344" : 490,
            "30015488" : 473,
            "30277632" : 545,
            "30539776" : 629,
            "30801920" : 775,
            "31064064" : 909,
            "31326208" : 1284,
            "31588352" : 1738,
            "31850496" : 2403,
            "32112640" : 3465,
            "32374784" : 4544,
            "32636928" : 5816,
            "32899072" : 7404,
            "33161216" : 9204,
            "33423360" : 10670,
            "33816576" : 27460,
            "34340864" : 35000,
            "34865152" : 41248,
            "35389440" : 40802,
            "35913728" : 36766,
            "36438016" : 31418,
            "36962304" : 24633,
            "37486592" : 16068,
            "38010880" : 10956,
            "38535168" : 9073,
            "39059456" : 7662,
            "39583744" : 6912,
            "40108032" : 6383,
            "40632320" : 5818,
            "41156608" : 4625,
            "41680896" : 3157,
            "42205184" : 2073,
            "42729472" : 1388,
            "43253760" : 912,
            "43778048" : 631,
            "44302336" : 446,
            "44826624" : 433,
            "45350912" : 372,
            "45875200" : 294,
            "46399488" : 371,