{
  "fio version" : "fio-3.8",
  "timestamp" : 1545382190,
  "timestamp_ms" : 1545382190654,
  "time" : "Fri Dec 21 00:49:50 2018",
  "jobs" : [
    {
      "jobname" : "wipc",
      "groupid" : 0,
      "error" : 0,
      "eta" : 0,
      "elapsed" : 1552,
      "job options" : {
        "ioengine" : "libaio",
        "group_reporting" : "1",
        "direct" : "1",
        "rw" : "write",
        "bssplit" : "128KB",
        "numjobs" : "2",
        "iodepth" : "16",
        "size" : "100%",
        "io_size" : "128035676160B",
        "filename" : "/dev/sdb"
      },
      "read" : {
        "io_bytes" : 0,
        "io_kbytes" : 0,
        "bw_bytes" : 0,
        "bw" : 0,
        "iops" : 0.000000,
        "runtime" : 0,
        "total_ios" : 0,
        "short_ios" : 0,
        "drop_ios" : 0,
        "slat_ns" : {
          "min" : 0,
          "max" : 0,
          "mean" : 0.000000,
          "stddev" : 0.000000
        },
        "clat_ns" : {
          "min" : 0,
          "max" : 0,
          "mean" : 0.000000,
          "stddev" : 0.000000,
          "percentile" : {
            "1.000000" : 0,
            "5.000000" : 0,
            "10.000000" : 0,
            "20.000000" : 0,
            "30.000000" : 0,
            "40.000000" : 0,
            "50.000000" : 0,
            "60.000000" : 0,
            "70.000000" : 0,
            "80.000000" : 0,
            "90.000000" : 0,
            "95.000000" : 0,
            "99.000000" : 0,
            "99.500000" : 0,
            "99.900000" : 0,
            "99.950000" : 0,
            "99.990000" : 0
          },
          "bins" : {

          }
        },
        "lat_ns" : {
          "min" : 0,
          "max" : 0,
          "mean" : 0.000000,
          "stddev" : 0.000000
        },
        "bw_min" : 0,
        "bw_max" : 0,
        "bw_agg" : 0.000000,
        "bw_mean" : 0.000000,
        "bw_dev" : 0.000000,
        "bw_samples" : 0,
        "iops_min" : 0,
        "iops_max" : 0,
        "iops_mean" : 0.000000,
        "iops_stddev" : 0.000000,
        "iops_samples" : 0
      },
      "write" : {
        "io_bytes" : 256071172096,
        "io_kbytes" : 250069504,
        "bw_bytes" : 165053761,
        "bw" : 161185,
        "iops" : 1259.260262,
        "runtime" : 1551441,
        "total_ios" : 1953668,
        "short_ios" : 0,
        "drop_ios" : 0,
        "slat_ns" : {
          "min" : 5463,
          "max" : 362327,
          "mean" : 14784.661253,
          "stddev" : 4503.316879
        },
        "clat_ns" : {
          "min" : 832014,
          "max" : 92644636,
          "mean" : 25394119.744076,
          "stddev" : 16124499.628573,
          "percentile" : {
            "1.000000" : 13172736,
            "5.000000" : 13434880,
            "10.000000" : 13565952,
            "20.000000" : 13828096,
            "30.000000" : 14090240,
            "40.000000" : 14352384,
            "50.000000" : 14745600,
            "60.000000" : 15532032,
            "70.000000" : 35913728,
            "80.000000" : 38535168,
            "90.000000" : 55836672,
            "95.000000" : 58458112,
            "99.000000" : 64225280,
            "99.500000" : 65798144,
            "99.900000" : 72876032,
            "99.950000" : 77070336,
            "99.990000" : 84410368
          },
          "bins" : {
            "831488" : 1,
            "1302528" : 1,
            "1384448" : 1,
            "2039808" : 1,
            "2408448" : 1,
            "2768896" : 1,
            "3325952" : 1,
            "3686400" : 1,
            "4046848" : 1,
            "4423680" : 1,
            "4816896" : 1,
            "5406720" : 1,
            "5799936" : 1,
            "6127616" : 1,
            "6520832" : 1,
            "6586368" : 1,
            "6848512" : 1,
            "7045120" : 1,
            "7241728" : 1,
            "7569408" : 1,
            "7831552" : 1,
            "7962624" : 1,
            "8290304" : 1,
            "8585216" : 1,
            "8978432" : 1,
            "9240576" : 1,
            "9633792" : 1,
            "10027008" : 2,
            "10420224" : 2,
            "10682368" : 1,
            "10944512" : 1,
            "11075584" : 1,
            "11206656" : 1,
            "11468800" : 1,
            "11599872" : 1,
            "11730944" : 6,
            "11862016" : 15,
            "11993088" : 23,
            "12124160" : 77,
            "12255232" : 154,
            "12386304" : 166,
            "12517376" : 354,
            "12648448" : 702,
            "12779520" : 1334,
            "12910592" : 3649,
            "13041664" : 8408,
            "13172736" : 20533,
            "13303808" : 40284,
            "13434880" : 64865,
            "13565952" : 86194,
            "13697024" : 99741,
            "13828096" : 103026,
            "13959168" : 101624,
            "14090240" : 97755,
            "14221312" : 89759,
            "14352384" : 78946,
            "14483456" : 68570,
            "14614528" : 58846,
            "14745600" : 52055,
            "14876672" : 45132,
            "15007744" : 38696,
            "15138816" : 32807,
            "15269888" : 29749,
            "15400960" : 28215,
            "15532032" : 24787,
            "15663104" : 20373,
            "15794176" : 15719,
            "15925248" : 11419,
            "16056320" : 7754,
            "16187392" : 4731,
            "16318464" : 2955,
            "16449536" : 1786,
            "16580608" : 1120,
            "16711680" : 665,
            "16908288" : 602,
            "17170432" : 240,
            "17432576" : 171,
            "17694720" : 140,
            "17956864" : 166,
            "18219008" : 102,
            "18481152" : 63,
            "18743296" : 20,
            "19005440" : 12,
            "19267584" : 34,
            "19529728" : 64,
            "19791872" : 84,
            "20054016" : 73,
            "20316160" : 55,
            "20578304" : 53,
            "20840448" : 56,
            "21102592" : 59,
            "21364736" : 43,
            "21626880" : 25,
            "21889024" : 29,
            "22151168" : 22,
            "22413312" : 16,
            "22675456" : 10,
            "22937600" : 1,
            "23199744" : 1,
            "23724032" : 1,
            "23986176" : 1,
            "24772608" : 1,
            "25296896" : 3,
            "25559040" : 12,
            "25821184" : 38,
            "26083328" : 88,
            "26345472" : 173,
            "26607616" : 258,
            "26869760" : 956,
            "27131904" : 3100,
            "27394048" : 4416,
            "27656192" : 2835,
            "27918336" : 1837,
            "28180480" : 1167,
            "28442624" : 796,
            "28704768" : 714,
            "28966912" : 748,
            "29229056" : 344,
            "29491200" : 225,
            "29753344" : 151,
            "30015488" : 170,
            "30277632" : 157,
            "30539776" : 198,
            "30801920" : 212,
            "31064064" : 279,
            "31326208" : 372,
            "31588352" : 459,
            "31850496" : 510,
            "32112640" : 636,
            "32374784" : 840,
            "32636928" : 1103,
            "32899072" : 1383,
            "33161216" : 1824,
            "33423360" : 2497,
            "33816576" : 8429,
            "34340864" : 15378,
            "34865152" : 22279,
            "35389440" : 28819,
            "35913728" : 36079,
            "36438016" : 44666,
            "36962304" : 47162,
            "37486592" : 42376,
            "38010880" : 37023,
            "38535168" : 32179,
            "39059456" : 24751,
            "39583744" : 16819,
            "40108032" : 12228,
            "40632320" : 9870,
            "41156608" : 8558,
            "41680896" : 7955,
            "42205184" : 7407,
            "42729472" : 6592,
            "43253760" : 5276,
            "43778048" : 3772,
            "44302336" : 2536,
            "44826624" : 1617,