{
  "fio version" : "fio-3.8",
  "timestamp" : 1553223775,
  "timestamp_ms" : 1553223775198,
  "time" : "Thu Mar 21 20:02:55 2019",
  "jobs" : [
    {
      "jobname" : "wipc",
      "groupid" : 0,
      "error" : 0,
      "eta" : 0,
      "elapsed" : 1412,
      "job options" : {
        "ioengine" : "libaio",
        "group_reporting" : "1",
        "direct" : "1",
        "rw" : "write",
        "bssplit" : "128KB",
        "numjobs" : "2",
        "iodepth" : "16",
        "size" : "75%",
        "io_size" : "128035676160B",
        "filename" : "/dev/sda"
      },
      "read" : {
        "io_bytes" : 0,
        "io_kbytes" : 0,
        "bw_bytes" : 0,
        "bw" : 0,
        "iops" : 0.000000,
        "runtime" : 0,
        "total_ios" : 0,
        "short_ios" : 0,
        "drop_ios" : 0,
        "slat_ns" : {
          "min" : 0,
          "max" : 0,
          "mean" : 0.000000,
          "stddev" : 0.000000
        },
        "clat_ns" : {
          "min" : 0,
          "max" : 0,
          "mean" : 0.000000,
          "stddev" : 0.000000,
          "percentile" : {
            "1.000000" : 0,
            "5.000000" : 0,
            "10.000000" : 0,
            "20.000000" : 0,
            "30.000000" : 0,
            "40.000000" : 0,
            "50.000000" : 0,
            "60.000000" : 0,
            "70.000000" : 0,
            "80.000000" : 0,
            "90.000000" : 0,
            "95.000000" : 0,
            "99.000000" : 0,
            "99.500000" : 0,
            "99.900000" : 0,
            "99.950000" : 0,
            "99.990000" : 0
          },
          "bins" : {

          }
        },
        "lat_ns" : {
          "min" : 0,
          "max" : 0,
          "mean" : 0.000000,
          "stddev" : 0.000000
        },
        "bw_min" : 0,
        "bw_max" : 0,
        "bw_agg" : 0.000000,
        "bw_mean" : 0.000000,
        "bw_dev" : 0.000000,
        "bw_samples" : 0,
        "iops_min" : 0,
        "iops_max" : 0,
        "iops_mean" : 0.000000,
        "iops_stddev" : 0.000000,
        "iops_samples" : 0
      },
      "write" : {
        "io_bytes" : 256071434240,
        "io_kbytes" : 250069760,
        "bw_bytes" : 181393788,
        "bw" : 177142,
        "iops" : 1383.924777,
        "runtime" : 1411688,
        "total_ios" : 1953670,
        "short_ios" : 0,
        "drop_ios" : 0,
        "slat_ns" : {
          "min" : 6985,
          "max" : 324412,
          "mean" : 18068.136287,
          "stddev" : 5140.239744
        },
        "clat_ns" : {
          "min" : 496611,
          "max" : 122355705,
          "mean" : 23095894.895043,
          "stddev" : 14692648.630925,
          "percentile" : {
            "1.000000" : 12779520,
            "5.000000" : 13041664,
            "10.000000" : 13172736,
            "20.000000" : 13434880,
            "30.000000" : 13697024,
            "40.000000" : 13959168,
            "50.000000" : 14483456,
            "60.000000" : 15007744,
            "70.000000" : 32374784,
            "80.000000" : 35913728,
            "90.000000" : 52166656,
            "95.000000" : 55836672,
            "99.000000" : 61603840,
            "99.500000" : 63700992,
            "99.900000" : 74973184,
            "99.950000" : 79167488,
            "99.990000" : 94896128
          },
          "bins" : {
            "497664" : 1,
            "1368064" : 2,
            "2072576" : 1,
            "2441216" : 1,
            "2834432" : 1,
            "3293184" : 1,
            "3588096" : 1,
            "3948544" : 1,
            "4292608" : 1,
            "4620288" : 1,
            "5079040" : 1,
            "5668864" : 1,
            "5996544" : 1,
            "6193152" : 2,
            "6258688" : 2,
            "6324224" : 5,
            "6389760" : 2,
            "6455296" : 6,
            "6520832" : 20,
            "6586368" : 34,
            "6651904" : 74,
            "6717440" : 70,
            "6782976" : 62,
            "6848512" : 46,
            "6914048" : 70,
            "6979584" : 52,
            "7045120" : 53,
            "7110656" : 43,
            "7176192" : 42,
            "7241728" : 57,
            "7307264" : 50,
            "7372800" : 66,
            "7438336" : 85,
            "7503872" : 59,
            "7569408" : 33,
            "7634944" : 28,
            "7700480" : 19,
            "7766016" : 19,
            "7831552" : 16,
            "7897088" : 8,
            "7962624" : 30,
            "8028160" : 43,
            "8093696" : 29,
            "8159232" : 37,
            "8224768" : 34,
            "8290304" : 24,
            "8355840" : 37,
            "8454144" : 25,
            "8585216" : 49,
            "8716288" : 34,
            "8847360" : 15,
            "8978432" : 16,
            "9109504" : 9,
            "9240576" : 7,
            "9371648" : 4,
            "9502720" : 5,
            "9633792" : 2,
            "9764864" : 2,
            "9895936" : 3,
            "10027008" : 2,
            "10158080" : 1,
            "10289152" : 4,
            "10420224" : 2,
            "10551296" : 3,
            "10682368" : 2,
            "10813440" : 2,
            "10944512" : 1,
            "11075584" : 1,
            "11337728" : 3,
            "11468800" : 1,
            "11599872" : 7,
            "11730944" : 28,
            "11862016" : 80,
            "11993088" : 113,
            "12124160" : 227,
            "12255232" : 365,
            "12386304" : 884,
            "12517376" : 2892,
            "12648448" : 9667,
            "12779520" : 26099,
            "12910592" : 53419,
            "13041664" : 76992,
            "13172736" : 91707,
            "13303808" : 100494,
            "13434880" : 103460,
            "13565952" : 100732,
            "13697024" : 89587,
            "13828096" : 75722,
            "13959168" : 64974,
            "14090240" : 60034,
            "14221312" : 57604,
            "14352384" : 56731,
            "14483456" : 54008,
            "14614528" : 49316,
            "14745600" : 43894,
            "14876672" : 37692,
            "15007744" : 32428,
            "15138816" : 27792,
            "15269888" : 22847,
            "15400960" : 19432,
            "15532032" : 16486,
            "15663104" : 12788,
            "15794176" : 10218,
            "15925248" : 7671,
            "16056320" : 5861,
            "16187392" : 4641,
            "16318464" : 3593,
            "16449536" : 2766,
            "16580608" : 2189,
            "16711680" : 1949,
            "16908288" : 3193,
            "17170432" : 1982,
            "17432576" : 857,
            "17694720" : 311,
            "17956864" : 141,
            "18219008" : 49,
            "18481152" : 23,
            "18743296" : 27,
            "19005440" : 31,
            "19267584" : 43,
            "19529728" : 50,
            "19791872" : 59,
            "20054016" : 68,
            "20316160" : 86,
            "20578304" : 73,
            "20840448" : 65,
            "21102592" : 66,
            "21364736" : 97,
            "21626880" : 44,
            "21889024" : 35,
            "22151168" : 33,
            "22413312" : 20,
            "22675456" : 9,
            "22937600" : 5,
            "23199744" : 2,
            "23461888" : 3,
            "23724032" : 3,
            "23986176" : 6,
            "24248320" : 3,
            "24772608" : 10,
            "25034752" : 91,
            "25296896" : 173,
            "25559040" : 124,
            "25821184" : 85,
            "26083328" : 169,
            "26345472" : 619,
            "26607616" : 2272,
            "26869760" : 3441,
            "27131904" : 3155,
            "27394048" : 2326,
            "27656192" : 2012,
            "27918336" : 1592,
            "28180480" : 1014,
            "28442624" : 767,
            "28704768" : 573,
            "28966912" : 266,
            "29229056" : 221,
            "29491200" : 250,
            "29753344" : 293,
            "30015488" : 353,