{
  "fio version" : "fio-3.8",
  "timestamp" : 1543075973,
  "timestamp_ms" : 1543075973073,
  "time" : "Sat Nov 24 08:12:53 2018",
  "jobs" : [
    {
      "jobname" : "wipc",
      "groupid" : 0,
      "error" : 0,
      "eta" : 0,
      "elapsed" : 1424,
      "job options" : {
        "ioengine" : "libaio",
        "group_reporting" : "1",
        "direct" : "1",
        "rw" : "write",
        "bssplit" : "128KB",
        "numjobs" : "2",
        "iodepth" : "16",
        "size" : "75%",
        "io_size" : "128035676160B",
        "filename" : "/dev/sdb"
      },
      "read" : {
        "io_bytes" : 0,
        "io_kbytes" : 0,
        "bw_bytes" : 0,
        "bw" : 0,
        "iops" : 0.000000,
        "runtime" : 0,
        "total_ios" : 0,
        "short_ios" : 0,
        "drop_ios" : 0,
        "slat_ns" : {
          "min" : 0,
          "max" : 0,
          "mean" : 0.000000,
          "stddev" : 0.000000
        },
        "clat_ns" : {
          "min" : 0,
          "max" : 0,
          "mean" : 0.000000,
          "stddev" : 0.000000,
          "percentile" : {
            "1.000000" : 0,
            "5.000000" : 0,
            "10.000000" : 0,
            "20.000000" : 0,
            "30.000000" : 0,
            "40.000000" : 0,
            "50.000000" : 0,
            "60.000000" : 0,
            "70.000000" : 0,
            "80.000000" : 0,
            "90.000000" : 0,
            "95.000000" : 0,
            "99.000000" : 0,
            "99.500000" : 0,
            "99.900000" : 0,
            "99.950000" : 0,
            "99.990000" : 0
          },
          "bins" : {

          }
        },
        "lat_ns" : {
          "min" : 0,
          "max" : 0,
          "mean" : 0.000000,
          "stddev" : 0.000000
        },
        "bw_min" : 0,
        "bw_max" : 0,
        "bw_agg" : 0.000000,
        "bw_mean" : 0.000000,
        "bw_dev" : 0.000000,
        "bw_samples" : 0,
        "iops_min" : 0,
        "iops_max" : 0,
        "iops_mean" : 0.000000,
        "iops_stddev" : 0.000000,
        "iops_samples" : 0
      },
      "write" : {
        "io_bytes" : 256071434240,
        "io_kbytes" : 250069760,
        "bw_bytes" : 179865232,
        "bw" : 175649,
        "iops" : 1372.262825,
        "runtime" : 1423685,
        "total_ios" : 1953670,
        "short_ios" : 0,
        "drop_ios" : 0,
        "slat_ns" : {
          "min" : 5334,
          "max" : 621275,
          "mean" : 11188.619000,
          "stddev" : 4016.549136
        },
        "clat_ns" : {
          "min" : 882967,
          "max" : 131343918,
          "mean" : 23305290.212249,
          "stddev" : 15898880.629148,
          "percentile" : {
            "1.000000" : 12517376,
            "5.000000" : 12779520,
            "10.000000" : 12910592,
            "20.000000" : 13172736,
            "30.000000" : 13434880,
            "40.000000" : 13565952,
            "50.000000" : 13959168,
            "60.000000" : 14352384,
            "70.000000" : 28704768,
            "80.000000" : 35913728,
            "90.000000" : 54263808,
            "95.000000" : 56360960,
            "99.000000" : 62128128,
            "99.500000" : 65273856,
            "99.900000" : 80216064,
            "99.950000" : 87556096,
            "99.990000" : 104333312
          },
          "bins" : {
            "880640" : 1,
            "1286144" : 1,
            "1400832" : 1,
            "1679360" : 1,
            "2375680" : 1,
            "2768896" : 2,
            "3194880" : 1,
            "3588096" : 1,
            "3948544" : 1,
            "4292608" : 1,
            "4620288" : 1,
            "5013504" : 2,
            "5079040" : 1,
            "5275648" : 1,
            "5472256" : 1,
            "5799936" : 2,
            "6258688" : 1,
            "6520832" : 1,
            "6848512" : 1,
            "6914048" : 1,
            "6979584" : 1,
            "7241728" : 2,
            "7307264" : 1,
            "7569408" : 1,
            "7700480" : 2,
            "7962624" : 1,
            "8028160" : 1,
            "8290304" : 1,
            "8454144" : 1,
            "8716288" : 1,
            "9371648" : 1,
            "9764864" : 1,
            "10158080" : 1,
            "10551296" : 1,
            "10682368" : 1,
            "11075584" : 12,
            "11206656" : 38,
            "11337728" : 115,
            "11468800" : 154,
            "11599872" : 140,
            "11730944" : 176,
            "11862016" : 206,
            "11993088" : 339,
            "12124160" : 654,
            "12255232" : 1335,
            "12386304" : 4080,
            "12517376" : 14888,
            "12648448" : 40730,
            "12779520" : 69824,
            "12910592" : 96675,
            "13041664" : 108286,
            "13172736" : 113483,
            "13303808" : 124987,
            "13434880" : 118337,
            "13565952" : 104620,
            "13697024" : 84446,
            "13828096" : 67015,
            "13959168" : 64938,
            "14090240" : 64582,
            "14221312" : 52678,
            "14352384" : 41887,
            "14483456" : 35543,
            "14614528" : 32773,
            "14745600" : 31630,
            "14876672" : 26022,
            "15007744" : 18900,
            "15138816" : 13766,
            "15269888" : 8580,
            "15400960" : 5044,
            "15532032" : 2968,
            "15663104" : 1588,
            "15794176" : 1035,
            "15925248" : 591,
            "16056320" : 345,
            "16187392" : 188,
            "16318464" : 120,
            "16449536" : 89,
            "16580608" : 61,
            "16711680" : 63,
            "16908288" : 186,
            "17170432" : 185,
            "17432576" : 71,
            "17694720" : 38,
            "17956864" : 15,
            "18219008" : 15,
            "18481152" : 28,
            "18743296" : 53,
            "19005440" : 77,
            "19267584" : 93,
            "19529728" : 81,
            "19791872" : 92,
            "20054016" : 68,
            "20316160" : 60,
            "20578304" : 54,
            "20840448" : 75,
            "21102592" : 50,
            "21364736" : 38,
            "21626880" : 27,
            "21889024" : 13,
            "22151168" : 20,
            "22413312" : 2,
            "22675456" : 1,
            "22937600" : 2,
            "23199744" : 3,
            "23724032" : 3,
            "23986176" : 4,
            "24248320" : 8,
            "24510464" : 4,
            "24772608" : 13,
            "25034752" : 32,
            "25296896" : 28,
            "25559040" : 20,
            "25821184" : 35,
            "26083328" : 52,
            "26345472" : 71,
            "26607616" : 207,
            "26869760" : 383,
            "27131904" : 309,
            "27394048" : 349,
            "27656192" : 563,
            "27918336" : 860,
            "28180480" : 2201,
            "28442624" : 4370,
            "28704768" : 3049,
            "28966912" : 1806,
            "29229056" : 1293,
            "29491200" : 1173,
            "29753344" : 1374,
            "30015488" : 1201,
            "30277632" : 953,
            "30539776" : 954,
            "30801920" : 1064,
            "31064064" : 1391,
            "31326208" : 1863,
            "31588352" : 2378,
            "31850496" : 2956,
            "32112640" : 3707,
            "32374784" : 5161,
            "32636928" : 6223,
            "32899072" : 7494,
            "33161216" : 8997,
            "33423360" : 10045,
            "33816576" : 24657,
            "34340864" : 29290,
            "34865152" : 32199,
            "35389440" : 30218,
            "35913728" : 26943,
            "36438016" : 23071,
            "36962304" : 16652,
            "37486592" : 11372,
            "38010880" : 8455,
            "38535168" : 7051,
            "39059456" : 6054,
            "39583744" : 5283,
            "40108032" : 5092,
            "40632320" : 4308,
            "41156608" : 3435,