{
  "fio version" : "fio-3.8",
  "timestamp" : 1545743846,
  "timestamp_ms" : 1545743846662,
  "time" : "Tue Dec 25 13:17:26 2018",
  "jobs" : [
    {
      "jobname" : "wipc",
      "groupid" : 0,
      "error" : 0,
      "eta" : 0,
      "elapsed" : 1459,
      "job options" : {
        "ioengine" : "libaio",
        "group_reporting" : "1",
        "direct" : "1",
        "rw" : "write",
        "bssplit" : "128KB",
        "numjobs" : "2",
        "iodepth" : "16",
        "size" : "100%",
        "io_size" : "128035676160B",
        "filename" : "/dev/sda"
      },
      "read" : {
        "io_bytes" : 0,
        "io_kbytes" : 0,
        "bw_bytes" : 0,
        "bw" : 0,
        "iops" : 0.000000,
        "runtime" : 0,
        "total_ios" : 0,
        "short_ios" : 0,
        "drop_ios" : 0,
        "slat_ns" : {
          "min" : 0,
          "max" : 0,
          "mean" : 0.000000,
          "stddev" : 0.000000
        },
        "clat_ns" : {
          "min" : 0,
          "max" : 0,
          "mean" : 0.000000,
          "stddev" : 0.000000,
          "percentile" : {
            "1.000000" : 0,
            "5.000000" : 0,
            "10.000000" : 0,
            "20.000000" : 0,
            "30.000000" : 0,
            "40.000000" : 0,
            "50.000000" : 0,
            "60.000000" : 0,
            "70.000000" : 0,
            "80.000000" : 0,
            "90.000000" : 0,
            "95.000000" : 0,
            "99.000000" : 0,
            "99.500000" : 0,
            "99.900000" : 0,
            "99.950000" : 0,
            "99.990000" : 0
          },
          "bins" : {

          }
        },
        "lat_ns" : {
          "min" : 0,
          "max" : 0,
          "mean" : 0.000000,
          "stddev" : 0.000000
        },
        "bw_min" : 0,
        "bw_max" : 0,
        "bw_agg" : 0.000000,
        "bw_mean" : 0.000000,
        "bw_dev" : 0.000000,
        "bw_samples" : 0,
        "iops_min" : 0,
        "iops_max" : 0,
        "iops_mean" : 0.000000,
        "iops_stddev" : 0.000000,
        "iops_samples" : 0
      },
      "write" : {
        "io_bytes" : 256071172096,
        "io_kbytes" : 250069504,
        "bw_bytes" : 175597119,
        "bw" : 171481,
        "iops" : 1339.699703,
        "runtime" : 1458288,
        "total_ios" : 1953668,
        "short_ios" : 0,
        "drop_ios" : 0,
        "slat_ns" : {
          "min" : 20417,
          "max" : 55966166,
          "mean" : 59511.649919,
          "stddev" : 88137.942241
        },
        "clat_ns" : {
          "min" : 1827000,
          "max" : 120905458,
          "mean" : 23816471.159039,
          "stddev" : 16010918.495377,
          "percentile" : {
            "1.000000" : 11730944,
            "5.000000" : 12255232,
            "10.000000" : 12386304,
            "20.000000" : 12648448,
            "30.000000" : 13041664,
            "40.000000" : 13303808,
            "50.000000" : 13828096,
            "60.000000" : 14483456,
            "70.000000" : 33161216,
            "80.000000" : 36438016,
            "90.000000" : 53739520,
            "95.000000" : 56360960,
            "99.000000" : 61603840,
            "99.500000" : 63700992,
            "99.900000" : 72876032,
            "99.950000" : 76021760,
            "99.990000" : 84410368
          },
          "bins" : {
            "1826816" : 1,
            "1843200" : 3,
            "1859584" : 1,
            "1875968" : 5,
            "1892352" : 2,
            "1908736" : 5,
            "1925120" : 1,
            "2277376" : 1,
            "2375680" : 1,
            "2605056" : 1,
            "2637824" : 2,
            "2736128" : 1,
            "2801664" : 1,
            "2834432" : 1,
            "2867200" : 1,
            "2899968" : 1,
            "3063808" : 1,
            "3129344" : 1,
            "3194880" : 2,
            "3588096" : 1,
            "3784704" : 2,
            "3850240" : 1,
            "3883008" : 1,
            "3948544" : 3,
            "4014080" : 1,
            "4046848" : 1,
            "4079616" : 1,
            "4112384" : 1,
            "4145152" : 1,
            "4177920" : 2,
            "4227072" : 1,
            "4292608" : 1,
            "4358144" : 3,
            "4489216" : 1,
            "4554752" : 2,
            "4620288" : 5,
            "4685824" : 6,
            "4751360" : 4,
            "4816896" : 6,
            "4882432" : 8,
            "4947968" : 5,
            "5013504" : 6,
            "5079040" : 4,
            "5144576" : 2,
            "5210112" : 7,
            "5275648" : 3,
            "5341184" : 4,
            "5406720" : 8,
            "5472256" : 6,
            "5537792" : 12,
            "5603328" : 14,
            "5668864" : 18,
            "5734400" : 53,
            "5799936" : 37,
            "5865472" : 21,
            "5931008" : 28,
            "5996544" : 83,
            "6062080" : 58,
            "6127616" : 71,
            "6193152" : 100,
            "6258688" : 86,
            "6324224" : 120,
            "6389760" : 79,
            "6455296" : 63,
            "6520832" : 44,
            "6586368" : 39,
            "6651904" : 44,
            "6717440" : 57,
            "6782976" : 47,
            "6848512" : 81,
            "6914048" : 51,
            "6979584" : 62,
            "7045120" : 44,
            "7110656" : 35,
            "7176192" : 38,
            "7241728" : 47,
            "7307264" : 50,
            "7372800" : 46,
            "7438336" : 60,
            "7503872" : 53,
            "7569408" : 54,
            "7634944" : 58,
            "7700480" : 81,
            "7766016" : 102,
            "7831552" : 83,
            "7897088" : 100,
            "7962624" : 92,
            "8028160" : 76,
            "8093696" : 84,
            "8159232" : 81,
            "8224768" : 98,
            "8290304" : 83,
            "8355840" : 85,
            "8454144" : 165,
            "8585216" : 191,
            "8716288" : 209,
            "8847360" : 200,
            "8978432" : 215,
            "9109504" : 250,
            "9240576" : 235,
            "9371648" : 264,
            "9502720" : 263,
            "9633792" : 305,
            "9764864" : 296,
            "9895936" : 367,
            "10027008" : 443,
            "10158080" : 497,
            "10289152" : 521,
            "10420224" : 558,
            "10551296" : 647,
            "10682368" : 758,
            "10813440" : 793,
            "10944512" : 772,
            "11075584" : 847,
            "11206656" : 963,
            "11337728" : 1236,
            "11468800" : 1755,
            "11599872" : 2154,
            "11730944" : 3481,
            "11862016" : 7042,
            "11993088" : 15348,
            "12124160" : 34042,
            "12255232" : 54775,
            "12386304" : 76509,
            "12517376" : 88641,
            "12648448" : 95439,
            "12779520" : 95783,
            "12910592" : 92691,
            "13041664" : 84268,
            "13172736" : 76572,
            "13303808" : 68621,
            "13434880" : 58553,
            "13565952" : 51899,
            "13697024" : 46876,
            "13828096" : 44024,
            "13959168" : 41373,
            "14090240" : 38972,
            "14221312" : 34237,
            "14352384" : 29610,
            "14483456" : 25142,
            "14614528" : 20463,
            "14745600" : 16583,
            "14876672" : 13266,
            "15007744" : 10131,
            "15138816" : 7914,
            "15269888" : 5977,
            "15400960" : 4900,
            "15532032" : 3694,
            "15663104" : 2938,
            "15794176" : 2436,
            "15925248" : 1889,
            "16056320" : 1414,
            "16187392" : 1032,
            "16318464" : 786,
            "16449536" : 642,
            "16580608" : 570,
            "16711680" : 543,
            "16908288" : 898,
            "17170432" : 625,
            "17432576" : 442,
            "17694720" : 331,