{
  "fio version" : "fio-3.8",
  "timestamp" : 1545736246,
  "timestamp_ms" : 1545736246973,
  "time" : "Tue Dec 25 11:10:46 2018",
  "jobs" : [
    {
      "jobname" : "wipc",
      "groupid" : 0,
      "error" : 0,
      "eta" : 0,
      "elapsed" : 1462,
      "job options" : {
        "ioengine" : "libaio",
        "group_reporting" : "1",
        "direct" : "1",
        "rw" : "write",
        "bssplit" : "128KB",
        "numjobs" : "2",
        "iodepth" : "16",
        "size" : "100%",
        "io_size" : "128035676160B",
        "filename" : "/dev/sda"
      },
      "read" : {
        "io_bytes" : 0,
        "io_kbytes" : 0,
        "bw_bytes" : 0,
        "bw" : 0,
        "iops" : 0.000000,
        "runtime" : 0,
        "total_ios" : 0,
        "short_ios" : 0,
        "drop_ios" : 0,
        "slat_ns" : {
          "min" : 0,
          "max" : 0,
          "mean" : 0.000000,
          "stddev" : 0.000000
        },
        "clat_ns" : {
          "min" : 0,
          "max" : 0,
          "mean" : 0.000000,
          "stddev" : 0.000000,
          "percentile" : {
            "1.000000" : 0,
            "5.000000" : 0,
            "10.000000" : 0,
            "20.000000" : 0,
            "30.000000" : 0,
            "40.000000" : 0,
            "50.000000" : 0,
            "60.000000" : 0,
            "70.000000" : 0,
            "80.000000" : 0,
            "90.000000" : 0,
            "95.000000" : 0,
            "99.000000" : 0,
            "99.500000" : 0,
            "99.900000" : 0,
            "99.950000" : 0,
            "99.990000" : 0
          },
          "bins" : {

          }
        },
        "lat_ns" : {
          "min" : 0,
          "max" : 0,
          "mean" : 0.000000,
          "stddev" : 0.000000
        },
        "bw_min" : 0,
        "bw_max" : 0,
        "bw_agg" : 0.000000,
        "bw_mean" : 0.000000,
        "bw_dev" : 0.000000,
        "bw_samples" : 0,
        "iops_min" : 0,
        "iops_max" : 0,
        "iops_mean" : 0.000000,
        "iops_stddev" : 0.000000,
        "iops_samples" : 0
      },
      "write" : {
        "io_bytes" : 256071172096,
        "io_kbytes" : 250069504,
        "bw_bytes" : 175246215,
        "bw" : 171138,
        "iops" : 1337.022518,
        "runtime" : 1461208,
        "total_ios" : 1953668,
        "short_ios" : 0,
        "drop_ios" : 0,
        "slat_ns" : {
          "min" : 20708,
          "max" : 61425583,
          "mean" : 59800.554734,
          "stddev" : 107297.181498
        },
        "clat_ns" : {
          "min" : 2067916,
          "max" : 120222958,
          "mean" : 23862128.409361,
          "stddev" : 16329282.405648,
          "percentile" : {
            "1.000000" : 11862016,
            "5.000000" : 12255232,
            "10.000000" : 12517376,
            "20.000000" : 12779520,
            "30.000000" : 13041664,
            "40.000000" : 13434880,
            "50.000000" : 13828096,
            "60.000000" : 14483456,
            "70.000000" : 32899072,
            "80.000000" : 36962304,
            "90.000000" : 54263808,
            "95.000000" : 56885248,
            "99.000000" : 62128128,
            "99.500000" : 63700992,
            "99.900000" : 71827456,
            "99.950000" : 74973184,
            "99.990000" : 84410368
          },
          "bins" : {
            "2072576" : 1,
            "2088960" : 1,
            "2146304" : 1,
            "2179072" : 2,
            "2211840" : 3,
            "2244608" : 1,
            "2277376" : 2,
            "2506752" : 1,
            "2703360" : 2,
            "2736128" : 1,
            "2768896" : 1,
            "2899968" : 1,
            "3096576" : 1,
            "3358720" : 1,
            "3424256" : 1,
            "3751936" : 3,
            "3784704" : 1,
            "3883008" : 1,
            "3948544" : 3,
            "3981312" : 1,
            "4079616" : 1,
            "4145152" : 1,
            "4227072" : 2,
            "4292608" : 1,
            "4423680" : 1,
            "4554752" : 1,
            "4620288" : 5,
            "4685824" : 6,
            "4751360" : 6,
            "4816896" : 2,
            "4882432" : 7,
            "5013504" : 3,
            "5079040" : 7,
            "5144576" : 2,
            "5210112" : 4,
            "5275648" : 4,
            "5341184" : 6,
            "5406720" : 4,
            "5472256" : 14,
            "5537792" : 3,
            "5603328" : 7,
            "5668864" : 32,
            "5734400" : 44,
            "5799936" : 11,
            "5865472" : 18,
            "5931008" : 48,
            "5996544" : 32,
            "6062080" : 93,
            "6127616" : 75,
            "6193152" : 86,
            "6258688" : 96,
            "6324224" : 123,
            "6389760" : 154,
            "6455296" : 92,
            "6520832" : 86,
            "6586368" : 87,
            "6651904" : 72,
            "6717440" : 68,
            "6782976" : 81,
            "6848512" : 65,
            "6914048" : 70,
            "6979584" : 78,
            "7045120" : 86,
            "7110656" : 44,
            "7176192" : 43,
            "7241728" : 41,
            "7307264" : 40,
            "7372800" : 49,
            "7438336" : 48,
            "7503872" : 66,
            "7569408" : 62,
            "7634944" : 39,
            "7700480" : 46,
            "7766016" : 52,
            "7831552" : 52,
            "7897088" : 53,
            "7962624" : 55,
            "8028160" : 54,
            "8093696" : 43,
            "8159232" : 56,
            "8224768" : 64,
            "8290304" : 68,
            "8355840" : 58,
            "8454144" : 121,
            "8585216" : 155,
            "8716288" : 118,
            "8847360" : 144,
            "8978432" : 165,
            "9109504" : 168,
            "9240576" : 176,
            "9371648" : 189,
            "9502720" : 195,
            "9633792" : 258,
            "9764864" : 274,
            "9895936" : 277,
            "10027008" : 355,
            "10158080" : 376,
            "10289152" : 466,
            "10420224" : 567,
            "10551296" : 596,
            "10682368" : 664,
            "10813440" : 735,
            "10944512" : 758,
            "11075584" : 774,
            "11206656" : 952,
            "11337728" : 1107,
            "11468800" : 1571,
            "11599872" : 2041,
            "11730944" : 2988,
            "11862016" : 5283,
            "11993088" : 11692,
            "12124160" : 25317,
            "12255232" : 44145,
            "12386304" : 63380,
            "12517376" : 78490,
            "12648448" : 87503,
            "12779520" : 93660,
            "12910592" : 93126,
            "13041664" : 87947,
            "13172736" : 81784,
            "13303808" : 74067,
            "13434880" : 65040,
            "13565952" : 58049,
            "13697024" : 53120,
            "13828096" : 48983,
            "13959168" : 45729,
            "14090240" : 43650,
            "14221312" : 39847,
            "14352384" : 35480,
            "14483456" : 30711,
            "14614528" : 25470,
            "14745600" : 20910,
            "14876672" : 16278,
            "15007744" : 12825,
            "15138816" : 9760,
            "15269888" : 7473,
            "15400960" : 5789,
            "15532032" : 4760,
            "15663104" : 3514,
            "15794176" : 2866,
            "15925248" : 2327,
            "16056320" : 1875,
            "16187392" : 1411,
            "16318464" : 1052,
            "16449536" : 794,
            "16580608" : 632,
            "16711680" : 516,
            "16908288" : 906,
            "17170432" : 644,
            "17432576" : 482,
            "17694720" : 382,
            "17956864" : 314,
            "18219008" : 315,
            "18481152" : 291,
            "18743296" : 235,
            "19005440" : 237,
            "19267584" : 230,
            "19529728" : 228,
            "19791872" : 204,
            "20054016" : 188,