{
  "fio version" : "fio-3.8",
  "timestamp" : 1544880667,
  "timestamp_ms" : 1544880667566,
  "time" : "Sat Dec 15 05:31:07 2018",
  "jobs" : [
    {
      "jobname" : "wipc",
      "groupid" : 0,
      "error" : 0,
      "eta" : 0,
      "elapsed" : 1510,
      "job options" : {
        "ioengine" : "libaio",
        "group_reporting" : "1",
        "direct" : "1",
        "rw" : "write",
        "bssplit" : "128KB",
        "numjobs" : "2",
        "iodepth" : "16",
        "size" : "100%",
        "io_size" : "128035676160B",
        "filename" : "/dev/sda"
      },
      "read" : {
        "io_bytes" : 0,
        "io_kbytes" : 0,
        "bw_bytes" : 0,
        "bw" : 0,
        "iops" : 0.000000,
        "runtime" : 0,
        "total_ios" : 0,
        "short_ios" : 0,
        "drop_ios" : 0,
        "slat_ns" : {
          "min" : 0,
          "max" : 0,
          "mean" : 0.000000,
          "stddev" : 0.000000
        },
        "clat_ns" : {
          "min" : 0,
          "max" : 0,
          "mean" : 0.000000,
          "stddev" : 0.000000,
          "percentile" : {
            "1.000000" : 0,
            "5.000000" : 0,
            "10.000000" : 0,
            "20.000000" : 0,
            "30.000000" : 0,
            "40.000000" : 0,
            "50.000000" : 0,
            "60.000000" : 0,
            "70.000000" : 0,
            "80.000000" : 0,
            "90.000000" : 0,
            "95.000000" : 0,
            "99.000000" : 0,
            "99.500000" : 0,
            "99.900000" : 0,
            "99.950000" : 0,
            "99.990000" : 0
          },
          "bins" : {

          }
        },
        "lat_ns" : {
          "min" : 0,
          "max" : 0,
          "mean" : 0.000000,
          "stddev" : 0.000000
        },
        "bw_min" : 0,
        "bw_max" : 0,
        "bw_agg" : 0.000000,
        "bw_mean" : 0.000000,
        "bw_dev" : 0.000000,
        "bw_samples" : 0,
        "iops_min" : 0,
        "iops_max" : 0,
        "iops_mean" : 0.000000,
        "iops_stddev" : 0.000000,
        "iops_samples" : 0
      },
      "write" : {
        "io_bytes" : 256071172096,
        "io_kbytes" : 250069504,
        "bw_bytes" : 169687167,
        "bw" : 165710,
        "iops" : 1294.610351,
        "runtime" : 1509078,
        "total_ios" : 1953668,
        "short_ios" : 0,
        "drop_ios" : 0,
        "slat_ns" : {
          "min" : 5310,
          "max" : 343616,
          "mean" : 11814.063938,
          "stddev" : 2821.775013
        },
        "clat_ns" : {
          "min" : 838753,
          "max" : 91830616,
          "mean" : 24693944.991732,
          "stddev" : 17531401.851964,
          "percentile" : {
            "1.000000" : 12779520,
            "5.000000" : 13041664,
            "10.000000" : 13172736,
            "20.000000" : 13434880,
            "30.000000" : 13565952,
            "40.000000" : 13828096,
            "50.000000" : 14221312,
            "60.000000" : 14745600,
            "70.000000" : 17694720,
            "80.000000" : 42205184,
            "90.000000" : 56360960,
            "95.000000" : 58982400,
            "99.000000" : 63700992,
            "99.500000" : 65273856,
            "99.900000" : 72876032,
            "99.950000" : 77070336,
            "99.990000" : 83361792
          },
          "bins" : {
            "839680" : 1,
            "1269760" : 1,
            "1384448" : 1,
            "1957888" : 1,
            "2310144" : 1,
            "2637824" : 1,
            "3129344" : 1,
            "3522560" : 1,
            "3850240" : 1,
            "4227072" : 1,
            "4554752" : 1,
            "5079040" : 1,
            "5472256" : 1,
            "5799936" : 1,
            "6193152" : 3,
            "6258688" : 1,
            "6324224" : 1,
            "6389760" : 4,
            "6455296" : 3,
            "6520832" : 3,
            "6586368" : 2,
            "6651904" : 7,
            "6717440" : 9,
            "6782976" : 15,
            "6848512" : 31,
            "6914048" : 30,
            "6979584" : 20,
            "7045120" : 10,
            "7110656" : 14,
            "7176192" : 18,
            "7241728" : 17,
            "7307264" : 17,
            "7372800" : 11,
            "7438336" : 5,
            "7503872" : 10,
            "7569408" : 10,
            "7634944" : 7,
            "7700480" : 5,
            "7766016" : 8,
            "7831552" : 6,
            "7897088" : 2,
            "7962624" : 5,
            "8028160" : 2,
            "8093696" : 10,
            "8159232" : 10,
            "8224768" : 3,
            "8290304" : 1,
            "8355840" : 2,
            "8454144" : 4,
            "8585216" : 2,
            "8716288" : 2,
            "9109504" : 1,
            "9240576" : 3,
            "9502720" : 2,
            "9895936" : 2,
            "10158080" : 1,
            "10289152" : 1,
            "10551296" : 2,
            "10813440" : 1,
            "10944512" : 1,
            "11075584" : 9,
            "11206656" : 29,
            "11337728" : 86,
            "11468800" : 143,
            "11599872" : 147,
            "11730944" : 142,
            "11862016" : 212,
            "11993088" : 259,
            "12124160" : 462,
            "12255232" : 675,
            "12386304" : 1013,
            "12517376" : 2691,
            "12648448" : 7834,
            "12779520" : 23160,
            "12910592" : 53932,
            "13041664" : 85190,
            "13172736" : 100127,
            "13303808" : 104127,
            "13434880" : 109733,
            "13565952" : 108933,
            "13697024" : 100871,
            "13828096" : 83904,
            "13959168" : 70684,
            "14090240" : 66500,
            "14221312" : 64084,
            "14352384" : 56944,
            "14483456" : 47716,
            "14614528" : 42003,
            "14745600" : 41100,
            "14876672" : 38215,
            "15007744" : 34288,
            "15138816" : 28094,
            "15269888" : 22646,
            "15400960" : 17246,
            "15532032" : 12700,
            "15663104" : 9318,
            "15794176" : 7036,
            "15925248" : 5733,
            "16056320" : 4505,
            "16187392" : 3428,
            "16318464" : 2750,
            "16449536" : 2263,
            "16580608" : 1740,
            "16711680" : 1289,
            "16908288" : 1802,
            "17170432" : 876,
            "17432576" : 411,
            "17694720" : 187,
            "17956864" : 113,
            "18219008" : 43,
            "18481152" : 33,
            "18743296" : 50,
            "19005440" : 84,
            "19267584" : 121,
            "19529728" : 101,
            "19791872" : 121,
            "20054016" : 95,
            "20316160" : 105,
            "20578304" : 97,
            "20840448" : 87,
            "21102592" : 82,
            "21364736" : 69,
            "21626880" : 39,
            "21889024" : 31,
            "22151168" : 17,
            "22413312" : 8,
            "22675456" : 3,
            "22937600" : 4,
            "23199744" : 4,
            "23461888" : 1,
            "23986176" : 7,
            "24248320" : 4,
            "24510464" : 4,
            "24772608" : 3,
            "25034752" : 12,
            "25296896" : 28,
            "25559040" : 29,
            "25821184" : 79,
            "26083328" : 329,
            "26345472" : 1037,
            "26607616" : 3906,
            "26869760" : 3301,
            "27131904" : 1961,
            "27394048" : 1305,
            "27656192" : 1224,
            "27918336" : 1313,
            "28180480" : 1332,
            "28442624" : 1102,
            "28704768" : 678,
            "28966912" : 475,
            "29229056" : 415,
            "29491200" : 302,
            "29753344" : 210,
            "30015488" : 245,
            "30277632" : 224,
            "30539776" : 252,
            "30801920" : 299,
            "31064064" : 336,
            "31326208" : 430,