{
  "fio version" : "fio-3.8",
  "timestamp" : 1543632361,
  "timestamp_ms" : 1543632361210,
  "time" : "Sat Dec  1 02:46:01 2018",
  "jobs" : [
    {
      "jobname" : "wipc",
      "groupid" : 0,
      "error" : 0,
      "eta" : 0,
      "elapsed" : 1489,
      "job options" : {
        "ioengine" : "libaio",
        "group_reporting" : "1",
        "direct" : "1",
        "rw" : "write",
        "bssplit" : "128KB",
        "numjobs" : "2",
        "iodepth" : "16",
        "size" : "100%",
        "io_size" : "128035676160B",
        "filename" : "/dev/sda"
      },
      "read" : {
        "io_bytes" : 0,
        "io_kbytes" : 0,
        "bw_bytes" : 0,
        "bw" : 0,
        "iops" : 0.000000,
        "runtime" : 0,
        "total_ios" : 0,
        "short_ios" : 0,
        "drop_ios" : 0,
        "slat_ns" : {
          "min" : 0,
          "max" : 0,
          "mean" : 0.000000,
          "stddev" : 0.000000
        },
        "clat_ns" : {
          "min" : 0,
          "max" : 0,
          "mean" : 0.000000,
          "stddev" : 0.000000,
          "percentile" : {
            "1.000000" : 0,
            "5.000000" : 0,
            "10.000000" : 0,
            "20.000000" : 0,
            "30.000000" : 0,
            "40.000000" : 0,
            "50.000000" : 0,
            "60.000000" : 0,
            "70.000000" : 0,
            "80.000000" : 0,
            "90.000000" : 0,
            "95.000000" : 0,
            "99.000000" : 0,
            "99.500000" : 0,
            "99.900000" : 0,
            "99.950000" : 0,
            "99.990000" : 0
          },
          "bins" : {

          }
        },
        "lat_ns" : {
          "min" : 0,
          "max" : 0,
          "mean" : 0.000000,
          "stddev" : 0.000000
        },
        "bw_min" : 0,
        "bw_max" : 0,
        "bw_agg" : 0.000000,
        "bw_mean" : 0.000000,
        "bw_dev" : 0.000000,
        "bw_samples" : 0,
        "iops_min" : 0,
        "iops_max" : 0,
        "iops_mean" : 0.000000,
        "iops_stddev" : 0.000000,
        "iops_samples" : 0
      },
      "write" : {
        "io_bytes" : 256071172096,
        "io_kbytes" : 250069504,
        "bw_bytes" : 172069217,
        "bw" : 168036,
        "iops" : 1312.783944,
        "runtime" : 1488187,
        "total_ios" : 1953668,
        "short_ios" : 0,
        "drop_ios" : 0,
        "slat_ns" : {
          "min" : 21584,
          "max" : 18804916,
          "mean" : 59141.585079,
          "stddev" : 68085.156988
        },
        "clat_ns" : {
          "min" : 1595416,
          "max" : 122250750,
          "mean" : 24303870.373575,
          "stddev" : 16798954.967333,
          "percentile" : {
            "1.000000" : 11993088,
            "5.000000" : 12517376,
            "10.000000" : 12648448,
            "20.000000" : 12910592,
            "30.000000" : 13172736,
            "40.000000" : 13434880,
            "50.000000" : 13828096,
            "60.000000" : 14614528,
            "70.000000" : 33816576,
            "80.000000" : 37486592,
            "90.000000" : 55312384,
            "95.000000" : 58458112,
            "99.000000" : 63176704,
            "99.500000" : 64749568,
            "99.900000" : 71827456,
            "99.950000" : 76021760,
            "99.990000" : 82313216
          },
          "bins" : {
            "1597440" : 1,
            "1662976" : 2,
            "1744896" : 1,
            "1974272" : 1,
            "2007040" : 1,
            "2408448" : 1,
            "2539520" : 2,
            "2605056" : 1,
            "2768896" : 1,
            "2834432" : 1,
            "2899968" : 1,
            "2932736" : 1,
            "3096576" : 1,
            "3129344" : 1,
            "3293184" : 1,
            "3325952" : 1,
            "3457024" : 1,
            "3522560" : 1,
            "3653632" : 1,
            "3719168" : 1,
            "3784704" : 1,
            "3883008" : 1,
            "3915776" : 1,
            "3981312" : 1,
            "4014080" : 1,
            "4145152" : 1,
            "4227072" : 1,
            "4358144" : 2,
            "4423680" : 1,
            "4489216" : 1,
            "4554752" : 1,
            "4685824" : 2,
            "4751360" : 1,
            "4816896" : 7,
            "4882432" : 1,
            "5013504" : 1,
            "5079040" : 2,
            "5210112" : 1,
            "5275648" : 2,
            "5406720" : 2,
            "5472256" : 3,
            "5537792" : 3,
            "5603328" : 3,
            "5668864" : 2,
            "5734400" : 3,
            "5799936" : 2,
            "5865472" : 4,
            "5931008" : 3,
            "5996544" : 2,
            "6062080" : 5,
            "6127616" : 6,
            "6193152" : 10,
            "6258688" : 7,
            "6324224" : 13,
            "6389760" : 9,
            "6455296" : 15,
            "6520832" : 7,
            "6586368" : 12,
            "6651904" : 11,
            "6717440" : 10,
            "6782976" : 11,
            "6848512" : 12,
            "6914048" : 18,
            "6979584" : 14,
            "7045120" : 23,
            "7110656" : 25,
            "7176192" : 17,
            "7241728" : 19,
            "7307264" : 17,
            "7372800" : 20,
            "7438336" : 18,
            "7503872" : 22,
            "7569408" : 32,
            "7634944" : 35,
            "7700480" : 34,
            "7766016" : 38,
            "7831552" : 42,
            "7897088" : 32,
            "7962624" : 43,
            "8028160" : 50,
            "8093696" : 46,
            "8159232" : 40,
            "8224768" : 55,
            "8290304" : 43,
            "8355840" : 55,
            "8454144" : 93,
            "8585216" : 92,
            "8716288" : 122,
            "8847360" : 145,
            "8978432" : 151,
            "9109504" : 150,
            "9240576" : 153,
            "9371648" : 165,
            "9502720" : 172,
            "9633792" : 180,
            "9764864" : 223,
            "9895936" : 210,
            "10027008" : 225,
            "10158080" : 284,
            "10289152" : 298,
            "10420224" : 351,
            "10551296" : 408,
            "10682368" : 496,
            "10813440" : 580,
            "10944512" : 632,
            "11075584" : 699,
            "11206656" : 698,
            "11337728" : 979,
            "11468800" : 1171,
            "11599872" : 1403,
            "11730944" : 1796,
            "11862016" : 2426,
            "11993088" : 4340,
            "12124160" : 9012,
            "12255232" : 20663,
            "12386304" : 42468,
            "12517376" : 69907,
            "12648448" : 90415,
            "12779520" : 100450,
            "12910592" : 100155,
            "13041664" : 100129,
            "13172736" : 94541,
            "13303808" : 85250,
            "13434880" : 75871,
            "13565952" : 65599,
            "13697024" : 56288,
            "13828096" : 49916,
            "13959168" : 44998,
            "14090240" : 40869,
            "14221312" : 37939,
            "14352384" : 34872,
            "14483456" : 32106,
            "14614528" : 26932,
            "14745600" : 22569,
            "14876672" : 17970,
            "15007744" : 14070,
            "15138816" : 10808,
            "15269888" : 8412,
            "15400960" : 6773,
            "15532032" : 5004,
            "15663104" : 3671,
            "15794176" : 3256,
            "15925248" : 2528,
            "16056320" : 2014,
            "16187392" : 1634,
            "16318464" : 1201,
            "16449536" : 1029,
            "16580608" : 729,
            "16711680" : 561,
            "16908288" : 857,
            "17170432" : 722,
            "17432576" : 564,
            "17694720" : 405,
            "17956864" : 328,
            "18219008" : 323,
            "18481152" : 306,
            "18743296" : 328,
            "19005440" : 322,
            "19267584" : 280,
            "19529728" : 233,
            "19791872" : 208,