{
  "fio version" : "fio-3.8",
  "timestamp" : 1542871475,
  "timestamp_ms" : 1542871475298,
  "time" : "Thu Nov 22 07:24:35 2018",
  "jobs" : [
    {
      "jobname" : "wipc",
      "groupid" : 0,
      "error" : 0,
      "eta" : 0,
      "elapsed" : 1379,
      "job options" : {
        "ioengine" : "libaio",
        "group_reporting" : "1",
        "direct" : "1",
        "rw" : "write",
        "bssplit" : "128KB",
        "numjobs" : "2",
        "iodepth" : "16",
        "size" : "75%",
        "io_size" : "128035676160B",
        "filename" : "/dev/sda"
      },
      "read" : {
        "io_bytes" : 0,
        "io_kbytes" : 0,
        "bw_bytes" : 0,
        "bw" : 0,
        "iops" : 0.000000,
        "runtime" : 0,
        "total_ios" : 0,
        "short_ios" : 0,
        "drop_ios" : 0,
        "slat_ns" : {
          "min" : 0,
          "max" : 0,
          "mean" : 0.000000,
          "stddev" : 0.000000
        },
        "clat_ns" : {
          "min" : 0,
          "max" : 0,
          "mean" : 0.000000,
          "stddev" : 0.000000,
          "percentile" : {
            "1.000000" : 0,
            "5.000000" : 0,
            "10.000000" : 0,
            "20.000000" : 0,
            "30.000000" : 0,
            "40.000000" : 0,
            "50.000000" : 0,
            "60.000000" : 0,
            "70.000000" : 0,
            "80.000000" : 0,
            "90.000000" : 0,
            "95.000000" : 0,
            "99.000000" : 0,
            "99.500000" : 0,
            "99.900000" : 0,
            "99.950000" : 0,
            "99.990000" : 0
          },
          "bins" : {

          }
        },
        "lat_ns" : {
          "min" : 0,
          "max" : 0,
          "mean" : 0.000000,
          "stddev" : 0.000000
        },
        "bw_min" : 0,
        "bw_max" : 0,
        "bw_agg" : 0.000000,
        "bw_mean" : 0.000000,
        "bw_dev" : 0.000000,
        "bw_samples" : 0,
        "iops_min" : 0,
        "iops_max" : 0,
        "iops_mean" : 0.000000,
        "iops_stddev" : 0.000000,
        "iops_samples" : 0
      },
      "write" : {
        "io_bytes" : 256071434240,
        "io_kbytes" : 250069760,
        "bw_bytes" : 185765910,
        "bw" : 181412,
        "iops" : 1417.281421,
        "runtime" : 1378463,
        "total_ios" : 1953670,
        "short_ios" : 0,
        "drop_ios" : 0,
        "slat_ns" : {
          "min" : 22458,
          "max" : 18434791,
          "mean" : 58609.490860,
          "stddev" : 66860.095403
        },
        "clat_ns" : {
          "min" : 2135583,
          "max" : 118831500,
          "mean" : 22510473.490177,
          "stddev" : 15250995.432834,
          "percentile" : {
            "1.000000" : 12386304,
            "5.000000" : 12648448,
            "10.000000" : 12910592,
            "20.000000" : 13041664,
            "30.000000" : 13303808,
            "40.000000" : 13565952,
            "50.000000" : 13828096,
            "60.000000" : 14352384,
            "70.000000" : 15663104,
            "80.000000" : 35913728,
            "90.000000" : 53739520,
            "95.000000" : 56885248,
            "99.000000" : 63176704,
            "99.500000" : 64749568,
            "99.900000" : 77070336,
            "99.950000" : 85458944,
            "99.990000" : 98041856
          },
          "bins" : {
            "2146304" : 3,
            "2244608" : 4,
            "2277376" : 2,
            "2670592" : 1,
            "2736128" : 1,
            "2801664" : 1,
            "2932736" : 1,
            "3457024" : 1,
            "3620864" : 1,
            "3751936" : 3,
            "3883008" : 1,
            "3981312" : 1,
            "4014080" : 1,
            "4079616" : 1,
            "4112384" : 1,
            "4227072" : 3,
            "4292608" : 2,
            "4423680" : 2,
            "4489216" : 1,
            "4554752" : 1,
            "4620288" : 5,
            "4685824" : 6,
            "4882432" : 2,
            "5013504" : 1,
            "5079040" : 3,
            "5210112" : 1,
            "5275648" : 4,
            "5406720" : 3,
            "5472256" : 1,
            "5537792" : 1,
            "5603328" : 2,
            "5668864" : 2,
            "5734400" : 3,
            "5799936" : 3,
            "5865472" : 3,
            "5996544" : 4,
            "6062080" : 4,
            "6127616" : 1,
            "6193152" : 2,
            "6258688" : 4,
            "6324224" : 5,
            "6389760" : 8,
            "6455296" : 4,
            "6520832" : 4,
            "6586368" : 11,
            "6651904" : 9,
            "6717440" : 10,
            "6782976" : 11,
            "6848512" : 15,
            "6914048" : 11,
            "6979584" : 16,
            "7045120" : 14,
            "7110656" : 16,
            "7176192" : 13,
            "7241728" : 16,
            "7307264" : 18,
            "7372800" : 11,
            "7438336" : 21,
            "7503872" : 22,
            "7569408" : 22,
            "7634944" : 16,
            "7700480" : 20,
            "7766016" : 25,
            "7831552" : 23,
            "7897088" : 20,
            "7962624" : 37,
            "8028160" : 23,
            "8093696" : 24,
            "8159232" : 27,
            "8224768" : 24,
            "8290304" : 33,
            "8355840" : 25,
            "8454144" : 73,
            "8585216" : 59,
            "8716288" : 71,
            "8847360" : 65,
            "8978432" : 85,
            "9109504" : 67,
            "9240576" : 78,
            "9371648" : 92,
            "9502720" : 93,
            "9633792" : 128,
            "9764864" : 118,
            "9895936" : 141,
            "10027008" : 131,
            "10158080" : 163,
            "10289152" : 165,
            "10420224" : 177,
            "10551296" : 196,
            "10682368" : 238,
            "10813440" : 348,
            "10944512" : 384,
            "11075584" : 467,
            "11206656" : 610,
            "11337728" : 644,
            "11468800" : 645,
            "11599872" : 734,
            "11730944" : 893,
            "11862016" : 1213,
            "11993088" : 1715,
            "12124160" : 2606,
            "12255232" : 5173,
            "12386304" : 11292,
            "12517376" : 25237,
            "12648448" : 51849,
            "12779520" : 83635,
            "12910592" : 108206,
            "13041664" : 119525,
            "13172736" : 118244,
            "13303808" : 113350,
            "13434880" : 103112,
            "13565952" : 93274,
            "13697024" : 80843,
            "13828096" : 67405,
            "13959168" : 54088,
            "14090240" : 46518,
            "14221312" : 41014,
            "14352384" : 37369,
            "14483456" : 35315,
            "14614528" : 34449,
            "14745600" : 31225,
            "14876672" : 26165,
            "15007744" : 21298,
            "15138816" : 15954,
            "15269888" : 12021,
            "15400960" : 8837,
            "15532032" : 6417,
            "15663104" : 4836,
            "15794176" : 3907,
            "15925248" : 2867,
            "16056320" : 2277,
            "16187392" : 1625,
            "16318464" : 1319,
            "16449536" : 971,
            "16580608" : 860,
            "16711680" : 743,
            "16908288" : 857,
            "17170432" : 685,
            "17432576" : 595,
            "17694720" : 464,
            "17956864" : 306,
            "18219008" : 239,
            "18481152" : 243,
            "18743296" : 215,
            "19005440" : 210,
            "19267584" : 152,
            "19529728" : 160,
            "19791872" : 118,
            "20054016" : 113,
            "20316160" : 128,
            "20578304" : 104,
            "20840448" : 107,
            "21102592" : 61,
            "21364736" : 47,
            "21626880" : 56,
            "21889024" : 58,
            "22151168" : 45,
            "22413312" : 42,
            "22675456" : 34,
            "22937600" : 30,