{
  "fio version" : "fio-3.8",
  "timestamp" : 1542421407,
  "timestamp_ms" : 1542421407514,
  "time" : "Sat Nov 17 02:23:27 2018",
  "jobs" : [
    {
      "jobname" : "wipc",
      "groupid" : 0,
      "error" : 0,
      "eta" : 0,
      "elapsed" : 1394,
      "job options" : {
        "ioengine" : "libaio",
        "group_reporting" : "1",
        "direct" : "1",
        "rw" : "write",
        "bssplit" : "128KB",
        "numjobs" : "2",
        "iodepth" : "16",
        "size" : "75%",
        "io_size" : "128035676160B",
        "filename" : "/dev/sda"
      },
      "read" : {
        "io_bytes" : 0,
        "io_kbytes" : 0,
        "bw_bytes" : 0,
        "bw" : 0,
        "iops" : 0.000000,
        "runtime" : 0,
        "total_ios" : 0,
        "short_ios" : 0,
        "drop_ios" : 0,
        "slat_ns" : {
          "min" : 0,
          "max" : 0,
          "mean" : 0.000000,
          "stddev" : 0.000000
        },
        "clat_ns" : {
          "min" : 0,
          "max" : 0,
          "mean" : 0.000000,
          "stddev" : 0.000000,
          "percentile" : {
            "1.000000" : 0,
            "5.000000" : 0,
            "10.000000" : 0,
            "20.000000" : 0,
            "30.000000" : 0,
            "40.000000" : 0,
            "50.000000" : 0,
            "60.000000" : 0,
            "70.000000" : 0,
            "80.000000" : 0,
            "90.000000" : 0,
            "95.000000" : 0,
            "99.000000" : 0,
            "99.500000" : 0,
            "99.900000" : 0,
            "99.950000" : 0,
            "99.990000" : 0
          },
          "bins" : {

          }
        },
        "lat_ns" : {
          "min" : 0,
          "max" : 0,
          "mean" : 0.000000,
          "stddev" : 0.000000
        },
        "bw_min" : 0,
        "bw_max" : 0,
        "bw_agg" : 0.000000,
        "bw_mean" : 0.000000,
        "bw_dev" : 0.000000,
        "bw_samples" : 0,
        "iops_min" : 0,
        "iops_max" : 0,
        "iops_mean" : 0.000000,
        "iops_stddev" : 0.000000,
        "iops_samples" : 0
      },
      "write" : {
        "io_bytes" : 256071434240,
        "io_kbytes" : 250069760,
        "bw_bytes" : 183738797,
        "bw" : 179432,
        "iops" : 1401.815780,
        "runtime" : 1393671,
        "total_ios" : 1953670,
        "short_ios" : 0,
        "drop_ios" : 0,
        "slat_ns" : {
          "min" : 24792,
          "max" : 39623500,
          "mean" : 59077.455943,
          "stddev" : 80665.728476
        },
        "clat_ns" : {
          "min" : 1967584,
          "max" : 119943833,
          "mean" : 22757596.150550,
          "stddev" : 15683914.330772,
          "percentile" : {
            "1.000000" : 12255232,
            "5.000000" : 12779520,
            "10.000000" : 12910592,
            "20.000000" : 13172736,
            "30.000000" : 13303808,
            "40.000000" : 13565952,
            "50.000000" : 13828096,
            "60.000000" : 14483456,
            "70.000000" : 15663104,
            "80.000000" : 36438016,
            "90.000000" : 54788096,
            "95.000000" : 57409536,
            "99.000000" : 63700992,
            "99.500000" : 65273856,
            "99.900000" : 78118912,
            "99.950000" : 87556096,
            "99.990000" : 101187584
          },
          "bins" : {
            "1974272" : 3,
            "1990656" : 1,
            "2007040" : 2,
            "2277376" : 1,
            "2473984" : 1,
            "2506752" : 1,
            "2539520" : 1,
            "2768896" : 1,
            "2867200" : 1,
            "2899968" : 1,
            "2932736" : 1,
            "2965504" : 1,
            "3063808" : 1,
            "3391488" : 1,
            "3424256" : 1,
            "3555328" : 1,
            "3588096" : 1,
            "3915776" : 3,
            "4014080" : 2,
            "4046848" : 1,
            "4079616" : 1,
            "4177920" : 1,
            "4227072" : 1,
            "4489216" : 2,
            "4554752" : 1,
            "4751360" : 2,
            "4947968" : 2,
            "5013504" : 1,
            "5144576" : 1,
            "5210112" : 2,
            "5341184" : 2,
            "5406720" : 2,
            "5472256" : 3,
            "5537792" : 1,
            "5603328" : 1,
            "5668864" : 4,
            "5734400" : 2,
            "5799936" : 3,
            "5865472" : 14,
            "5931008" : 5,
            "5996544" : 13,
            "6062080" : 11,
            "6127616" : 10,
            "6193152" : 13,
            "6258688" : 11,
            "6324224" : 16,
            "6389760" : 19,
            "6455296" : 11,
            "6520832" : 6,
            "6586368" : 12,
            "6651904" : 9,
            "6717440" : 23,
            "6782976" : 26,
            "6848512" : 15,
            "6914048" : 20,
            "6979584" : 16,
            "7045120" : 19,
            "7110656" : 15,
            "7176192" : 25,
            "7241728" : 21,
            "7307264" : 24,
            "7372800" : 33,
            "7438336" : 22,
            "7503872" : 27,
            "7569408" : 30,
            "7634944" : 31,
            "7700480" : 27,
            "7766016" : 30,
            "7831552" : 47,
            "7897088" : 34,
            "7962624" : 34,
            "8028160" : 49,
            "8093696" : 58,
            "8159232" : 58,
            "8224768" : 48,
            "8290304" : 47,
            "8355840" : 55,
            "8454144" : 102,
            "8585216" : 134,
            "8716288" : 141,
            "8847360" : 132,
            "8978432" : 133,
            "9109504" : 139,
            "9240576" : 171,
            "9371648" : 185,
            "9502720" : 175,
            "9633792" : 176,
            "9764864" : 217,
            "9895936" : 241,
            "10027008" : 237,
            "10158080" : 275,
            "10289152" : 282,
            "10420224" : 305,
            "10551296" : 320,
            "10682368" : 377,
            "10813440" : 427,
            "10944512" : 475,
            "11075584" : 637,
            "11206656" : 676,
            "11337728" : 819,
            "11468800" : 877,
            "11599872" : 922,
            "11730944" : 1054,
            "11862016" : 1286,
            "11993088" : 1696,
            "12124160" : 2384,
            "12255232" : 4058,
            "12386304" : 8104,
            "12517376" : 17826,
            "12648448" : 38699,
            "12779520" : 69518,
            "12910592" : 102903,
            "13041664" : 120907,
            "13172736" : 120680,
            "13303808" : 114823,
            "13434880" : 106372,
            "13565952" : 96098,
            "13697024" : 86539,
            "13828096" : 74450,
            "13959168" : 60139,
            "14090240" : 49354,
            "14221312" : 42724,
            "14352384" : 37586,
            "14483456" : 34761,
            "14614528" : 32768,
            "14745600" : 30440,
            "14876672" : 27622,
            "15007744" : 22293,
            "15138816" : 17399,
            "15269888" : 13493,
            "15400960" : 10229,
            "15532032" : 7698,
            "15663104" : 5780,
            "15794176" : 4675,
            "15925248" : 3643,
            "16056320" : 2656,
            "16187392" : 2178,
            "16318464" : 1743,
            "16449536" : 1194,
            "16580608" : 1042,
            "16711680" : 832,
            "16908288" : 1180,
            "17170432" : 876,
            "17432576" : 732,
            "17694720" : 612,
            "17956864" : 454,
            "18219008" : 325,
            "18481152" : 374,
            "18743296" : 386,
            "19005440" : 347,
            "19267584" : 337,
            "19529728" : 311,
            "19791872" : 314,
            "20054016" : 283,
            "20316160" : 238,
            "20578304" : 176,
            "20840448" : 141,
            "21102592" : 116,
            "21364736" : 109,
            "21626880" : 82,