{
  "fio version" : "fio-3.8",
  "timestamp" : 1542864157,
  "timestamp_ms" : 1542864157767,
  "time" : "Thu Nov 22 05:22:37 2018",
  "jobs" : [
    {
      "jobname" : "wipc",
      "groupid" : 0,
      "error" : 0,
      "eta" : 0,
      "elapsed" : 1419,
      "job options" : {
        "ioengine" : "libaio",
        "group_reporting" : "1",
        "direct" : "1",
        "rw" : "write",
        "bssplit" : "128KB",
        "numjobs" : "2",
        "iodepth" : "16",
        "size" : "75%",
        "io_size" : "128035676160B",
        "filename" : "/dev/sda"
      },
      "read" : {
        "io_bytes" : 0,
        "io_kbytes" : 0,
        "bw_bytes" : 0,
        "bw" : 0,
        "iops" : 0.000000,
        "runtime" : 0,
        "total_ios" : 0,
        "short_ios" : 0,
        "drop_ios" : 0,
        "slat_ns" : {
          "min" : 0,
          "max" : 0,
          "mean" : 0.000000,
          "stddev" : 0.000000
        },
        "clat_ns" : {
          "min" : 0,
          "max" : 0,
          "mean" : 0.000000,
          "stddev" : 0.000000,
          "percentile" : {
            "1.000000" : 0,
            "5.000000" : 0,
            "10.000000" : 0,
            "20.000000" : 0,
            "30.000000" : 0,
            "40.000000" : 0,
            "50.000000" : 0,
            "60.000000" : 0,
            "70.000000" : 0,
            "80.000000" : 0,
            "90.000000" : 0,
            "95.000000" : 0,
            "99.000000" : 0,
            "99.500000" : 0,
            "99.900000" : 0,
            "99.950000" : 0,
            "99.990000" : 0
          },
          "bins" : {

          }
        },
        "lat_ns" : {
          "min" : 0,
          "max" : 0,
          "mean" : 0.000000,
          "stddev" : 0.000000
        },
        "bw_min" : 0,
        "bw_max" : 0,
        "bw_agg" : 0.000000,
        "bw_mean" : 0.000000,
        "bw_dev" : 0.000000,
        "bw_samples" : 0,
        "iops_min" : 0,
        "iops_max" : 0,
        "iops_mean" : 0.000000,
        "iops_stddev" : 0.000000,
        "iops_samples" : 0
      },
      "write" : {
        "io_bytes" : 256071434240,
        "io_kbytes" : 250069760,
        "bw_bytes" : 180476758,
        "bw" : 176246,
        "iops" : 1376.928395,
        "runtime" : 1418861,
        "total_ios" : 1953670,
        "short_ios" : 0,
        "drop_ios" : 0,
        "slat_ns" : {
          "min" : 24500,
          "max" : 20886542,
          "mean" : 58059.726205,
          "stddev" : 63380.143800
        },
        "clat_ns" : {
          "min" : 2118083,
          "max" : 118593500,
          "mean" : 23171041.321179,
          "stddev" : 15520703.867974,
          "percentile" : {
            "1.000000" : 12386304,
            "5.000000" : 12779520,
            "10.000000" : 12910592,
            "20.000000" : 13172736,
            "30.000000" : 13434880,
            "40.000000" : 13697024,
            "50.000000" : 14090240,
            "60.000000" : 14745600,
            "70.000000" : 27131904,
            "80.000000" : 36438016,
            "90.000000" : 54263808,
            "95.000000" : 56885248,
            "99.000000" : 63176704,
            "99.500000" : 65273856,
            "99.900000" : 78118912,
            "99.950000" : 86507520,
            "99.990000" : 100139008
          },
          "bins" : {
            "2113536" : 1,
            "2179072" : 1,
            "2244608" : 3,
            "2310144" : 1,
            "2342912" : 1,
            "2637824" : 1,
            "2867200" : 1,
            "2965504" : 1,
            "3162112" : 1,
            "3194880" : 1,
            "3358720" : 1,
            "3391488" : 1,
            "3457024" : 1,
            "3489792" : 1,
            "3686400" : 1,
            "3719168" : 1,
            "3751936" : 1,
            "3850240" : 1,
            "3948544" : 1,
            "4046848" : 1,
            "4177920" : 1,
            "4227072" : 1,
            "4292608" : 1,
            "4358144" : 5,
            "4423680" : 2,
            "4489216" : 1,
            "4554752" : 2,
            "4685824" : 1,
            "4751360" : 3,
            "4816896" : 2,
            "4882432" : 1,
            "4947968" : 1,
            "5013504" : 2,
            "5079040" : 1,
            "5210112" : 1,
            "5275648" : 1,
            "5341184" : 5,
            "5406720" : 1,
            "5472256" : 2,
            "5537792" : 4,
            "5603328" : 3,
            "5668864" : 2,
            "5734400" : 3,
            "5799936" : 2,
            "5865472" : 5,
            "5931008" : 4,
            "5996544" : 3,
            "6062080" : 19,
            "6127616" : 8,
            "6193152" : 18,
            "6258688" : 11,
            "6324224" : 8,
            "6389760" : 16,
            "6455296" : 11,
            "6520832" : 23,
            "6586368" : 21,
            "6651904" : 19,
            "6717440" : 20,
            "6782976" : 33,
            "6848512" : 26,
            "6914048" : 24,
            "6979584" : 24,
            "7045120" : 35,
            "7110656" : 39,
            "7176192" : 28,
            "7241728" : 13,
            "7307264" : 25,
            "7372800" : 22,
            "7438336" : 16,
            "7503872" : 26,
            "7569408" : 19,
            "7634944" : 22,
            "7700480" : 25,
            "7766016" : 18,
            "7831552" : 20,
            "7897088" : 22,
            "7962624" : 26,
            "8028160" : 18,
            "8093696" : 26,
            "8159232" : 30,
            "8224768" : 23,
            "8290304" : 29,
            "8355840" : 29,
            "8454144" : 61,
            "8585216" : 52,
            "8716288" : 72,
            "8847360" : 74,
            "8978432" : 82,
            "9109504" : 76,
            "9240576" : 69,
            "9371648" : 64,
            "9502720" : 83,
            "9633792" : 79,
            "9764864" : 89,
            "9895936" : 96,
            "10027008" : 122,
            "10158080" : 122,
            "10289152" : 163,
            "10420224" : 195,
            "10551296" : 233,
            "10682368" : 290,
            "10813440" : 324,
            "10944512" : 418,
            "11075584" : 417,
            "11206656" : 511,
            "11337728" : 557,
            "11468800" : 545,
            "11599872" : 629,
            "11730944" : 784,
            "11862016" : 987,
            "11993088" : 1495,
            "12124160" : 2126,
            "12255232" : 4095,
            "12386304" : 8375,
            "12517376" : 18638,
            "12648448" : 36881,
            "12779520" : 60565,
            "12910592" : 81422,
            "13041664" : 94975,
            "13172736" : 99243,
            "13303808" : 102402,
            "13434880" : 98668,
            "13565952" : 91095,
            "13697024" : 82946,
            "13828096" : 71559,
            "13959168" : 62024,
            "14090240" : 54593,
            "14221312" : 49196,
            "14352384" : 45802,
            "14483456" : 42028,
            "14614528" : 39612,
            "14745600" : 37021,
            "14876672" : 33508,
            "15007744" : 28173,
            "15138816" : 22122,
            "15269888" : 17876,
            "15400960" : 13294,
            "15532032" : 10371,
            "15663104" : 8042,
            "15794176" : 6346,
            "15925248" : 4715,
            "16056320" : 3677,
            "16187392" : 2920,
            "16318464" : 2341,
            "16449536" : 1764,
            "16580608" : 1319,
            "16711680" : 902,
            "16908288" : 1387,
            "17170432" : 832,
            "17432576" : 659,
            "17694720" : 472,
            "17956864" : 322,
            "18219008" : 271,
            "18481152" : 253,
            "18743296" : 209,
            "19005440" : 199,
            "19267584" : 167,
            "19529728" : 153,
            "19791872" : 131,
            "20054016" : 118,
            "20316160" : 116,