{
  "fio version" : "fio-3.8",
  "timestamp" : 1543122244,
  "timestamp_ms" : 1543122244492,
  "time" : "Sat Nov 24 21:04:04 2018",
  "jobs" : [
    {
      "jobname" : "wipc",
      "groupid" : 0,
      "error" : 0,
      "eta" : 0,
      "elapsed" : 1430,
      "job options" : {
        "ioengine" : "libaio",
        "group_reporting" : "1",
        "direct" : "1",
        "rw" : "write",
        "bssplit" : "128KB",
        "numjobs" : "2",
        "iodepth" : "16",
        "size" : "75%",
        "io_size" : "128035676160B",
        "filename" : "/dev/sda"
      },
      "read" : {
        "io_bytes" : 0,
        "io_kbytes" : 0,
        "bw_bytes" : 0,
        "bw" : 0,
        "iops" : 0.000000,
        "runtime" : 0,
        "total_ios" : 0,
        "short_ios" : 0,
        "drop_ios" : 0,
        "slat_ns" : {
          "min" : 0,
          "max" : 0,
          "mean" : 0.000000,
          "stddev" : 0.000000
        },
        "clat_ns" : {
          "min" : 0,
          "max" : 0,
          "mean" : 0.000000,
          "stddev" : 0.000000,
          "percentile" : {
            "1.000000" : 0,
            "5.000000" : 0,
            "10.000000" : 0,
            "20.000000" : 0,
            "30.000000" : 0,
            "40.000000" : 0,
            "50.000000" : 0,
            "60.000000" : 0,
            "70.000000" : 0,
            "80.000000" : 0,
            "90.000000" : 0,
            "95.000000" : 0,
            "99.000000" : 0,
            "99.500000" : 0,
            "99.900000" : 0,
            "99.950000" : 0,
            "99.990000" : 0
          },
          "bins" : {

          }
        },
        "lat_ns" : {
          "min" : 0,
          "max" : 0,
          "mean" : 0.000000,
          "stddev" : 0.000000
        },
        "bw_min" : 0,
        "bw_max" : 0,
        "bw_agg" : 0.000000,
        "bw_mean" : 0.000000,
        "bw_dev" : 0.000000,
        "bw_samples" : 0,
        "iops_min" : 0,
        "iops_max" : 0,
        "iops_mean" : 0.000000,
        "iops_stddev" : 0.000000,
        "iops_samples" : 0
      },
      "write" : {
        "io_bytes" : 256071434240,
        "io_kbytes" : 250069760,
        "bw_bytes" : 179167909,
        "bw" : 174968,
        "iops" : 1366.942667,
        "runtime" : 1429226,
        "total_ios" : 1953670,
        "short_ios" : 0,
        "drop_ios" : 0,
        "slat_ns" : {
          "min" : 5356,
          "max" : 316851,
          "mean" : 12480.662823,
          "stddev" : 3896.534467
        },
        "clat_ns" : {
          "min" : 490699,
          "max" : 121578739,
          "mean" : 23381297.322423,
          "stddev" : 15740540.295871,
          "percentile" : {
            "1.000000" : 12910592,
            "5.000000" : 13041664,
            "10.000000" : 13303808,
            "20.000000" : 13434880,
            "30.000000" : 13697024,
            "40.000000" : 13959168,
            "50.000000" : 14352384,
            "60.000000" : 14876672,
            "70.000000" : 16580608,
            "80.000000" : 36438016,
            "90.000000" : 54788096,
            "95.000000" : 57409536,
            "99.000000" : 63176704,
            "99.500000" : 64749568,
            "99.900000" : 73924608,
            "99.950000" : 80216064,
            "99.990000" : 96993280
          },
          "bins" : {
            "489472" : 1,
            "1417216" : 2,
            "2088960" : 1,
            "2506752" : 1,
            "2899968" : 1,
            "3424256" : 1,
            "3784704" : 1,
            "4177920" : 1,
            "4489216" : 1,
            "4947968" : 1,
            "5472256" : 1,
            "5931008" : 1,
            "6324224" : 1,
            "6651904" : 1,
            "6979584" : 1,
            "7372800" : 1,
            "7634944" : 1,
            "8028160" : 1,
            "8454144" : 1,
            "8585216" : 2,
            "8716288" : 3,
            "8978432" : 1,
            "9109504" : 2,
            "9240576" : 1,
            "9764864" : 1,
            "10027008" : 1,
            "10289152" : 1,
            "10420224" : 1,
            "10813440" : 1,
            "11206656" : 1,
            "11468800" : 3,
            "11599872" : 10,
            "11730944" : 60,
            "11862016" : 112,
            "11993088" : 130,
            "12124160" : 314,
            "12255232" : 467,
            "12386304" : 586,
            "12517376" : 1161,
            "12648448" : 3321,
            "12779520" : 11430,
            "12910592" : 31673,
            "13041664" : 60108,
            "13172736" : 84439,
            "13303808" : 97426,
            "13434880" : 104953,
            "13565952" : 109428,
            "13697024" : 112157,
            "13828096" : 102037,
            "13959168" : 88691,
            "14090240" : 77075,
            "14221312" : 70781,
            "14352384" : 61936,
            "14483456" : 52796,
            "14614528" : 43199,
            "14745600" : 38721,
            "14876672" : 36551,
            "15007744" : 36018,
            "15138816" : 31328,
            "15269888" : 27374,
            "15400960" : 22035,
            "15532032" : 16736,
            "15663104" : 12493,
            "15794176" : 8977,
            "15925248" : 7022,
            "16056320" : 5260,
            "16187392" : 4095,
            "16318464" : 3256,
            "16449536" : 2807,
            "16580608" : 2359,
            "16711680" : 1782,
            "16908288" : 2311,
            "17170432" : 1455,
            "17432576" : 834,
            "17694720" : 519,
            "17956864" : 292,
            "18219008" : 207,
            "18481152" : 161,
            "18743296" : 115,
            "19005440" : 96,
            "19267584" : 73,
            "19529728" : 61,
            "19791872" : 57,
            "20054016" : 51,
            "20316160" : 51,
            "20578304" : 61,
            "20840448" : 59,
            "21102592" : 61,
            "21364736" : 69,
            "21626880" : 101,
            "21889024" : 98,
            "22151168" : 70,
            "22413312" : 60,
            "22675456" : 48,
            "22937600" : 77,
            "23199744" : 46,
            "23461888" : 36,
            "23724032" : 31,
            "23986176" : 22,
            "24248320" : 11,
            "24510464" : 10,
            "24772608" : 6,
            "25034752" : 7,
            "25296896" : 7,
            "25559040" : 13,
            "25821184" : 85,
            "26083328" : 145,
            "26345472" : 653,
            "26607616" : 3214,
            "26869760" : 3813,
            "27131904" : 2110,
            "27394048" : 1380,
            "27656192" : 1262,
            "27918336" : 1352,
            "28180480" : 1613,
            "28442624" : 1544,
            "28704768" : 1057,
            "28966912" : 573,
            "29229056" : 359,
            "29491200" : 202,
            "29753344" : 241,
            "30015488" : 228,
            "30277632" : 280,
            "30539776" : 318,
            "30801920" : 399,
            "31064064" : 425,
            "31326208" : 623,
            "31588352" : 819,
            "31850496" : 1139,
            "32112640" : 1462,
            "32374784" : 1979,
            "32636928" : 2729,
            "32899072" : 3747,
            "33161216" : 4713,
            "33423360" : 5838,
            "33816576" : 15437,
            "34340864" : 20841,
            "34865152" : 26368,
            "35389440" : 29848,
            "35913728" : 30636,
            "36438016" : 27742,
            "36962304" : 23289,
            "37486592" : 18964,
            "38010880" : 13917,
            "38535168" : 9934,
            "39059456" : 7966,
            "39583744" : 6898,
            "40108032" : 6257,
            "40632320" : 5621,
            "41156608" : 5006,
            "41680896" : 4374,
            "42205184" : 3440,
            "42729472" : 2611,
            "43253760" : 1814,
            "43778048" : 1179,
            "44302336" : 803,