{
  "fio version" : "fio-3.8",
  "timestamp" : 1555876490,
  "timestamp_ms" : 1555876490299,
  "time" : "Sun Apr 21 12:54:50 2019",
  "jobs" : [
    {
      "jobname" : "wipc",
      "groupid" : 0,
      "error" : 0,
      "eta" : 0,
      "elapsed" : 1463,
      "job options" : {
        "ioengine" : "libaio",
        "group_reporting" : "1",
        "direct" : "1",
        "rw" : "write",
        "bssplit" : "128KB",
        "numjobs" : "2",
        "iodepth" : "16",
        "size" : "75%",
        "io_size" : "128035676160B",
        "filename" : "/dev/sde"
      },
      "read" : {
        "io_bytes" : 0,
        "io_kbytes" : 0,
        "bw_bytes" : 0,
        "bw" : 0,
        "iops" : 0.000000,
        "runtime" : 0,
        "total_ios" : 0,
        "short_ios" : 0,
        "drop_ios" : 0,
        "slat_ns" : {
          "min" : 0,
          "max" : 0,
          "mean" : 0.000000,
          "stddev" : 0.000000
        },
        "clat_ns" : {
          "min" : 0,
          "max" : 0,
          "mean" : 0.000000,
          "stddev" : 0.000000,
          "percentile" : {
            "1.000000" : 0,
            "5.000000" : 0,
            "10.000000" : 0,
            "20.000000" : 0,
            "30.000000" : 0,
            "40.000000" : 0,
            "50.000000" : 0,
            "60.000000" : 0,
            "70.000000" : 0,
            "80.000000" : 0,
            "90.000000" : 0,
            "95.000000" : 0,
            "99.000000" : 0,
            "99.500000" : 0,
            "99.900000" : 0,
            "99.950000" : 0,
            "99.990000" : 0
          },
          "bins" : {

          }
        },
        "lat_ns" : {
          "min" : 0,
          "max" : 0,
          "mean" : 0.000000,
          "stddev" : 0.000000
        },
        "bw_min" : 0,
        "bw_max" : 0,
        "bw_agg" : 0.000000,
        "bw_mean" : 0.000000,
        "bw_dev" : 0.000000,
        "bw_samples" : 0,
        "iops_min" : 0,
        "iops_max" : 0,
        "iops_mean" : 0.000000,
        "iops_stddev" : 0.000000,
        "iops_samples" : 0
      },
      "write" : {
        "io_bytes" : 256071434240,
        "io_kbytes" : 250069760,
        "bw_bytes" : 175075657,
        "bw" : 170972,
        "iops" : 1335.721264,
        "runtime" : 1462633,
        "total_ios" : 1953670,
        "short_ios" : 0,
        "drop_ios" : 0,
        "slat_ns" : {
          "min" : 6236,
          "max" : 386862,
          "mean" : 17759.559567,
          "stddev" : 5986.376688
        },
        "clat_ns" : {
          "min" : 873016,
          "max" : 121273241,
          "mean" : 23924835.632212,
          "stddev" : 14581706.709079,
          "percentile" : {
            "1.000000" : 13434880,
            "5.000000" : 13697024,
            "10.000000" : 13828096,
            "20.000000" : 14090240,
            "30.000000" : 14352384,
            "40.000000" : 14614528,
            "50.000000" : 15138816,
            "60.000000" : 15663104,
            "70.000000" : 34340864,
            "80.000000" : 36962304,
            "90.000000" : 43778048,
            "95.000000" : 56885248,
            "99.000000" : 62652416,
            "99.500000" : 64749568,
            "99.900000" : 74973184,
            "99.950000" : 79167488,
            "99.990000" : 93847552
          },
          "bins" : {
            "872448" : 1,
            "1351680" : 1,
            "1417216" : 1,
            "2179072" : 1,
            "2605056" : 1,
            "2998272" : 1,
            "3489792" : 2,
            "4292608" : 1,
            "4685824" : 1,
            "5144576" : 1,
            "5668864" : 1,
            "6127616" : 1,
            "6193152" : 1,
            "6455296" : 1,
            "6520832" : 2,
            "6717440" : 7,
            "6782976" : 3,
            "6848512" : 10,
            "6914048" : 11,
            "6979584" : 13,
            "7045120" : 7,
            "7110656" : 16,
            "7176192" : 33,
            "7241728" : 21,
            "7307264" : 11,
            "7372800" : 14,
            "7438336" : 14,
            "7503872" : 20,
            "7569408" : 17,
            "7634944" : 17,
            "7700480" : 8,
            "7766016" : 11,
            "7831552" : 6,
            "7897088" : 3,
            "7962624" : 2,
            "8028160" : 4,
            "8093696" : 8,
            "8159232" : 14,
            "8224768" : 14,
            "8290304" : 4,
            "8355840" : 6,
            "8454144" : 7,
            "8585216" : 9,
            "8716288" : 5,
            "8847360" : 2,
            "8978432" : 2,
            "9109504" : 1,
            "9240576" : 1,
            "9764864" : 2,
            "10289152" : 4,
            "10551296" : 1,
            "10682368" : 1,
            "11075584" : 1,
            "11468800" : 1,
            "12124160" : 3,
            "12255232" : 3,
            "12386304" : 6,
            "12517376" : 21,
            "12648448" : 41,
            "12779520" : 137,
            "12910592" : 355,
            "13041664" : 934,
            "13172736" : 3051,
            "13303808" : 9513,
            "13434880" : 25648,
            "13565952" : 53633,
            "13697024" : 85929,
            "13828096" : 103803,
            "13959168" : 101538,
            "14090240" : 92328,
            "14221312" : 90456,
            "14352384" : 91188,
            "14483456" : 86801,
            "14614528" : 73929,
            "14745600" : 57760,
            "14876672" : 46660,
            "15007744" : 44790,
            "15138816" : 47410,
            "15269888" : 51464,
            "15400960" : 50551,
            "15532032" : 45297,
            "15663104" : 37308,
            "15794176" : 28566,
            "15925248" : 21015,
            "16056320" : 15551,
            "16187392" : 10277,
            "16318464" : 7152,
            "16449536" : 4883,
            "16580608" : 3796,
            "16711680" : 3036,
            "16908288" : 4588,
            "17170432" : 3079,
            "17432576" : 1821,
            "17694720" : 1040,
            "17956864" : 528,
            "18219008" : 239,
            "18481152" : 139,
            "18743296" : 105,
            "19005440" : 91,
            "19267584" : 71,
            "19529728" : 93,
            "19791872" : 74,
            "20054016" : 89,
            "20316160" : 64,
            "20578304" : 65,
            "20840448" : 67,
            "21102592" : 70,
            "21364736" : 67,
            "21626880" : 51,
            "21889024" : 44,
            "22151168" : 38,
            "22413312" : 31,
            "22675456" : 25,
            "22937600" : 18,
            "23199744" : 10,
            "23461888" : 7,
            "23724032" : 4,
            "23986176" : 4,
            "24248320" : 7,
            "24510464" : 2,
            "24772608" : 8,
            "25034752" : 13,
            "25296896" : 7,
            "25559040" : 15,
            "25821184" : 43,
            "26083328" : 30,
            "26345472" : 75,
            "26607616" : 85,
            "26869760" : 98,
            "27131904" : 255,
            "27394048" : 1315,
            "27656192" : 4636,
            "27918336" : 4702,
            "28180480" : 2414,
            "28442624" : 1108,
            "28704768" : 663,
            "28966912" : 1105,
            "29229056" : 1179,
            "29491200" : 517,
            "29753344" : 356,
            "30015488" : 242,
            "30277632" : 279,
            "30539776" : 284,
            "30801920" : 350,
            "31064064" : 426,
            "31326208" : 531,
            "31588352" : 710,
            "31850496" : 885,
            "32112640" : 1166,
            "32374784" : 1546,
            "32636928" : 2132,
            "32899072" : 2920,
            "33161216" : 3773,
            "33423360" : 5149,
            "33816576" : 15694,
            "34340864" : 22928,
            "34865152" : 29773,
            "35389440" : 38847,
            "35913728" : 46506,