{
  "fio version" : "fio-3.8",
  "timestamp" : 1555876452,
  "timestamp_ms" : 1555876452855,
  "time" : "Sun Apr 21 12:54:12 2019",
  "jobs" : [
    {
      "jobname" : "wipc",
      "groupid" : 0,
      "error" : 0,
      "eta" : 0,
      "elapsed" : 1427,
      "job options" : {
        "ioengine" : "libaio",
        "group_reporting" : "1",
        "direct" : "1",
        "rw" : "write",
        "bssplit" : "128KB",
        "numjobs" : "2",
        "iodepth" : "16",
        "size" : "75%",
        "io_size" : "128035676160B",
        "filename" : "/dev/sdc"
      },
      "read" : {
        "io_bytes" : 0,
        "io_kbytes" : 0,
        "bw_bytes" : 0,
        "bw" : 0,
        "iops" : 0.000000,
        "runtime" : 0,
        "total_ios" : 0,
        "short_ios" : 0,
        "drop_ios" : 0,
        "slat_ns" : {
          "min" : 0,
          "max" : 0,
          "mean" : 0.000000,
          "stddev" : 0.000000
        },
        "clat_ns" : {
          "min" : 0,
          "max" : 0,
          "mean" : 0.000000,
          "stddev" : 0.000000,
          "percentile" : {
            "1.000000" : 0,
            "5.000000" : 0,
            "10.000000" : 0,
            "20.000000" : 0,
            "30.000000" : 0,
            "40.000000" : 0,
            "50.000000" : 0,
            "60.000000" : 0,
            "70.000000" : 0,
            "80.000000" : 0,
            "90.000000" : 0,
            "95.000000" : 0,
            "99.000000" : 0,
            "99.500000" : 0,
            "99.900000" : 0,
            "99.950000" : 0,
            "99.990000" : 0
          },
          "bins" : {

          }
        },
        "lat_ns" : {
          "min" : 0,
          "max" : 0,
          "mean" : 0.000000,
          "stddev" : 0.000000
        },
        "bw_min" : 0,
        "bw_max" : 0,
        "bw_agg" : 0.000000,
        "bw_mean" : 0.000000,
        "bw_dev" : 0.000000,
        "bw_samples" : 0,
        "iops_min" : 0,
        "iops_max" : 0,
        "iops_mean" : 0.000000,
        "iops_stddev" : 0.000000,
        "iops_samples" : 0
      },
      "write" : {
        "io_bytes" : 256071434240,
        "io_kbytes" : 250069760,
        "bw_bytes" : 179562658,
        "bw" : 175354,
        "iops" : 1369.954365,
        "runtime" : 1426084,
        "total_ios" : 1953670,
        "short_ios" : 0,
        "drop_ios" : 0,
        "slat_ns" : {
          "min" : 6013,
          "max" : 352478,
          "mean" : 18422.565769,
          "stddev" : 5567.232307
        },
        "clat_ns" : {
          "min" : 898800,
          "max" : 122712889,
          "mean" : 23335490.997962,
          "stddev" : 14950000.631632,
          "percentile" : {
            "1.000000" : 13172736,
            "5.000000" : 13434880,
            "10.000000" : 13565952,
            "20.000000" : 13828096,
            "30.000000" : 13959168,
            "40.000000" : 14221312,
            "50.000000" : 14614528,
            "60.000000" : 15138816,
            "70.000000" : 27656192,
            "80.000000" : 35913728,
            "90.000000" : 53215232,
            "95.000000" : 55836672,
            "99.000000" : 61603840,
            "99.500000" : 63700992,
            "99.900000" : 77070336,
            "99.950000" : 84410368,
            "99.990000" : 96993280
          },
          "bins" : {
            "897024" : 1,
            "1417216" : 2,
            "2179072" : 1,
            "2506752" : 1,
            "2834432" : 1,
            "3227648" : 1,
            "3588096" : 1,
            "3981312" : 1,
            "4423680" : 1,
            "4751360" : 1,
            "5210112" : 1,
            "5537792" : 1,
            "5931008" : 1,
            "6258688" : 1,
            "6389760" : 1,
            "6651904" : 3,
            "6717440" : 2,
            "6848512" : 2,
            "6914048" : 4,
            "6979584" : 9,
            "7045120" : 12,
            "7110656" : 9,
            "7176192" : 4,
            "7241728" : 5,
            "7372800" : 2,
            "7438336" : 1,
            "7503872" : 1,
            "7634944" : 1,
            "7700480" : 1,
            "7766016" : 1,
            "7962624" : 1,
            "8159232" : 1,
            "8224768" : 1,
            "8355840" : 1,
            "8585216" : 2,
            "8716288" : 1,
            "8847360" : 1,
            "9109504" : 1,
            "9633792" : 1,
            "9895936" : 1,
            "10027008" : 1,
            "10289152" : 1,
            "10420224" : 1,
            "10682368" : 2,
            "11075584" : 1,
            "11337728" : 1,
            "11468800" : 2,
            "11730944" : 1,
            "11862016" : 4,
            "12124160" : 4,
            "12255232" : 2,
            "12386304" : 15,
            "12517376" : 47,
            "12648448" : 124,
            "12779520" : 506,
            "12910592" : 1984,
            "13041664" : 6824,
            "13172736" : 17995,
            "13303808" : 38346,
            "13434880" : 71036,
            "13565952" : 110334,
            "13697024" : 124860,
            "13828096" : 118604,
            "13959168" : 104293,
            "14090240" : 96475,
            "14221312" : 92332,
            "14352384" : 85492,
            "14483456" : 69098,
            "14614528" : 53786,
            "14745600" : 44384,
            "14876672" : 43841,
            "15007744" : 49179,
            "15138816" : 53020,
            "15269888" : 49718,
            "15400960" : 39127,
            "15532032" : 29203,
            "15663104" : 20013,
            "15794176" : 12407,
            "15925248" : 7451,
            "16056320" : 4540,
            "16187392" : 2821,
            "16318464" : 1986,
            "16449536" : 1441,
            "16580608" : 1285,
            "16711680" : 1070,
            "16908288" : 1728,
            "17170432" : 1046,
            "17432576" : 583,
            "17694720" : 248,
            "17956864" : 129,
            "18219008" : 43,
            "18481152" : 15,
            "18743296" : 19,
            "19005440" : 28,
            "19267584" : 38,
            "19529728" : 36,
            "19791872" : 57,
            "20054016" : 58,
            "20316160" : 62,
            "20578304" : 68,
            "20840448" : 53,
            "21102592" : 33,
            "21364736" : 43,
            "21626880" : 34,
            "21889024" : 34,
            "22151168" : 21,
            "22413312" : 7,
            "22675456" : 4,
            "22937600" : 2,
            "23199744" : 2,
            "23461888" : 1,
            "23724032" : 3,
            "23986176" : 1,
            "24510464" : 16,
            "24772608" : 18,
            "25034752" : 5,
            "25296896" : 8,
            "25559040" : 12,
            "25821184" : 37,
            "26083328" : 41,
            "26345472" : 99,
            "26607616" : 164,
            "26869760" : 319,
            "27131904" : 1325,
            "27394048" : 3613,
            "27656192" : 4398,
            "27918336" : 2884,
            "28180480" : 1692,
            "28442624" : 1465,
            "28704768" : 1386,
            "28966912" : 905,
            "29229056" : 599,
            "29491200" : 429,
            "29753344" : 402,
            "30015488" : 421,
            "30277632" : 493,
            "30539776" : 575,
            "30801920" : 709,
            "31064064" : 825,
            "31326208" : 1129,
            "31588352" : 1359,
            "31850496" : 2093,
            "32112640" : 2903,
            "32374784" : 3942,
            "32636928" : 5124,
            "32899072" : 6724,
            "33161216" : 8052,
            "33423360" : 9337,
            "33816576" : 23060,
            "34340864" : 28883,
            "34865152" : 35110,
            "35389440" : 35362,
            "35913728" : 31379,
            "36438016" : 29389,
            "36962304" : 25198,
            "37486592" : 17785,
            "38010880" : 12276,
            "38535168" : 9722,