{
  "fio version" : "fio-3.8",
  "timestamp" : 1555883904,
  "timestamp_ms" : 1555883904451,
  "time" : "Sun Apr 21 14:58:24 2019",
  "jobs" : [
    {
      "jobname" : "wipc",
      "groupid" : 0,
      "error" : 0,
      "eta" : 0,
      "elapsed" : 1432,
      "job options" : {
        "ioengine" : "libaio",
        "group_reporting" : "1",
        "direct" : "1",
        "rw" : "write",
        "bssplit" : "128KB",
        "numjobs" : "2",
        "iodepth" : "16",
        "size" : "75%",
        "io_size" : "128035676160B",
        "filename" : "/dev/sdc"
      },
      "read" : {
        "io_bytes" : 0,
        "io_kbytes" : 0,
        "bw_bytes" : 0,
        "bw" : 0,
        "iops" : 0.000000,
        "runtime" : 0,
        "total_ios" : 0,
        "short_ios" : 0,
        "drop_ios" : 0,
        "slat_ns" : {
          "min" : 0,
          "max" : 0,
          "mean" : 0.000000,
          "stddev" : 0.000000
        },
        "clat_ns" : {
          "min" : 0,
          "max" : 0,
          "mean" : 0.000000,
          "stddev" : 0.000000,
          "percentile" : {
            "1.000000" : 0,
            "5.000000" : 0,
            "10.000000" : 0,
            "20.000000" : 0,
            "30.000000" : 0,
            "40.000000" : 0,
            "50.000000" : 0,
            "60.000000" : 0,
            "70.000000" : 0,
            "80.000000" : 0,
            "90.000000" : 0,
            "95.000000" : 0,
            "99.000000" : 0,
            "99.500000" : 0,
            "99.900000" : 0,
            "99.950000" : 0,
            "99.990000" : 0
          },
          "bins" : {

          }
        },
        "lat_ns" : {
          "min" : 0,
          "max" : 0,
          "mean" : 0.000000,
          "stddev" : 0.000000
        },
        "bw_min" : 0,
        "bw_max" : 0,
        "bw_agg" : 0.000000,
        "bw_mean" : 0.000000,
        "bw_dev" : 0.000000,
        "bw_samples" : 0,
        "iops_min" : 0,
        "iops_max" : 0,
        "iops_mean" : 0.000000,
        "iops_stddev" : 0.000000,
        "iops_samples" : 0
      },
      "write" : {
        "io_bytes" : 256071434240,
        "io_kbytes" : 250069760,
        "bw_bytes" : 178852807,
        "bw" : 174660,
        "iops" : 1364.538633,
        "runtime" : 1431744,
        "total_ios" : 1953670,
        "short_ios" : 0,
        "drop_ios" : 0,
        "slat_ns" : {
          "min" : 6583,
          "max" : 367103,
          "mean" : 17742.167959,
          "stddev" : 6901.327169
        },
        "clat_ns" : {
          "min" : 962354,
          "max" : 117819527,
          "mean" : 23425842.064175,
          "stddev" : 14578778.705647,
          "percentile" : {
            "1.000000" : 13172736,
            "5.000000" : 13434880,
            "10.000000" : 13565952,
            "20.000000" : 13828096,
            "30.000000" : 14090240,
            "40.000000" : 14352384,
            "50.000000" : 14745600,
            "60.000000" : 15269888,
            "70.000000" : 32374784,
            "80.000000" : 35913728,
            "90.000000" : 52690944,
            "95.000000" : 55836672,
            "99.000000" : 61603840,
            "99.500000" : 63700992,
            "99.900000" : 73924608,
            "99.950000" : 80216064,
            "99.990000" : 94896128
          },
          "bins" : {
            "962560" : 1,
            "1384448" : 1,
            "1499136" : 1,
            "2146304" : 1,
            "2572288" : 1,
            "2932736" : 1,
            "3325952" : 1,
            "3751936" : 1,
            "4177920" : 1,
            "4554752" : 1,
            "4882432" : 1,
            "5275648" : 1,
            "5734400" : 1,
            "6127616" : 1,
            "6193152" : 3,
            "6258688" : 15,
            "6324224" : 24,
            "6389760" : 22,
            "6455296" : 63,
            "6520832" : 76,
            "6586368" : 34,
            "6651904" : 48,
            "6717440" : 86,
            "6782976" : 75,
            "6848512" : 51,
            "6914048" : 42,
            "6979584" : 78,
            "7045120" : 45,
            "7110656" : 31,
            "7176192" : 18,
            "7241728" : 25,
            "7307264" : 35,
            "7372800" : 33,
            "7438336" : 45,
            "7503872" : 26,
            "7569408" : 18,
            "7634944" : 29,
            "7700480" : 22,
            "7766016" : 23,
            "7831552" : 26,
            "7897088" : 22,
            "7962624" : 29,
            "8028160" : 37,
            "8093696" : 34,
            "8159232" : 40,
            "8224768" : 11,
            "8290304" : 8,
            "8355840" : 5,
            "8454144" : 5,
            "8585216" : 9,
            "8716288" : 9,
            "8847360" : 2,
            "8978432" : 3,
            "9109504" : 8,
            "9240576" : 8,
            "9371648" : 7,
            "9502720" : 1,
            "9633792" : 6,
            "9764864" : 1,
            "10027008" : 2,
            "10420224" : 3,
            "10682368" : 1,
            "10813440" : 1,
            "11075584" : 2,
            "11206656" : 1,
            "11337728" : 1,
            "11468800" : 2,
            "11599872" : 2,
            "11862016" : 2,
            "11993088" : 6,
            "12124160" : 7,
            "12255232" : 13,
            "12386304" : 25,
            "12517376" : 57,
            "12648448" : 195,
            "12779520" : 953,
            "12910592" : 3115,
            "13041664" : 8029,
            "13172736" : 16366,
            "13303808" : 29919,
            "13434880" : 61001,
            "13565952" : 101153,
            "13697024" : 115875,
            "13828096" : 107296,
            "13959168" : 98459,
            "14090240" : 91647,
            "14221312" : 88503,
            "14352384" : 83201,
            "14483456" : 70587,
            "14614528" : 56696,
            "14745600" : 45767,
            "14876672" : 43756,
            "15007744" : 48645,
            "15138816" : 54331,
            "15269888" : 51460,
            "15400960" : 41321,
            "15532032" : 31997,
            "15663104" : 23292,
            "15794176" : 15738,
            "15925248" : 10579,
            "16056320" : 6994,
            "16187392" : 5029,
            "16318464" : 3617,
            "16449536" : 2600,
            "16580608" : 2049,
            "16711680" : 1891,
            "16908288" : 3018,
            "17170432" : 1806,
            "17432576" : 685,
            "17694720" : 289,
            "17956864" : 117,
            "18219008" : 66,
            "18481152" : 27,
            "18743296" : 37,
            "19005440" : 47,
            "19267584" : 65,
            "19529728" : 69,
            "19791872" : 71,
            "20054016" : 66,
            "20316160" : 53,
            "20578304" : 67,
            "20840448" : 62,
            "21102592" : 51,
            "21364736" : 40,
            "21626880" : 39,
            "21889024" : 36,
            "22151168" : 21,
            "22413312" : 8,
            "22675456" : 8,
            "22937600" : 5,
            "23199744" : 4,
            "23461888" : 4,
            "23724032" : 4,
            "23986176" : 4,
            "24248320" : 4,
            "24510464" : 5,
            "24772608" : 10,
            "25034752" : 4,
            "25296896" : 12,
            "25559040" : 13,
            "25821184" : 26,
            "26083328" : 38,
            "26345472" : 59,
            "26607616" : 88,
            "26869760" : 323,
            "27131904" : 1006,
            "27394048" : 2796,
            "27656192" : 4370,
            "27918336" : 2670,
            "28180480" : 1351,
            "28442624" : 1021,
            "28704768" : 1423,
            "28966912" : 1729,
            "29229056" : 1259,
            "29491200" : 770,
            "29753344" : 490,
            "30015488" : 543,
            "30277632" : 643,
            "30539776" : 837,
            "30801920" : 960,