{
  "fio version" : "fio-3.8",
  "timestamp" : 1546798864,
  "timestamp_ms" : 1546798864362,
  "time" : "Sun Jan  6 10:21:04 2019",
  "jobs" : [
    {
      "jobname" : "wipc",
      "groupid" : 0,
      "error" : 0,
      "eta" : 0,
      "elapsed" : 1450,
      "job options" : {
        "ioengine" : "libaio",
        "group_reporting" : "1",
        "direct" : "1",
        "rw" : "write",
        "bssplit" : "128KB",
        "numjobs" : "2",
        "iodepth" : "16",
        "size" : "75%",
        "io_size" : "128035676160B",
        "filename" : "/dev/sda"
      },
      "read" : {
        "io_bytes" : 0,
        "io_kbytes" : 0,
        "bw_bytes" : 0,
        "bw" : 0,
        "iops" : 0.000000,
        "runtime" : 0,
        "total_ios" : 0,
        "short_ios" : 0,
        "drop_ios" : 0,
        "slat_ns" : {
          "min" : 0,
          "max" : 0,
          "mean" : 0.000000,
          "stddev" : 0.000000
        },
        "clat_ns" : {
          "min" : 0,
          "max" : 0,
          "mean" : 0.000000,
          "stddev" : 0.000000,
          "percentile" : {
            "1.000000" : 0,
            "5.000000" : 0,
            "10.000000" : 0,
            "20.000000" : 0,
            "30.000000" : 0,
            "40.000000" : 0,
            "50.000000" : 0,
            "60.000000" : 0,
            "70.000000" : 0,
            "80.000000" : 0,
            "90.000000" : 0,
            "95.000000" : 0,
            "99.000000" : 0,
            "99.500000" : 0,
            "99.900000" : 0,
            "99.950000" : 0,
            "99.990000" : 0
          },
          "bins" : {

          }
        },
        "lat_ns" : {
          "min" : 0,
          "max" : 0,
          "mean" : 0.000000,
          "stddev" : 0.000000
        },
        "bw_min" : 0,
        "bw_max" : 0,
        "bw_agg" : 0.000000,
        "bw_mean" : 0.000000,
        "bw_dev" : 0.000000,
        "bw_samples" : 0,
        "iops_min" : 0,
        "iops_max" : 0,
        "iops_mean" : 0.000000,
        "iops_stddev" : 0.000000,
        "iops_samples" : 0
      },
      "write" : {
        "io_bytes" : 256071434240,
        "io_kbytes" : 250069760,
        "bw_bytes" : 176726403,
        "bw" : 172584,
        "iops" : 1348.315460,
        "runtime" : 1448971,
        "total_ios" : 1953670,
        "short_ios" : 0,
        "drop_ios" : 0,
        "slat_ns" : {
          "min" : 5414,
          "max" : 119410,
          "mean" : 13581.461041,
          "stddev" : 2888.552149
        },
        "clat_ns" : {
          "min" : 981130,
          "max" : 129661136,
          "mean" : 23712668.766542,
          "stddev" : 15578969.446648,
          "percentile" : {
            "1.000000" : 12910592,
            "5.000000" : 13172736,
            "10.000000" : 13303808,
            "20.000000" : 13565952,
            "30.000000" : 13828096,
            "40.000000" : 14090240,
            "50.000000" : 14483456,
            "60.000000" : 15007744,
            "70.000000" : 31850496,
            "80.000000" : 36438016,
            "90.000000" : 54263808,
            "95.000000" : 56885248,
            "99.000000" : 62652416,
            "99.500000" : 65273856,
            "99.900000" : 80216064,
            "99.950000" : 88604672,
            "99.990000" : 102236160
          },
          "bins" : {
            "978944" : 1,
            "1466368" : 1,
            "1482752" : 1,
            "2277376" : 1,
            "2637824" : 1,
            "3031040" : 1,
            "3457024" : 1,
            "3719168" : 1,
            "4227072" : 1,
            "4620288" : 1,
            "5013504" : 1,
            "5341184" : 1,
            "5799936" : 1,
            "6127616" : 1,
            "6520832" : 1,
            "6914048" : 1,
            "7307264" : 1,
            "7634944" : 1,
            "8093696" : 1,
            "8454144" : 1,
            "8847360" : 1,
            "9240576" : 1,
            "9764864" : 1,
            "10158080" : 1,
            "10551296" : 1,
            "10813440" : 1,
            "11468800" : 1,
            "11862016" : 2,
            "11993088" : 22,
            "12124160" : 63,
            "12255232" : 93,
            "12386304" : 189,
            "12517376" : 428,
            "12648448" : 1346,
            "12779520" : 5323,
            "12910592" : 16882,
            "13041664" : 40018,
            "13172736" : 69168,
            "13303808" : 91832,
            "13434880" : 101154,
            "13565952" : 104552,
            "13697024" : 105015,
            "13828096" : 102143,
            "13959168" : 95348,
            "14090240" : 78606,
            "14221312" : 63202,
            "14352384" : 54691,
            "14483456" : 55389,
            "14614528" : 55538,
            "14745600" : 53299,
            "14876672" : 46687,
            "15007744" : 40443,
            "15138816" : 35117,
            "15269888" : 29842,
            "15400960" : 25005,
            "15532032" : 18881,
            "15663104" : 13609,
            "15794176" : 9458,
            "15925248" : 6548,
            "16056320" : 4859,
            "16187392" : 3913,
            "16318464" : 2955,
            "16449536" : 2195,
            "16580608" : 1639,
            "16711680" : 1495,
            "16908288" : 2332,
            "17170432" : 1255,
            "17432576" : 731,
            "17694720" : 322,
            "17956864" : 166,
            "18219008" : 123,
            "18481152" : 73,
            "18743296" : 64,
            "19005440" : 62,
            "19267584" : 71,
            "19529728" : 56,
            "19791872" : 71,
            "20054016" : 79,
            "20316160" : 73,
            "20578304" : 82,
            "20840448" : 76,
            "21102592" : 61,
            "21364736" : 62,
            "21626880" : 58,
            "21889024" : 40,
            "22151168" : 18,
            "22413312" : 22,
            "22675456" : 25,
            "22937600" : 11,
            "23199744" : 10,
            "23461888" : 7,
            "23724032" : 4,
            "23986176" : 6,
            "24248320" : 2,
            "24510464" : 3,
            "24772608" : 8,
            "25034752" : 2,
            "25296896" : 21,
            "25559040" : 31,
            "25821184" : 46,
            "26083328" : 50,
            "26345472" : 143,
            "26607616" : 718,
            "26869760" : 2453,
            "27131904" : 3804,
            "27394048" : 3535,
            "27656192" : 1747,
            "27918336" : 852,
            "28180480" : 1088,
            "28442624" : 1894,
            "28704768" : 1545,
            "28966912" : 703,
            "29229056" : 334,
            "29491200" : 208,
            "29753344" : 227,
            "30015488" : 270,
            "30277632" : 291,
            "30539776" : 383,
            "30801920" : 506,
            "31064064" : 715,
            "31326208" : 812,
            "31588352" : 1047,
            "31850496" : 1369,
            "32112640" : 1909,
            "32374784" : 2565,
            "32636928" : 3487,
            "32899072" : 4927,
            "33161216" : 6166,
            "33423360" : 7692,
            "33816576" : 19314,
            "34340864" : 24582,
            "34865152" : 31143,
            "35389440" : 36008,
            "35913728" : 33871,
            "36438016" : 29495,
            "36962304" : 28049,
            "37486592" : 22924,
            "38010880" : 15379,
            "38535168" : 10910,
            "39059456" : 8811,
            "39583744" : 7319,
            "40108032" : 6570,
            "40632320" : 5951,
            "41156608" : 5122,
            "41680896" : 3943,
            "42205184" : 3047,
            "42729472" : 2357,
            "43253760" : 1655,
            "43778048" : 1011,
            "44302336" : 678,
            "44826624" : 483,
            "45350912" : 394,
            "45875200" : 371,
            "46399488" : 316,
            "46923776" : 415,
            "47448064" : 474,