{
  "fio version" : "fio-3.8",
  "timestamp" : 1543034838,
  "timestamp_ms" : 1543034838698,
  "time" : "Sat Nov 24 04:47:18 2018",
  "jobs" : [
    {
      "jobname" : "wipc",
      "groupid" : 0,
      "error" : 0,
      "eta" : 0,
      "elapsed" : 1494,
      "job options" : {
        "ioengine" : "libaio",
        "group_reporting" : "1",
        "direct" : "1",
        "rw" : "write",
        "bssplit" : "128KB",
        "numjobs" : "2",
        "iodepth" : "16",
        "size" : "100%",
        "io_size" : "128035676160B",
        "filename" : "/dev/sda"
      },
      "read" : {
        "io_bytes" : 0,
        "io_kbytes" : 0,
        "bw_bytes" : 0,
        "bw" : 0,
        "iops" : 0.000000,
        "runtime" : 0,
        "total_ios" : 0,
        "short_ios" : 0,
        "drop_ios" : 0,
        "slat_ns" : {
          "min" : 0,
          "max" : 0,
          "mean" : 0.000000,
          "stddev" : 0.000000
        },
        "clat_ns" : {
          "min" : 0,
          "max" : 0,
          "mean" : 0.000000,
          "stddev" : 0.000000,
          "percentile" : {
            "1.000000" : 0,
            "5.000000" : 0,
            "10.000000" : 0,
            "20.000000" : 0,
            "30.000000" : 0,
            "40.000000" : 0,
            "50.000000" : 0,
            "60.000000" : 0,
            "70.000000" : 0,
            "80.000000" : 0,
            "90.000000" : 0,
            "95.000000" : 0,
            "99.000000" : 0,
            "99.500000" : 0,
            "99.900000" : 0,
            "99.950000" : 0,
            "99.990000" : 0
          },
          "bins" : {

          }
        },
        "lat_ns" : {
          "min" : 0,
          "max" : 0,
          "mean" : 0.000000,
          "stddev" : 0.000000
        },
        "bw_min" : 0,
        "bw_max" : 0,
        "bw_agg" : 0.000000,
        "bw_mean" : 0.000000,
        "bw_dev" : 0.000000,
        "bw_samples" : 0,
        "iops_min" : 0,
        "iops_max" : 0,
        "iops_mean" : 0.000000,
        "iops_stddev" : 0.000000,
        "iops_samples" : 0
      },
      "write" : {
        "io_bytes" : 256071172096,
        "io_kbytes" : 250069504,
        "bw_bytes" : 171449748,
        "bw" : 167431,
        "iops" : 1308.057773,
        "runtime" : 1493564,
        "total_ios" : 1953668,
        "short_ios" : 0,
        "drop_ios" : 0,
        "slat_ns" : {
          "min" : 22750,
          "max" : 19707917,
          "mean" : 57257.046263,
          "stddev" : 66497.811561
        },
        "clat_ns" : {
          "min" : 1816791,
          "max" : 115304792,
          "mean" : 24398388.225126,
          "stddev" : 16424602.035687,
          "percentile" : {
            "1.000000" : 12386304,
            "5.000000" : 12648448,
            "10.000000" : 12779520,
            "20.000000" : 13041664,
            "30.000000" : 13303808,
            "40.000000" : 13565952,
            "50.000000" : 13828096,
            "60.000000" : 14614528,
            "70.000000" : 34340864,
            "80.000000" : 37486592,
            "90.000000" : 55312384,
            "95.000000" : 57933824,
            "99.000000" : 63176704,
            "99.500000" : 64749568,
            "99.900000" : 72876032,
            "99.950000" : 74973184,
            "99.990000" : 82313216
          },
          "bins" : {
            "1810432" : 1,
            "1826816" : 2,
            "1843200" : 1,
            "1941504" : 3,
            "1957888" : 2,
            "2408448" : 1,
            "2539520" : 1,
            "3751936" : 1,
            "3817472" : 1,
            "3915776" : 1,
            "3948544" : 1,
            "3981312" : 4,
            "4079616" : 1,
            "4177920" : 1,
            "4292608" : 1,
            "4358144" : 1,
            "4489216" : 1,
            "4554752" : 1,
            "4751360" : 4,
            "4816896" : 1,
            "4882432" : 1,
            "4947968" : 3,
            "5144576" : 4,
            "5210112" : 2,
            "5341184" : 2,
            "5406720" : 1,
            "5603328" : 3,
            "5734400" : 2,
            "5799936" : 2,
            "5931008" : 2,
            "5996544" : 2,
            "6062080" : 3,
            "6127616" : 4,
            "6193152" : 10,
            "6258688" : 9,
            "6324224" : 10,
            "6389760" : 8,
            "6455296" : 11,
            "6520832" : 32,
            "6586368" : 35,
            "6651904" : 29,
            "6717440" : 29,
            "6782976" : 13,
            "6848512" : 13,
            "6914048" : 36,
            "6979584" : 23,
            "7045120" : 19,
            "7110656" : 26,
            "7176192" : 13,
            "7241728" : 10,
            "7307264" : 16,
            "7372800" : 24,
            "7438336" : 17,
            "7503872" : 19,
            "7569408" : 18,
            "7634944" : 14,
            "7700480" : 17,
            "7766016" : 19,
            "7831552" : 20,
            "7897088" : 24,
            "7962624" : 24,
            "8028160" : 27,
            "8093696" : 24,
            "8159232" : 18,
            "8224768" : 23,
            "8290304" : 28,
            "8355840" : 31,
            "8454144" : 59,
            "8585216" : 47,
            "8716288" : 52,
            "8847360" : 59,
            "8978432" : 64,
            "9109504" : 75,
            "9240576" : 89,
            "9371648" : 65,
            "9502720" : 99,
            "9633792" : 87,
            "9764864" : 111,
            "9895936" : 98,
            "10027008" : 99,
            "10158080" : 138,
            "10289152" : 151,
            "10420224" : 244,
            "10551296" : 239,
            "10682368" : 287,
            "10813440" : 358,
            "10944512" : 402,
            "11075584" : 457,
            "11206656" : 535,
            "11337728" : 551,
            "11468800" : 564,
            "11599872" : 571,
            "11730944" : 864,
            "11862016" : 1089,
            "11993088" : 1633,
            "12124160" : 2737,
            "12255232" : 5445,
            "12386304" : 13191,
            "12517376" : 30385,
            "12648448" : 59517,
            "12779520" : 93376,
            "12910592" : 113893,
            "13041664" : 117596,
            "13172736" : 116299,
            "13303808" : 110299,
            "13434880" : 99318,
            "13565952" : 85526,
            "13697024" : 71607,
            "13828096" : 56980,
            "13959168" : 45111,
            "14090240" : 36325,
            "14221312" : 32753,
            "14352384" : 30146,
            "14483456" : 27784,
            "14614528" : 26446,
            "14745600" : 23726,
            "14876672" : 19071,
            "15007744" : 14899,
            "15138816" : 10537,
            "15269888" : 6920,
            "15400960" : 4618,
            "15532032" : 2990,
            "15663104" : 2107,
            "15794176" : 1628,
            "15925248" : 1141,
            "16056320" : 864,
            "16187392" : 592,
            "16318464" : 401,
            "16449536" : 280,
            "16580608" : 235,
            "16711680" : 246,
            "16908288" : 390,
            "17170432" : 394,
            "17432576" : 395,
            "17694720" : 297,
            "17956864" : 185,
            "18219008" : 147,
            "18481152" : 158,
            "18743296" : 189,
            "19005440" : 159,
            "19267584" : 132,
            "19529728" : 125,
            "19791872" : 143,
            "20054016" : 126,
            "20316160" : 120,
            "20578304" : 70,
            "20840448" : 74,
            "21102592" : 88,
            "21364736" : 69,
            "21626880" : 58,
            "21889024" : 59,
            "22151168" : 43,
            "22413312" : 31,
            "22675456" : 50,
            "22937600" : 40,
            "23199744" : 48,
            "23461888" : 36,
            "23724032" : 34,
            "23986176" : 39,
            "24248320" : 47,