{
  "fio version" : "fio-3.8",
  "timestamp" : 1553361912,
  "timestamp_ms" : 1553361912918,
  "time" : "Sat Mar 23 10:25:12 2019",
  "jobs" : [
    {
      "jobname" : "wipc",
      "groupid" : 0,
      "error" : 0,
      "eta" : 0,
      "elapsed" : 1355,
      "job options" : {
        "ioengine" : "libaio",
        "group_reporting" : "1",
        "direct" : "1",
        "rw" : "write",
        "bssplit" : "128KB",
        "numjobs" : "2",
        "iodepth" : "16",
        "size" : "75%",
        "io_size" : "128035676160B",
        "filename" : "/dev/sdf"
      },
      "read" : {
        "io_bytes" : 0,
        "io_kbytes" : 0,
        "bw_bytes" : 0,
        "bw" : 0,
        "iops" : 0.000000,
        "runtime" : 0,
        "total_ios" : 0,
        "short_ios" : 0,
        "drop_ios" : 0,
        "slat_ns" : {
          "min" : 0,
          "max" : 0,
          "mean" : 0.000000,
          "stddev" : 0.000000
        },
        "clat_ns" : {
          "min" : 0,
          "max" : 0,
          "mean" : 0.000000,
          "stddev" : 0.000000,
          "percentile" : {
            "1.000000" : 0,
            "5.000000" : 0,
            "10.000000" : 0,
            "20.000000" : 0,
            "30.000000" : 0,
            "40.000000" : 0,
            "50.000000" : 0,
            "60.000000" : 0,
            "70.000000" : 0,
            "80.000000" : 0,
            "90.000000" : 0,
            "95.000000" : 0,
            "99.000000" : 0,
            "99.500000" : 0,
            "99.900000" : 0,
            "99.950000" : 0,
            "99.990000" : 0
          },
          "bins" : {

          }
        },
        "lat_ns" : {
          "min" : 0,
          "max" : 0,
          "mean" : 0.000000,
          "stddev" : 0.000000
        },
        "bw_min" : 0,
        "bw_max" : 0,
        "bw_agg" : 0.000000,
        "bw_mean" : 0.000000,
        "bw_dev" : 0.000000,
        "bw_samples" : 0,
        "iops_min" : 0,
        "iops_max" : 0,
        "iops_mean" : 0.000000,
        "iops_stddev" : 0.000000,
        "iops_samples" : 0
      },
      "write" : {
        "io_bytes" : 256071434240,
        "io_kbytes" : 250069760,
        "bw_bytes" : 189020272,
        "bw" : 184590,
        "iops" : 1442.110236,
        "runtime" : 1354730,
        "total_ios" : 1953670,
        "short_ios" : 0,
        "drop_ios" : 0,
        "slat_ns" : {
          "min" : 5457,
          "max" : 539946,
          "mean" : 16805.840496,
          "stddev" : 5188.684159
        },
        "clat_ns" : {
          "min" : 818177,
          "max" : 113843683,
          "mean" : 22163661.970923,
          "stddev" : 14778129.738172,
          "percentile" : {
            "1.000000" : 12779520,
            "5.000000" : 13041664,
            "10.000000" : 13172736,
            "20.000000" : 13434880,
            "30.000000" : 13697024,
            "40.000000" : 13959168,
            "50.000000" : 14352384,
            "60.000000" : 14745600,
            "70.000000" : 15400960,
            "80.000000" : 35389440,
            "90.000000" : 53215232,
            "95.000000" : 55836672,
            "99.000000" : 61603840,
            "99.500000" : 63176704,
            "99.900000" : 72876032,
            "99.950000" : 78118912,
            "99.990000" : 90701824
          },
          "bins" : {
            "815104" : 1,
            "1433600" : 1,
            "1449984" : 1,
            "2179072" : 1,
            "2506752" : 1,
            "2899968" : 1,
            "3227648" : 1,
            "3620864" : 1,
            "4014080" : 1,
            "4358144" : 1,
            "4751360" : 1,
            "5079040" : 1,
            "5472256" : 1,
            "5668864" : 1,
            "5799936" : 1,
            "5865472" : 1,
            "5931008" : 1,
            "5996544" : 4,
            "6062080" : 1,
            "6127616" : 3,
            "6193152" : 2,
            "6258688" : 4,
            "6324224" : 4,
            "6389760" : 5,
            "6455296" : 11,
            "6520832" : 9,
            "6586368" : 13,
            "6651904" : 3,
            "6717440" : 4,
            "6782976" : 22,
            "6848512" : 17,
            "6914048" : 29,
            "6979584" : 8,
            "7045120" : 9,
            "7110656" : 10,
            "7176192" : 8,
            "7241728" : 7,
            "7307264" : 5,
            "7372800" : 18,
            "7438336" : 8,
            "7503872" : 2,
            "7700480" : 2,
            "7766016" : 1,
            "7831552" : 1,
            "8093696" : 1,
            "8159232" : 1,
            "8224768" : 2,
            "8454144" : 1,
            "8716288" : 1,
            "8847360" : 1,
            "9109504" : 1,
            "9502720" : 1,
            "9633792" : 1,
            "9895936" : 2,
            "10289152" : 2,
            "10682368" : 1,
            "10944512" : 1,
            "11337728" : 1,
            "11468800" : 1,
            "11730944" : 7,
            "11862016" : 14,
            "11993088" : 36,
            "12124160" : 85,
            "12255232" : 201,
            "12386304" : 570,
            "12517376" : 2118,
            "12648448" : 8428,
            "12779520" : 27408,
            "12910592" : 56009,
            "13041664" : 82727,
            "13172736" : 95154,
            "13303808" : 98979,
            "13434880" : 100253,
            "13565952" : 105692,
            "13697024" : 107014,
            "13828096" : 95027,
            "13959168" : 76061,
            "14090240" : 60221,
            "14221312" : 58440,
            "14352384" : 64031,
            "14483456" : 65093,
            "14614528" : 59075,
            "14745600" : 50493,
            "14876672" : 42846,
            "15007744" : 38068,
            "15138816" : 31883,
            "15269888" : 26487,
            "15400960" : 20066,
            "15532032" : 14528,
            "15663104" : 10540,
            "15794176" : 7331,
            "15925248" : 5788,
            "16056320" : 4553,
            "16187392" : 3916,
            "16318464" : 3071,
            "16449536" : 2233,
            "16580608" : 1825,
            "16711680" : 1608,
            "16908288" : 2639,
            "17170432" : 1257,
            "17432576" : 560,
            "17694720" : 217,
            "17956864" : 94,
            "18219008" : 77,
            "18481152" : 39,
            "18743296" : 44,
            "19005440" : 50,
            "19267584" : 50,
            "19529728" : 64,
            "19791872" : 64,
            "20054016" : 81,
            "20316160" : 64,
            "20578304" : 71,
            "20840448" : 70,
            "21102592" : 48,
            "21364736" : 46,
            "21626880" : 39,
            "21889024" : 29,
            "22151168" : 23,
            "22413312" : 14,
            "22675456" : 7,
            "22937600" : 9,
            "23199744" : 10,
            "23461888" : 10,
            "23724032" : 3,
            "23986176" : 5,
            "24248320" : 1,
            "24510464" : 7,
            "24772608" : 14,
            "25034752" : 33,
            "25296896" : 79,
            "25559040" : 105,
            "25821184" : 149,
            "26083328" : 137,
            "26345472" : 405,
            "26607616" : 1571,
            "26869760" : 4350,
            "27131904" : 4026,
            "27394048" : 2914,
            "27656192" : 2059,
            "27918336" : 1535,
            "28180480" : 1264,
            "28442624" : 868,
            "28704768" : 622,
            "28966912" : 435,
            "29229056" : 304,
            "29491200" : 340,
            "29753344" : 369,
            "30015488" : 349,
            "30277632" : 397,
            "30539776" : 511,
            "30801920" : 654,
            "31064064" : 829,
            "31326208" : 1047,
            "31588352" : 1351,
            "31850496" : 1878,
            "32112640" : 2416,
            "32374784" : 3280,
            "32636928" : 4357,
            "32899072" : 5413,