{
  "fio version" : "fio-3.8",
  "timestamp" : 1555641076,
  "timestamp_ms" : 1555641076225,
  "time" : "Thu Apr 18 19:31:16 2019",
  "jobs" : [
    {
      "jobname" : "wipc",
      "groupid" : 0,
      "error" : 0,
      "eta" : 0,
      "elapsed" : 1436,
      "job options" : {
        "ioengine" : "libaio",
        "group_reporting" : "1",
        "direct" : "1",
        "rw" : "write",
        "bssplit" : "128KB",
        "numjobs" : "2",
        "iodepth" : "16",
        "size" : "75%",
        "io_size" : "128035676160B",
        "filename" : "/dev/sde"
      },
      "read" : {
        "io_bytes" : 0,
        "io_kbytes" : 0,
        "bw_bytes" : 0,
        "bw" : 0,
        "iops" : 0.000000,
        "runtime" : 0,
        "total_ios" : 0,
        "short_ios" : 0,
        "drop_ios" : 0,
        "slat_ns" : {
          "min" : 0,
          "max" : 0,
          "mean" : 0.000000,
          "stddev" : 0.000000
        },
        "clat_ns" : {
          "min" : 0,
          "max" : 0,
          "mean" : 0.000000,
          "stddev" : 0.000000,
          "percentile" : {
            "1.000000" : 0,
            "5.000000" : 0,
            "10.000000" : 0,
            "20.000000" : 0,
            "30.000000" : 0,
            "40.000000" : 0,
            "50.000000" : 0,
            "60.000000" : 0,
            "70.000000" : 0,
            "80.000000" : 0,
            "90.000000" : 0,
            "95.000000" : 0,
            "99.000000" : 0,
            "99.500000" : 0,
            "99.900000" : 0,
            "99.950000" : 0,
            "99.990000" : 0
          },
          "bins" : {

          }
        },
        "lat_ns" : {
          "min" : 0,
          "max" : 0,
          "mean" : 0.000000,
          "stddev" : 0.000000
        },
        "bw_min" : 0,
        "bw_max" : 0,
        "bw_agg" : 0.000000,
        "bw_mean" : 0.000000,
        "bw_dev" : 0.000000,
        "bw_samples" : 0,
        "iops_min" : 0,
        "iops_max" : 0,
        "iops_mean" : 0.000000,
        "iops_stddev" : 0.000000,
        "iops_samples" : 0
      },
      "write" : {
        "io_bytes" : 256071434240,
        "io_kbytes" : 250069760,
        "bw_bytes" : 178423119,
        "bw" : 174241,
        "iops" : 1361.260375,
        "runtime" : 1435192,
        "total_ios" : 1953670,
        "short_ios" : 0,
        "drop_ios" : 0,
        "slat_ns" : {
          "min" : 5606,
          "max" : 339918,
          "mean" : 16014.447611,
          "stddev" : 5440.193000
        },
        "clat_ns" : {
          "min" : 956461,
          "max" : 124331895,
          "mean" : 23486913.204257,
          "stddev" : 15095824.657333,
          "percentile" : {
            "1.000000" : 13434880,
            "5.000000" : 13565952,
            "10.000000" : 13828096,
            "20.000000" : 14090240,
            "30.000000" : 14352384,
            "40.000000" : 14614528,
            "50.000000" : 15007744,
            "60.000000" : 15532032,
            "70.000000" : 16908288,
            "80.000000" : 36438016,
            "90.000000" : 54788096,
            "95.000000" : 57409536,
            "99.000000" : 63176704,
            "99.500000" : 64749568,
            "99.900000" : 74973184,
            "99.950000" : 83361792,
            "99.990000" : 96993280
          },
          "bins" : {
            "954368" : 1,
            "1482752" : 1,
            "1515520" : 1,
            "2310144" : 1,
            "2768896" : 1,
            "3063808" : 1,
            "3457024" : 1,
            "3850240" : 1,
            "4292608" : 1,
            "4685824" : 1,
            "5079040" : 1,
            "5472256" : 1,
            "5931008" : 1,
            "6193152" : 1,
            "6258688" : 1,
            "6324224" : 1,
            "6389760" : 5,
            "6455296" : 2,
            "6586368" : 5,
            "6651904" : 5,
            "6717440" : 12,
            "6782976" : 23,
            "6848512" : 19,
            "6914048" : 20,
            "6979584" : 12,
            "7045120" : 4,
            "7110656" : 12,
            "7176192" : 11,
            "7241728" : 11,
            "7307264" : 19,
            "7372800" : 13,
            "7438336" : 11,
            "7503872" : 8,
            "7569408" : 5,
            "7634944" : 14,
            "7700480" : 5,
            "7766016" : 12,
            "7831552" : 14,
            "7897088" : 8,
            "7962624" : 3,
            "8028160" : 4,
            "8093696" : 7,
            "8159232" : 7,
            "8224768" : 7,
            "8290304" : 8,
            "8355840" : 4,
            "8454144" : 18,
            "8585216" : 22,
            "8716288" : 14,
            "8847360" : 12,
            "8978432" : 16,
            "9109504" : 6,
            "9240576" : 1,
            "9371648" : 7,
            "9502720" : 3,
            "9633792" : 2,
            "9895936" : 2,
            "10158080" : 1,
            "10420224" : 1,
            "10551296" : 1,
            "10813440" : 1,
            "10944512" : 1,
            "11075584" : 1,
            "11206656" : 2,
            "11337728" : 3,
            "11468800" : 9,
            "11599872" : 2,
            "11730944" : 1,
            "11862016" : 5,
            "11993088" : 4,
            "12124160" : 12,
            "12255232" : 27,
            "12386304" : 38,
            "12517376" : 83,
            "12648448" : 129,
            "12779520" : 195,
            "12910592" : 391,
            "13041664" : 1291,
            "13172736" : 3663,
            "13303808" : 10636,
            "13434880" : 27704,
            "13565952" : 54561,
            "13697024" : 84266,
            "13828096" : 100572,
            "13959168" : 98473,
            "14090240" : 94522,
            "14221312" : 93968,
            "14352384" : 96142,
            "14483456" : 89235,
            "14614528" : 75180,
            "14745600" : 59910,
            "14876672" : 53076,
            "15007744" : 52387,
            "15138816" : 53326,
            "15269888" : 53421,
            "15400960" : 51635,
            "15532032" : 47235,
            "15663104" : 40551,
            "15794176" : 34377,
            "15925248" : 25650,
            "16056320" : 19508,
            "16187392" : 14297,
            "16318464" : 9987,
            "16449536" : 7463,
            "16580608" : 5845,
            "16711680" : 4805,
            "16908288" : 6939,
            "17170432" : 4940,
            "17432576" : 3416,
            "17694720" : 1620,
            "17956864" : 659,
            "18219008" : 247,
            "18481152" : 113,
            "18743296" : 48,
            "19005440" : 42,
            "19267584" : 35,
            "19529728" : 50,
            "19791872" : 59,
            "20054016" : 71,
            "20316160" : 65,
            "20578304" : 72,
            "20840448" : 65,
            "21102592" : 113,
            "21364736" : 71,
            "21626880" : 59,
            "21889024" : 50,
            "22151168" : 46,
            "22413312" : 48,
            "22675456" : 33,
            "22937600" : 30,
            "23199744" : 13,
            "23461888" : 29,
            "23724032" : 6,
            "23986176" : 2,
            "24248320" : 5,
            "24510464" : 4,
            "24772608" : 9,
            "25034752" : 2,
            "25559040" : 7,
            "25821184" : 4,
            "26083328" : 10,
            "26345472" : 47,
            "26607616" : 101,
            "26869760" : 124,
            "27131904" : 456,
            "27394048" : 2613,
            "27656192" : 5534,
            "27918336" : 3993,
            "28180480" : 2147,
            "28442624" : 1278,
            "28704768" : 983,
            "28966912" : 937,
            "29229056" : 583,
            "29491200" : 376,
            "29753344" : 284,
            "30015488" : 296,
            "30277632" : 262,
            "30539776" : 295,
            "30801920" : 327,
            "31064064" : 434,