{
  "fio version" : "fio-3.8",
  "timestamp" : 1555733734,
  "timestamp_ms" : 1555733734716,
  "time" : "Fri Apr 19 21:15:34 2019",
  "jobs" : [
    {
      "jobname" : "wipc",
      "groupid" : 0,
      "error" : 0,
      "eta" : 0,
      "elapsed" : 1459,
      "job options" : {
        "ioengine" : "libaio",
        "group_reporting" : "1",
        "direct" : "1",
        "rw" : "write",
        "bssplit" : "128KB",
        "numjobs" : "2",
        "iodepth" : "16",
        "size" : "75%",
        "io_size" : "128035676160B",
        "filename" : "/dev/sde"
      },
      "read" : {
        "io_bytes" : 0,
        "io_kbytes" : 0,
        "bw_bytes" : 0,
        "bw" : 0,
        "iops" : 0.000000,
        "runtime" : 0,
        "total_ios" : 0,
        "short_ios" : 0,
        "drop_ios" : 0,
        "slat_ns" : {
          "min" : 0,
          "max" : 0,
          "mean" : 0.000000,
          "stddev" : 0.000000
        },
        "clat_ns" : {
          "min" : 0,
          "max" : 0,
          "mean" : 0.000000,
          "stddev" : 0.000000,
          "percentile" : {
            "1.000000" : 0,
            "5.000000" : 0,
            "10.000000" : 0,
            "20.000000" : 0,
            "30.000000" : 0,
            "40.000000" : 0,
            "50.000000" : 0,
            "60.000000" : 0,
            "70.000000" : 0,
            "80.000000" : 0,
            "90.000000" : 0,
            "95.000000" : 0,
            "99.000000" : 0,
            "99.500000" : 0,
            "99.900000" : 0,
            "99.950000" : 0,
            "99.990000" : 0
          },
          "bins" : {

          }
        },
        "lat_ns" : {
          "min" : 0,
          "max" : 0,
          "mean" : 0.000000,
          "stddev" : 0.000000
        },
        "bw_min" : 0,
        "bw_max" : 0,
        "bw_agg" : 0.000000,
        "bw_mean" : 0.000000,
        "bw_dev" : 0.000000,
        "bw_samples" : 0,
        "iops_min" : 0,
        "iops_max" : 0,
        "iops_mean" : 0.000000,
        "iops_stddev" : 0.000000,
        "iops_samples" : 0
      },
      "write" : {
        "io_bytes" : 256071434240,
        "io_kbytes" : 250069760,
        "bw_bytes" : 175648851,
        "bw" : 171532,
        "iops" : 1340.094385,
        "runtime" : 1457860,
        "total_ios" : 1953670,
        "short_ios" : 0,
        "drop_ios" : 0,
        "slat_ns" : {
          "min" : 5784,
          "max" : 367128,
          "mean" : 18280.059565,
          "stddev" : 5840.865069
        },
        "clat_ns" : {
          "min" : 939407,
          "max" : 121959103,
          "mean" : 23842268.357575,
          "stddev" : 16270512.658000,
          "percentile" : {
            "1.000000" : 13434880,
            "5.000000" : 13565952,
            "10.000000" : 13697024,
            "20.000000" : 13959168,
            "30.000000" : 14221312,
            "40.000000" : 14483456,
            "50.000000" : 14876672,
            "60.000000" : 15269888,
            "70.000000" : 16056320,
            "80.000000" : 36962304,
            "90.000000" : 55836672,
            "95.000000" : 58458112,
            "99.000000" : 63700992,
            "99.500000" : 65798144,
            "99.900000" : 80216064,
            "99.950000" : 89653248,
            "99.990000" : 102236160
          },
          "bins" : {
            "937984" : 1,
            "1449984" : 1,
            "1499136" : 1,
            "2179072" : 1,
            "2539520" : 1,
            "2965504" : 1,
            "3391488" : 2,
            "4145152" : 1,
            "4554752" : 1,
            "4947968" : 1,
            "5341184" : 1,
            "5734400" : 1,
            "6127616" : 1,
            "6455296" : 1,
            "6848512" : 1,
            "7241728" : 1,
            "7634944" : 1,
            "8093696" : 1,
            "8454144" : 1,
            "8847360" : 1,
            "9371648" : 1,
            "10027008" : 1,
            "10420224" : 1,
            "10813440" : 1,
            "11206656" : 1,
            "11599872" : 1,
            "11730944" : 2,
            "11862016" : 3,
            "11993088" : 6,
            "12124160" : 7,
            "12255232" : 28,
            "12386304" : 51,
            "12517376" : 87,
            "12648448" : 119,
            "12779520" : 196,
            "12910592" : 391,
            "13041664" : 1096,
            "13172736" : 3919,
            "13303808" : 12190,
            "13434880" : 31736,
            "13565952" : 59792,
            "13697024" : 86604,
            "13828096" : 101175,
            "13959168" : 101458,
            "14090240" : 101001,
            "14221312" : 105586,
            "14352384" : 107434,
            "14483456" : 97929,
            "14614528" : 81337,
            "14745600" : 65834,
            "14876672" : 57416,
            "15007744" : 53810,
            "15138816" : 52409,
            "15269888" : 51055,
            "15400960" : 48780,
            "15532032" : 44154,
            "15663104" : 38168,
            "15794176" : 31494,
            "15925248" : 24536,
            "16056320" : 17804,
            "16187392" : 12140,
            "16318464" : 7626,
            "16449536" : 4951,
            "16580608" : 3307,
            "16711680" : 2449,
            "16908288" : 3323,
            "17170432" : 2199,
            "17432576" : 1337,
            "17694720" : 816,
            "17956864" : 373,
            "18219008" : 169,
            "18481152" : 63,
            "18743296" : 55,
            "19005440" : 15,
            "19267584" : 8,
            "19529728" : 13,
            "19791872" : 20,
            "20054016" : 70,
            "20316160" : 57,
            "20578304" : 91,
            "20840448" : 111,
            "21102592" : 84,
            "21364736" : 79,
            "21626880" : 54,
            "21889024" : 51,
            "22151168" : 30,
            "22413312" : 22,
            "22675456" : 11,
            "22937600" : 5,
            "23199744" : 3,
            "23461888" : 2,
            "23724032" : 6,
            "23986176" : 5,
            "24248320" : 8,
            "24510464" : 19,
            "24772608" : 17,
            "25034752" : 26,
            "25296896" : 7,
            "25559040" : 12,
            "25821184" : 33,
            "26083328" : 47,
            "26345472" : 62,
            "26607616" : 83,
            "26869760" : 153,
            "27131904" : 379,
            "27394048" : 2126,
            "27656192" : 4373,
            "27918336" : 3813,
            "28180480" : 2023,
            "28442624" : 1504,
            "28704768" : 1169,
            "28966912" : 1336,
            "29229056" : 1624,
            "29491200" : 889,
            "29753344" : 491,
            "30015488" : 361,
            "30277632" : 292,
            "30539776" : 283,
            "30801920" : 307,
            "31064064" : 362,
            "31326208" : 412,
            "31588352" : 537,
            "31850496" : 630,
            "32112640" : 740,
            "32374784" : 962,
            "32636928" : 1356,
            "32899072" : 1667,
            "33161216" : 2127,
            "33423360" : 2871,
            "33816576" : 7980,
            "34340864" : 10840,
            "34865152" : 14203,
            "35389440" : 17700,
            "35913728" : 21465,
            "36438016" : 21948,
            "36962304" : 19573,
            "37486592" : 17471,
            "38010880" : 16531,
            "38535168" : 12302,
            "39059456" : 8187,
            "39583744" : 5856,
            "40108032" : 4944,
            "40632320" : 4139,
            "41156608" : 3847,
            "41680896" : 3479,
            "42205184" : 3049,
            "42729472" : 2620,
            "43253760" : 2072,
            "43778048" : 1444,
            "44302336" : 1019,
            "44826624" : 742,
            "45350912" : 553,
            "45875200" : 353,
            "46399488" : 319,
            "46923776" : 301,
            "47448064" : 363,