{
  "fio version" : "fio-3.8",
  "timestamp" : 1545414179,
  "timestamp_ms" : 1545414179542,
  "time" : "Fri Dec 21 09:42:59 2018",
  "jobs" : [
    {
      "jobname" : "wipc",
      "groupid" : 0,
      "error" : 0,
      "eta" : 0,
      "elapsed" : 1550,
      "job options" : {
        "ioengine" : "libaio",
        "group_reporting" : "1",
        "direct" : "1",
        "rw" : "write",
        "bssplit" : "128KB",
        "numjobs" : "2",
        "iodepth" : "16",
        "size" : "100%",
        "io_size" : "128035676160B",
        "filename" : "/dev/sdd"
      },
      "read" : {
        "io_bytes" : 0,
        "io_kbytes" : 0,
        "bw_bytes" : 0,
        "bw" : 0,
        "iops" : 0.000000,
        "runtime" : 0,
        "total_ios" : 0,
        "short_ios" : 0,
        "drop_ios" : 0,
        "slat_ns" : {
          "min" : 0,
          "max" : 0,
          "mean" : 0.000000,
          "stddev" : 0.000000
        },
        "clat_ns" : {
          "min" : 0,
          "max" : 0,
          "mean" : 0.000000,
          "stddev" : 0.000000,
          "percentile" : {
            "1.000000" : 0,
            "5.000000" : 0,
            "10.000000" : 0,
            "20.000000" : 0,
            "30.000000" : 0,
            "40.000000" : 0,
            "50.000000" : 0,
            "60.000000" : 0,
            "70.000000" : 0,
            "80.000000" : 0,
            "90.000000" : 0,
            "95.000000" : 0,
            "99.000000" : 0,
            "99.500000" : 0,
            "99.900000" : 0,
            "99.950000" : 0,
            "99.990000" : 0
          },
          "bins" : {

          }
        },
        "lat_ns" : {
          "min" : 0,
          "max" : 0,
          "mean" : 0.000000,
          "stddev" : 0.000000
        },
        "bw_min" : 0,
        "bw_max" : 0,
        "bw_agg" : 0.000000,
        "bw_mean" : 0.000000,
        "bw_dev" : 0.000000,
        "bw_samples" : 0,
        "iops_min" : 0,
        "iops_max" : 0,
        "iops_mean" : 0.000000,
        "iops_stddev" : 0.000000,
        "iops_samples" : 0
      },
      "write" : {
        "io_bytes" : 256071172096,
        "io_kbytes" : 250069504,
        "bw_bytes" : 165269797,
        "bw" : 161396,
        "iops" : 1260.908486,
        "runtime" : 1549413,
        "total_ios" : 1953668,
        "short_ios" : 0,
        "drop_ios" : 0,
        "slat_ns" : {
          "min" : 5445,
          "max" : 358332,
          "mean" : 14717.097003,
          "stddev" : 5408.817961
        },
        "clat_ns" : {
          "min" : 521286,
          "max" : 111809191,
          "mean" : 25329256.208404,
          "stddev" : 16624873.718837,
          "percentile" : {
            "1.000000" : 13303808,
            "5.000000" : 13565952,
            "10.000000" : 13828096,
            "20.000000" : 14090240,
            "30.000000" : 14352384,
            "40.000000" : 14745600,
            "50.000000" : 15138816,
            "60.000000" : 15794176,
            "70.000000" : 34340864,
            "80.000000" : 38535168,
            "90.000000" : 56360960,
            "95.000000" : 58982400,
            "99.000000" : 64225280,
            "99.500000" : 65273856,
            "99.900000" : 72876032,
            "99.950000" : 74973184,
            "99.990000" : 80216064
          },
          "bins" : {
            "522240" : 1,
            "1368064" : 1,
            "1433600" : 1,
            "2146304" : 1,
            "2539520" : 1,
            "2899968" : 1,
            "3391488" : 1,
            "3784704" : 1,
            "4177920" : 1,
            "4554752" : 1,
            "4947968" : 1,
            "5406720" : 1,
            "5799936" : 1,
            "6062080" : 1,
            "6193152" : 1,
            "6455296" : 2,
            "6520832" : 2,
            "6586368" : 1,
            "6717440" : 2,
            "6782976" : 2,
            "6848512" : 3,
            "6914048" : 22,
            "6979584" : 59,
            "7045120" : 106,
            "7110656" : 91,
            "7176192" : 79,
            "7241728" : 59,
            "7307264" : 45,
            "7372800" : 41,
            "7438336" : 25,
            "7503872" : 34,
            "7569408" : 27,
            "7634944" : 36,
            "7700480" : 56,
            "7766016" : 25,
            "7831552" : 4,
            "7897088" : 14,
            "7962624" : 15,
            "8028160" : 13,
            "8093696" : 17,
            "8159232" : 24,
            "8224768" : 19,
            "8290304" : 26,
            "8355840" : 28,
            "8454144" : 36,
            "8585216" : 19,
            "8716288" : 31,
            "8847360" : 5,
            "8978432" : 10,
            "9109504" : 3,
            "9764864" : 1,
            "10158080" : 1,
            "10289152" : 1,
            "10420224" : 1,
            "10813440" : 2,
            "11599872" : 1,
            "11730944" : 3,
            "11862016" : 11,
            "11993088" : 23,
            "12124160" : 32,
            "12255232" : 58,
            "12386304" : 92,
            "12517376" : 115,
            "12648448" : 149,
            "12779520" : 294,
            "12910592" : 814,
            "13041664" : 2132,
            "13172736" : 5836,
            "13303808" : 15371,
            "13434880" : 32788,
            "13565952" : 57630,
            "13697024" : 76574,
            "13828096" : 83837,
            "13959168" : 82320,
            "14090240" : 81965,
            "14221312" : 83245,
            "14352384" : 85026,
            "14483456" : 82578,
            "14614528" : 73215,
            "14745600" : 63851,
            "14876672" : 57790,
            "15007744" : 55673,
            "15138816" : 52600,
            "15269888" : 48567,
            "15400960" : 44272,
            "15532032" : 40152,
            "15663104" : 35656,
            "15794176" : 31844,
            "15925248" : 27585,
            "16056320" : 21704,
            "16187392" : 16340,
            "16318464" : 12120,
            "16449536" : 8899,
            "16580608" : 6362,
            "16711680" : 5195,
            "16908288" : 6797,
            "17170432" : 4794,
            "17432576" : 3014,
            "17694720" : 1804,
            "17956864" : 908,
            "18219008" : 404,
            "18481152" : 168,
            "18743296" : 98,
            "19005440" : 81,
            "19267584" : 75,
            "19529728" : 45,
            "19791872" : 49,
            "20054016" : 65,
            "20316160" : 65,
            "20578304" : 101,
            "20840448" : 90,
            "21102592" : 101,
            "21364736" : 113,
            "21626880" : 80,
            "21889024" : 85,
            "22151168" : 86,
            "22413312" : 77,
            "22675456" : 34,
            "22937600" : 29,
            "23199744" : 14,
            "23461888" : 5,
            "23724032" : 6,
            "23986176" : 2,
            "24248320" : 5,
            "24510464" : 6,
            "24772608" : 7,
            "25034752" : 12,
            "25296896" : 12,
            "25559040" : 19,
            "25821184" : 22,
            "26083328" : 62,
            "26345472" : 91,
            "26607616" : 154,
            "26869760" : 260,
            "27131904" : 808,
            "27394048" : 2385,
            "27656192" : 4405,
            "27918336" : 3146,
            "28180480" : 1479,
            "28442624" : 1260,
            "28704768" : 1354,
            "28966912" : 1339,
            "29229056" : 1147,
            "29491200" : 652,
            "29753344" : 437,
            "30015488" : 314,
            "30277632" : 257,
            "30539776" : 266,
            "30801920" : 321,
            "31064064" : 342,
            "31326208" : 437,
            "31588352" : 542,
            "31850496" : 702,
            "32112640" : 879,
            "32374784" : 1059,
            "32636928" : 1482,
            "32899072" : 1840,
            "33161216" : 2340,
            "33423360" : 3101,